date,restaurant_id,restaurant_type,menu_item_name,meal_type,key_ingredients_tags,typical_ingredient_cost,observed_market_price,actual_selling_price,quantity_sold,has_promotion,special_event,weather_condition
2024-01-01,1,Food Stall,Cendol,Lunch,"rice flour jelly, coconut milk, palm sugar, red beans",2.0,4.8,6.72,409,0,0,Sunny
2024-01-01,1,Food Stall,Kaya Toast Set,Breakfast,"white bread, kaya, butter, soft-boiled eggs",2.8,5.1,9.71,347,0,0,Rainy
2024-01-01,2,Food Stall,Roti Canai,Dinner,"flour, ghee, egg, water, curry",0.8,1.9,1.81,847,1,0,Sunny
2024-01-01,2,Food Stall,Tandoori Chicken,Dinner,"chicken, yogurt, tandoori masala, ginger, garlic",7.0,17.58,27.2,176,0,0,Cloudy
2024-01-01,3,Cafe,Iced Lemon Tea,Lunch,"black tea, lemon, sugar syrup",1.2,4.89,5.14,714,0,0,Sunny
2024-01-01,3,Cafe,Spaghetti Carbonara,Lunch,"spaghetti, eggs, cheese, beef bacon, black pepper",9.0,34.64,36.95,237,0,0,Rainy
2024-01-01,5,Cafe,Mushroom Soup,Dinner,"mushrooms, cream, onion, garlic, vegetable broth",3.5,12.68,19.43,73,0,1,Cloudy
2024-01-01,7,Casual Dining,Spaghetti Carbonara,Dinner,"spaghetti, eggs, cheese, beef bacon, black pepper",9.0,26.64,60.46,105,0,0,Sunny
2024-01-01,11,Food Stall,Laksa,Lunch,"rice noodles, fish broth, tamarind, shrimp paste, cucumber, mint",4.5,10.59,12.48,361,0,0,Sunny
2024-01-01,17,Food Stall,Cendol,Dinner,"rice flour jelly, coconut milk, palm sugar, red beans",2.0,5.39,5.36,278,0,0,Cloudy
2024-01-01,22,Food Stall,Roti Canai,Dinner,"flour, ghee, egg, water, curry",0.8,2.04,2.48,503,0,0,Sunny
2024-01-01,23,Fine Dining,Beef Rendang,Dinner,"beef, coconut milk, galangal, lemongrass, spices, chili",9.0,49.42,80.15,36,0,0,Rainy
2024-01-01,27,Food Stall,Tandoori Chicken,Dinner,"chicken, yogurt, tandoori masala, ginger, garlic",7.0,15.68,14.6,410,1,0,Cloudy
2024-01-01,28,Fine Dining,Nasi Lemak,Breakfast,"rice, coconut milk, sambal, anchovies, egg, peanuts",2.5,11.92,16.75,315,0,0,Sunny
2024-01-01,29,Food Stall,Char Kway Teow,Dinner,"flat rice noodles, prawns, cockles, bean sprouts, chives, soy sauce",5.0,11.05,16.9,236,0,0,Cloudy
2024-01-01,29,Food Stall,Chicken Rice,Dinner,"chicken, rice, ginger, garlic, chili sauce, cucumber",4.0,9.19,12.15,344,0,0,Cloudy
2024-01-01,30,Cafe,Iced Lemon Tea,Breakfast,"black tea, lemon, sugar syrup",1.2,4.67,3.45,649,1,0,Sunny
2024-01-01,30,Cafe,Teh Tarik,Dinner,"black tea, condensed milk, evaporated milk",0.9,3.23,3.54,412,0,0,Cloudy
2024-01-01,32,Fine Dining,Spaghetti Carbonara,Lunch,"spaghetti, eggs, cheese, beef bacon, black pepper",9.0,40.3,55.54,262,0,0,Rainy
2024-01-01,40,Food Stall,Kaya Toast Set,Breakfast,"white bread, kaya, butter, soft-boiled eggs",2.8,5.44,8.18,625,0,0,Sunny
2024-01-01,41,Cafe,Spaghetti Carbonara,Dinner,"spaghetti, eggs, cheese, beef bacon, black pepper",9.0,31.79,49.14,76,0,0,Cloudy
2024-01-01,42,Fine Dining,Spaghetti Carbonara,Dinner,"spaghetti, eggs, cheese, beef bacon, black pepper",9.0,40.64,56.82,143,0,0,Sunny
2024-01-01,46,Casual Dining,Chicken Chop,Lunch,"chicken thigh, black pepper sauce, fries, coleslaw",8.0,28.2,39.31,270,0,0,Cloudy
2024-01-01,49,Kopitiam,Kaya Toast Set,Breakfast,"white bread, kaya, butter, soft-boiled eggs",2.8,7.38,8.2,651,0,0,Rainy
2024-01-02,2,Food Stall,Roti Canai,Dinner,"flour, ghee, egg, water, curry",0.8,2.13,1.6,524,1,1,Cloudy
2024-01-02,3,Cafe,Chicken Chop,Dinner,"chicken thigh, black pepper sauce, fries, coleslaw",8.0,28.43,23.57,236,1,0,Cloudy
2024-01-02,3,Cafe,Mushroom Soup,Lunch,"mushrooms, cream, onion, garlic, vegetable broth",3.5,12.49,20.13,20,0,0,Sunny
2024-01-02,3,Cafe,Spaghetti Carbonara,Dinner,"spaghetti, eggs, cheese, beef bacon, black pepper",9.0,33.81,41.11,12,0,0,Sunny
2024-01-02,5,Cafe,Cendol,Dinner,"rice flour jelly, coconut milk, palm sugar, red beans",2.0,7.08,10.74,120,0,0,Sunny
2024-01-02,6,Fine Dining,Chicken Chop,Lunch,"chicken thigh, black pepper sauce, fries, coleslaw",8.0,36.95,71.87,94,0,0,Sunny
2024-01-02,6,Fine Dining,Mushroom Soup,Dinner,"mushrooms, cream, onion, garlic, vegetable broth",3.5,15.08,29.28,30,0,0,Sunny
2024-01-02,8,Casual Dining,Mushroom Soup,Lunch,"mushrooms, cream, onion, garlic, vegetable broth",3.5,10.52,20.21,88,0,0,Rainy
2024-01-02,10,Fine Dining,Beef Rendang,Lunch,"beef, coconut milk, galangal, lemongrass, spices, chili",9.0,36.42,60.28,241,0,0,Rainy
2024-01-02,11,Food Stall,Teh Tarik,Lunch,"black tea, condensed milk, evaporated milk",0.9,2.18,2.46,385,0,0,Cloudy
2024-01-02,13,Food Stall,Nasi Lemak,Lunch,"rice, coconut milk, sambal, anchovies, egg, peanuts",2.5,5.55,7.91,350,0,0,Sunny
2024-01-02,13,Food Stall,Nasi Lemak,Breakfast,"rice, coconut milk, sambal, anchovies, egg, peanuts",2.5,6.1,8.55,259,0,0,Cloudy
2024-01-02,14,Food Stall,Kaya Toast Set,Breakfast,"white bread, kaya, butter, soft-boiled eggs",2.8,6.57,9.57,416,0,0,Cloudy
2024-01-02,15,Food Stall,Cendol,Dinner,"rice flour jelly, coconut milk, palm sugar, red beans",2.0,3.61,7.35,186,0,0,Rainy
2024-01-02,18,Food Stall,Roti Canai,Dinner,"flour, ghee, egg, water, curry",0.8,2.09,2.06,711,1,0,Sunny
2024-01-02,18,Food Stall,Roti Canai,Dinner,"flour, ghee, egg, water, curry",0.8,1.88,2.2,301,0,0,Sunny
2024-01-02,19,Casual Dining,Kaya Toast Set,Breakfast,"white bread, kaya, butter, soft-boiled eggs",2.8,7.63,11.9,294,0,0,Sunny
2024-01-02,19,Casual Dining,Kaya Toast Set,Breakfast,"white bread, kaya, butter, soft-boiled eggs",2.8,9.51,12.94,389,0,0,Cloudy
2024-01-02,20,Casual Dining,Cendol,Lunch,"rice flour jelly, coconut milk, palm sugar, red beans",2.0,5.45,11.22,172,0,0,Rainy
2024-01-02,22,Food Stall,Tandoori Chicken,Dinner,"chicken, yogurt, tandoori masala, ginger, garlic",7.0,17.48,31.53,0,0,0,Sunny
2024-01-02,22,Food Stall,Tandoori Chicken,Dinner,"chicken, yogurt, tandoori masala, ginger, garlic",7.0,17.36,13.38,318,1,0,Sunny
2024-01-02,31,Food Stall,Laksa,Lunch,"rice noodles, fish broth, tamarind, shrimp paste, cucumber, mint",4.5,10.84,20.42,73,0,0,Sunny
2024-01-02,33,Cafe,Mushroom Soup,Lunch,"mushrooms, cream, onion, garlic, vegetable broth",3.5,13.43,17.73,59,0,0,Cloudy
2024-01-02,33,Cafe,Teh Tarik,Lunch,"black tea, condensed milk, evaporated milk",0.9,2.81,3.16,385,0,0,Cloudy
2024-01-02,39,Casual Dining,Chicken Chop,Lunch,"chicken thigh, black pepper sauce, fries, coleslaw",8.0,22.02,47.06,143,0,0,Cloudy
2024-01-02,40,Food Stall,Beef Rendang,Dinner,"beef, coconut milk, galangal, lemongrass, spices, chili",9.0,22.08,33.39,1,0,0,Sunny
2024-01-02,41,Cafe,Iced Lemon Tea,Dinner,"black tea, lemon, sugar syrup",1.2,4.33,4.87,357,0,0,Sunny
2024-01-02,42,Fine Dining,Beef Rendang,Dinner,"beef, coconut milk, galangal, lemongrass, spices, chili",9.0,51.38,66.88,126,0,0,Cloudy
2024-01-02,42,Fine Dining,Nasi Lemak,Lunch,"rice, coconut milk, sambal, anchovies, egg, peanuts",2.5,13.47,10.89,238,1,0,Sunny
2024-01-02,44,Food Stall,Cendol,Lunch,"rice flour jelly, coconut milk, palm sugar, red beans",2.0,5.23,5.63,353,0,0,Cloudy
2024-01-02,44,Food Stall,Kaya Toast Set,Breakfast,"white bread, kaya, butter, soft-boiled eggs",2.8,5.7,9.24,356,0,0,Rainy
2024-01-02,47,Food Stall,Cendol,Dinner,"rice flour jelly, coconut milk, palm sugar, red beans",2.0,4.81,7.02,190,0,0,Sunny
2024-01-02,49,Kopitiam,Cendol,Dinner,"rice flour jelly, coconut milk, palm sugar, red beans",2.0,5.7,6.77,220,0,0,Cloudy
2024-01-02,50,Food Stall,Tandoori Chicken,Dinner,"chicken, yogurt, tandoori masala, ginger, garlic",7.0,15.26,26.91,0,0,0,Cloudy
2024-01-03,6,Fine Dining,Mushroom Soup,Lunch,"mushrooms, cream, onion, garlic, vegetable broth",3.5,15.14,22.46,210,0,0,Sunny
2024-01-03,6,Fine Dining,Spaghetti Carbonara,Dinner,"spaghetti, eggs, cheese, beef bacon, black pepper",9.0,45.72,61.65,92,0,0,Sunny
2024-01-03,8,Casual Dining,Kaya Toast Set,Breakfast,"white bread, kaya, butter, soft-boiled eggs",2.8,8.49,15.34,232,0,0,Rainy
2024-01-03,11,Food Stall,Laksa,Lunch,"rice noodles, fish broth, tamarind, shrimp paste, cucumber, mint",4.5,9.08,13.76,263,0,0,Cloudy
2024-01-03,16,Food Stall,Tandoori Chicken,Dinner,"chicken, yogurt, tandoori masala, ginger, garlic",7.0,14.28,27.15,99,0,0,Cloudy
2024-01-03,18,Food Stall,Tandoori Chicken,Dinner,"chicken, yogurt, tandoori masala, ginger, garlic",7.0,14.38,24.66,181,0,0,Sunny
2024-01-03,19,Casual Dining,Teh Tarik,Lunch,"black tea, condensed milk, evaporated milk",0.9,2.99,3.79,496,0,0,Rainy
2024-01-03,20,Casual Dining,Cendol,Dinner,"rice flour jelly, coconut milk, palm sugar, red beans",2.0,5.1,11.45,119,0,0,Cloudy
2024-01-03,22,Food Stall,Roti Canai,Dinner,"flour, ghee, egg, water, curry",0.8,1.62,1.73,673,1,1,Cloudy
2024-01-03,23,Fine Dining,Beef Rendang,Lunch,"beef, coconut milk, galangal, lemongrass, spices, chili",9.0,44.46,74.97,23,0,0,Rainy
2024-01-03,23,Fine Dining,Beef Rendang,Dinner,"beef, coconut milk, galangal, lemongrass, spices, chili",9.0,42.29,73.42,113,0,0,Sunny
2024-01-03,25,Fine Dining,Beef Rendang,Dinner,"beef, coconut milk, galangal, lemongrass, spices, chili",9.0,41.75,62.39,103,1,0,Rainy
2024-01-03,28,Fine Dining,Nasi Lemak,Breakfast,"rice, coconut milk, sambal, anchovies, egg, peanuts",2.5,12.98,12.19,503,1,0,Sunny
2024-01-03,38,Fine Dining,Beef Rendang,Lunch,"beef, coconut milk, galangal, lemongrass, spices, chili",9.0,49.12,53.04,148,1,0,Sunny
2024-01-03,40,Food Stall,Cendol,Dinner,"rice flour jelly, coconut milk, palm sugar, red beans",2.0,3.75,8.38,64,0,0,Sunny
2024-01-03,44,Food Stall,Laksa,Lunch,"rice noodles, fish broth, tamarind, shrimp paste, cucumber, mint",4.5,12.65,14.06,192,0,0,Sunny
2024-01-03,46,Casual Dining,Cendol,Dinner,"rice flour jelly, coconut milk, palm sugar, red beans",2.0,6.72,9.66,274,0,0,Rainy
2024-01-03,46,Casual Dining,Spaghetti Carbonara,Lunch,"spaghetti, eggs, cheese, beef bacon, black pepper",9.0,24.51,53.13,148,0,0,Sunny
2024-01-03,50,Food Stall,Roti Canai,Breakfast,"flour, ghee, egg, water, curry",0.8,1.74,2.92,239,0,0,Sunny
2024-01-04,2,Food Stall,Roti Canai,Breakfast,"flour, ghee, egg, water, curry",0.8,1.95,2.21,435,0,0,Cloudy
2024-01-04,2,Food Stall,Tandoori Chicken,Dinner,"chicken, yogurt, tandoori masala, ginger, garlic",7.0,15.98,24.27,172,0,0,Sunny
2024-01-04,5,Cafe,Iced Lemon Tea,Lunch,"black tea, lemon, sugar syrup",1.2,3.73,5.86,226,0,0,Sunny
2024-01-04,10,Fine Dining,Chicken Chop,Dinner,"chicken thigh, black pepper sauce, fries, coleslaw",8.0,40.62,49.74,191,0,0,Cloudy
2024-01-04,10,Fine Dining,Iced Lemon Tea,Breakfast,"black tea, lemon, sugar syrup",1.2,6.84,8.44,141,0,0,Cloudy
2024-01-04,11,Food Stall,Cendol,Dinner,"rice flour jelly, coconut milk, palm sugar, red beans",2.0,5.1,6.9,192,0,0,Sunny
2024-01-04,13,Food Stall,Cendol,Lunch,"rice flour jelly, coconut milk, palm sugar, red beans",2.0,4.89,7.04,279,0,0,Sunny
2024-01-04,13,Food Stall,Nasi Lemak,Lunch,"rice, coconut milk, sambal, anchovies, egg, peanuts",2.5,4.47,7.31,346,0,0,Sunny
2024-01-04,13,Food Stall,Teh Tarik,Lunch,"black tea, condensed milk, evaporated milk",0.9,1.8,2.43,506,0,0,Sunny
2024-01-04,19,Casual Dining,Cendol,Lunch,"rice flour jelly, coconut milk, palm sugar, red beans",2.0,6.74,11.23,218,0,0,Cloudy
2024-01-04,20,Casual Dining,Teh Tarik,Dinner,"black tea, condensed milk, evaporated milk",0.9,2.64,4.22,577,0,0,Sunny
2024-01-04,23,Fine Dining,Beef Rendang,Lunch,"beef, coconut milk, galangal, lemongrass, spices, chili",9.0,44.7,68.43,194,0,0,Cloudy
2024-01-04,23,Fine Dining,Mushroom Soup,Dinner,"mushrooms, cream, onion, garlic, vegetable broth",3.5,18.5,26.95,73,0,0,Cloudy
2024-01-04,23,Fine Dining,Nasi Lemak,Lunch,"rice, coconut milk, sambal, anchovies, egg, peanuts",2.5,11.46,9.51,477,1,0,Sunny
2024-01-04,26,Food Stall,Nasi Lemak,Lunch,"rice, coconut milk, sambal, anchovies, egg, peanuts",2.5,5.47,7.74,259,0,0,Sunny
2024-01-04,30,Cafe,Cendol,Dinner,"rice flour jelly, coconut milk, palm sugar, red beans",2.0,6.35,7.92,359,0,1,Sunny
2024-01-04,30,Cafe,Cendol,Lunch,"rice flour jelly, coconut milk, palm sugar, red beans",2.0,5.79,6.65,425,1,0,Sunny
2024-01-04,32,Fine Dining,Mushroom Soup,Dinner,"mushrooms, cream, onion, garlic, vegetable broth",3.5,13.64,28.55,0,0,0,Cloudy
2024-01-04,33,Cafe,Cendol,Lunch,"rice flour jelly, coconut milk, palm sugar, red beans",2.0,6.7,9.42,231,0,0,Rainy
2024-01-04,34,Casual Dining,Char Kway Teow,Lunch,"flat rice noodles, prawns, cockles, bean sprouts, chives, soy sauce",5.0,14.73,28.49,207,0,0,Sunny
2024-01-04,39,Casual Dining,Beef Rendang,Dinner,"beef, coconut milk, galangal, lemongrass, spices, chili",9.0,31.28,46.56,0,0,0,Cloudy
2024-01-04,39,Casual Dining,Kaya Toast Set,Breakfast,"white bread, kaya, butter, soft-boiled eggs",2.8,8.14,11.21,619,1,0,Sunny
2024-01-04,44,Food Stall,Laksa,Lunch,"rice noodles, fish broth, tamarind, shrimp paste, cucumber, mint",4.5,9.21,14.53,270,0,0,Sunny
2024-01-04,44,Food Stall,Teh Tarik,Breakfast,"black tea, condensed milk, evaporated milk",0.9,1.87,2.81,497,0,0,Sunny
2024-01-04,47,Food Stall,Laksa,Lunch,"rice noodles, fish broth, tamarind, shrimp paste, cucumber, mint",4.5,8.86,15.33,178,0,0,Sunny
2024-01-04,48,Casual Dining,Kaya Toast Set,Breakfast,"white bread, kaya, butter, soft-boiled eggs",2.8,9.42,14.13,338,0,0,Sunny
2024-01-04,50,Food Stall,Tandoori Chicken,Dinner,"chicken, yogurt, tandoori masala, ginger, garlic",7.0,13.95,24.04,53,0,0,Sunny
2024-01-04,50,Food Stall,Tandoori Chicken,Dinner,"chicken, yogurt, tandoori masala, ginger, garlic",7.0,14.13,23.99,129,0,0,Sunny
2024-01-05,1,Food Stall,Kaya Toast Set,Breakfast,"white bread, kaya, butter, soft-boiled eggs",2.8,6.02,6.6,726,1,0,Cloudy
2024-01-05,2,Food Stall,Roti Canai,Dinner,"flour, ghee, egg, water, curry",0.8,1.84,2.7,348,0,0,Sunny
2024-01-05,3,Cafe,Kaya Toast Set,Breakfast,"white bread, kaya, butter, soft-boiled eggs",2.8,11.24,9.99,430,0,0,Sunny
2024-01-05,4,Cafe,Teh Tarik,Lunch,"black tea, condensed milk, evaporated milk",0.9,2.88,3.62,439,0,0,Sunny
2024-01-05,4,Cafe,Teh Tarik,Dinner,"black tea, condensed milk, evaporated milk",0.9,3.42,3.89,226,0,0,Cloudy
2024-01-05,5,Cafe,Iced Lemon Tea,Breakfast,"black tea, lemon, sugar syrup",1.2,3.59,4.29,340,0,0,Cloudy
2024-01-05,8,Casual Dining,Cendol,Dinner,"rice flour jelly, coconut milk, palm sugar, red beans",2.0,6.78,7.14,288,1,0,Rainy
2024-01-05,8,Casual Dining,Spaghetti Carbonara,Dinner,"spaghetti, eggs, cheese, beef bacon, black pepper",9.0,28.25,60.09,98,0,0,Sunny
2024-01-05,9,Casual Dining,Teh Tarik,Dinner,"black tea, condensed milk, evaporated milk",0.9,2.41,4.5,535,0,0,Sunny
2024-01-05,11,Food Stall,Laksa,Lunch,"rice noodles, fish broth, tamarind, shrimp paste, cucumber, mint",4.5,10.53,16.21,53,0,0,Sunny
2024-01-05,12,Cafe,Kaya Toast Set,Breakfast,"white bread, kaya, butter, soft-boiled eggs",2.8,8.51,12.26,229,0,0,Rainy
2024-01-05,12,Cafe,Kaya Toast Set,Breakfast,"white bread, kaya, butter, soft-boiled eggs",2.8,8.65,11.69,268,0,0,Sunny
2024-01-05,12,Cafe,Teh Tarik,Lunch,"black tea, condensed milk, evaporated milk",0.9,3.27,3.22,316,0,0,Cloudy
2024-01-05,13,Food Stall,Kaya Toast Set,Breakfast,"white bread, kaya, butter, soft-boiled eggs",2.8,7.08,9.9,280,0,0,Cloudy
2024-01-05,18,Food Stall,Roti Canai,Dinner,"flour, ghee, egg, water, curry",0.8,2.13,2.34,373,0,0,Sunny
2024-01-05,21,Casual Dining,Spaghetti Carbonara,Dinner,"spaghetti, eggs, cheese, beef bacon, black pepper",9.0,23.92,37.16,290,0,0,Sunny
2024-01-05,23,Fine Dining,Spaghetti Carbonara,Dinner,"spaghetti, eggs, cheese, beef bacon, black pepper",9.0,51.96,76.18,128,0,0,Cloudy
2024-01-05,25,Fine Dining,Beef Rendang,Lunch,"beef, coconut milk, galangal, lemongrass, spices, chili",9.0,55.63,68.8,153,0,0,Sunny
2024-01-05,28,Fine Dining,Chicken Chop,Dinner,"chicken thigh, black pepper sauce, fries, coleslaw",8.0,45.43,68.49,40,0,0,Sunny
2024-01-05,28,Fine Dining,Mushroom Soup,Lunch,"mushrooms, cream, onion, garlic, vegetable broth",3.5,18.72,30.56,6,0,0,Sunny
2024-01-05,34,Casual Dining,Teh Tarik,Lunch,"black tea, condensed milk, evaporated milk",0.9,2.56,4.13,615,0,0,Sunny
2024-01-05,36,Food Stall,Tandoori Chicken,Dinner,"chicken, yogurt, tandoori masala, ginger, garlic",7.0,13.35,24.16,59,0,0,Cloudy
2024-01-05,37,Food Stall,Cendol,Lunch,"rice flour jelly, coconut milk, palm sugar, red beans",2.0,3.83,7.59,35,0,0,Rainy
2024-01-05,37,Food Stall,Char Kway Teow,Dinner,"flat rice noodles, prawns, cockles, bean sprouts, chives, soy sauce",5.0,11.92,22.36,42,0,0,Sunny
2024-01-05,37,Food Stall,Teh Tarik,Breakfast,"black tea, condensed milk, evaporated milk",0.9,1.78,3.16,309,0,0,Rainy
2024-01-05,38,Fine Dining,Beef Rendang,Dinner,"beef, coconut milk, galangal, lemongrass, spices, chili",9.0,44.16,63.52,0,0,0,Sunny
2024-01-05,43,Casual Dining,Mushroom Soup,Lunch,"mushrooms, cream, onion, garlic, vegetable broth",3.5,11.24,22.87,86,0,0,Sunny
2024-01-05,50,Food Stall,Tandoori Chicken,Dinner,"chicken, yogurt, tandoori masala, ginger, garlic",7.0,13.97,29.45,0,0,0,Sunny
2024-01-06,4,Cafe,Kaya Toast Set,Breakfast,"white bread, kaya, butter, soft-boiled eggs",2.8,11.07,9.61,526,0,0,Sunny
2024-01-06,9,Casual Dining,Chicken Chop,Lunch,"chicken thigh, black pepper sauce, fries, coleslaw",8.0,23.13,46.47,176,0,0,Sunny
2024-01-06,10,Fine Dining,Beef Rendang,Dinner,"beef, coconut milk, galangal, lemongrass, spices, chili",9.0,42.09,66.97,67,0,0,Sunny
2024-01-06,10,Fine Dining,Nasi Lemak,Breakfast,"rice, coconut milk, sambal, anchovies, egg, peanuts",2.5,14.93,14.41,407,0,0,Rainy
2024-01-06,12,Cafe,Beef Rendang,Dinner,"beef, coconut milk, galangal, lemongrass, spices, chili",9.0,34.33,36.17,176,0,0,Cloudy
2024-01-06,13,Food Stall,Teh Tarik,Dinner,"black tea, condensed milk, evaporated milk",0.9,1.94,2.87,551,0,0,Sunny
2024-01-06,16,Food Stall,Roti Canai,Dinner,"flour, ghee, egg, water, curry",0.8,1.63,2.11,407,0,0,Sunny
2024-01-06,16,Food Stall,Tandoori Chicken,Dinner,"chicken, yogurt, tandoori masala, ginger, garlic",7.0,13.9,16.05,357,1,0,Sunny
2024-01-06,19,Casual Dining,Teh Tarik,Breakfast,"black tea, condensed milk, evaporated milk",0.9,2.95,4.54,836,0,0,Sunny
2024-01-06,20,Casual Dining,Spaghetti Carbonara,Lunch,"spaghetti, eggs, cheese, beef bacon, black pepper",9.0,30.01,62.08,106,0,0,Cloudy
2024-01-06,29,Food Stall,Kaya Toast Set,Breakfast,"white bread, kaya, butter, soft-boiled eggs",2.8,5.03,4.94,799,1,0,Sunny
2024-01-06,32,Fine Dining,Iced Lemon Tea,Dinner,"black tea, lemon, sugar syrup",1.2,4.68,5.14,751,1,0,Rainy
2024-01-06,34,Casual Dining,Cendol,Dinner,"rice flour jelly, coconut milk, palm sugar, red beans",2.0,6.18,10.0,144,0,0,Cloudy
2024-01-06,34,Casual Dining,Char Kway Teow,Lunch,"flat rice noodles, prawns, cockles, bean sprouts, chives, soy sauce",5.0,14.59,25.34,199,0,0,Sunny
2024-01-06,35,Food Stall,Chicken Rice,Lunch,"chicken, rice, ginger, garlic, chili sauce, cucumber",4.0,7.48,12.4,230,0,0,Sunny
2024-01-06,36,Food Stall,Tandoori Chicken,Dinner,"chicken, yogurt, tandoori masala, ginger, garlic",7.0,16.28,27.49,133,0,0,Sunny
2024-01-06,37,Food Stall,Cendol,Lunch,"rice flour jelly, coconut milk, palm sugar, red beans",2.0,4.82,6.32,337,0,0,Rainy
2024-01-06,37,Food Stall,Teh Tarik,Breakfast,"black tea, condensed milk, evaporated milk",0.9,1.95,2.57,896,0,0,Sunny
2024-01-06,40,Food Stall,Cendol,Lunch,"rice flour jelly, coconut milk, palm sugar, red beans",2.0,4.62,6.81,395,0,1,Cloudy
2024-01-06,45,Food Stall,Cendol,Dinner,"rice flour jelly, coconut milk, palm sugar, red beans",2.0,3.95,3.6,599,1,0,Rainy
2024-01-06,45,Food Stall,Kaya Toast Set,Breakfast,"white bread, kaya, butter, soft-boiled eggs",2.8,5.3,8.18,531,0,0,Sunny
2024-01-06,47,Food Stall,Laksa,Lunch,"rice noodles, fish broth, tamarind, shrimp paste, cucumber, mint",4.5,12.71,15.8,68,0,0,Rainy
2024-01-06,49,Kopitiam,Char Kway Teow,Lunch,"flat rice noodles, prawns, cockles, bean sprouts, chives, soy sauce",5.0,14.29,21.43,202,0,0,Cloudy
2024-01-06,50,Food Stall,Roti Canai,Breakfast,"flour, ghee, egg, water, curry",0.8,1.59,2.35,610,0,0,Sunny
2024-01-07,6,Fine Dining,Chicken Chop,Lunch,"chicken thigh, black pepper sauce, fries, coleslaw",8.0,34.97,43.6,283,0,0,Sunny
2024-01-07,7,Casual Dining,Mushroom Soup,Dinner,"mushrooms, cream, onion, garlic, vegetable broth",3.5,9.18,19.85,68,0,0,Cloudy
2024-01-07,9,Casual Dining,Beef Rendang,Lunch,"beef, coconut milk, galangal, lemongrass, spices, chili",9.0,23.86,41.77,241,0,0,Rainy
2024-01-07,12,Cafe,Nasi Lemak,Breakfast,"rice, coconut milk, sambal, anchovies, egg, peanuts",2.5,10.52,10.08,468,0,0,Sunny
2024-01-07,13,Food Stall,Kaya Toast Set,Breakfast,"white bread, kaya, butter, soft-boiled eggs",2.8,6.35,8.03,418,0,0,Rainy
2024-01-07,14,Food Stall,Kaya Toast Set,Breakfast,"white bread, kaya, butter, soft-boiled eggs",2.8,6.61,6.03,762,1,1,Rainy
2024-01-07,15,Food Stall,Kaya Toast Set,Breakfast,"white bread, kaya, butter, soft-boiled eggs",2.8,5.89,9.21,500,0,0,Sunny
2024-01-07,16,Food Stall,Roti Canai,Breakfast,"flour, ghee, egg, water, curry",0.8,1.55,2.14,601,0,0,Sunny
2024-01-07,16,Food Stall,Roti Canai,Breakfast,"flour, ghee, egg, water, curry",0.8,1.73,2.62,472,0,0,Sunny
2024-01-07,18,Food Stall,Tandoori Chicken,Dinner,"chicken, yogurt, tandoori masala, ginger, garlic",7.0,17.59,17.54,300,1,0,Sunny
2024-01-07,23,Fine Dining,Beef Rendang,Lunch,"beef, coconut milk, galangal, lemongrass, spices, chili",9.0,36.1,82.38,107,0,0,Rainy
2024-01-07,23,Fine Dining,Chicken Chop,Lunch,"chicken thigh, black pepper sauce, fries, coleslaw",8.0,34.94,36.98,498,1,0,Cloudy
2024-01-07,23,Fine Dining,Spaghetti Carbonara,Lunch,"spaghetti, eggs, cheese, beef bacon, black pepper",9.0,47.21,75.55,39,0,0,Rainy
2024-01-07,25,Fine Dining,Beef Rendang,Lunch,"beef, coconut milk, galangal, lemongrass, spices, chili",9.0,49.08,63.62,0,0,0,Sunny
2024-01-07,25,Fine Dining,Nasi Lemak,Lunch,"rice, coconut milk, sambal, anchovies, egg, peanuts",2.5,11.01,12.74,408,0,0,Sunny
2024-01-07,28,Fine Dining,Iced Lemon Tea,Breakfast,"black tea, lemon, sugar syrup",1.2,5.82,7.26,617,0,0,Sunny
2024-01-07,28,Fine Dining,Iced Lemon Tea,Dinner,"black tea, lemon, sugar syrup",1.2,5.38,7.23,301,0,0,Rainy
2024-01-07,28,Fine Dining,Nasi Lemak,Lunch,"rice, coconut milk, sambal, anchovies, egg, peanuts",2.5,10.22,16.76,421,0,0,Cloudy
2024-01-07,32,Fine Dining,Mushroom Soup,Lunch,"mushrooms, cream, onion, garlic, vegetable broth",3.5,13.88,28.99,106,0,0,Cloudy
2024-01-07,33,Cafe,Kaya Toast Set,Breakfast,"white bread, kaya, butter, soft-boiled eggs",2.8,7.96,10.17,431,0,1,Sunny
2024-01-07,35,Food Stall,Char Kway Teow,Dinner,"flat rice noodles, prawns, cockles, bean sprouts, chives, soy sauce",5.0,11.01,13.04,252,1,0,Rainy
2024-01-07,35,Food Stall,Char Kway Teow,Dinner,"flat rice noodles, prawns, cockles, bean sprouts, chives, soy sauce",5.0,9.37,19.51,165,0,0,Cloudy
2024-01-07,35,Food Stall,Teh Tarik,Breakfast,"black tea, condensed milk, evaporated milk",0.9,1.83,2.78,743,0,0,Cloudy
2024-01-07,36,Food Stall,Roti Canai,Dinner,"flour, ghee, egg, water, curry",0.8,1.84,2.55,265,0,0,Rainy
2024-01-07,39,Casual Dining,Teh Tarik,Lunch,"black tea, condensed milk, evaporated milk",0.9,3.03,3.9,638,0,0,Sunny
2024-01-07,42,Fine Dining,Nasi Lemak,Lunch,"rice, coconut milk, sambal, anchovies, egg, peanuts",2.5,13.58,12.69,444,0,0,Sunny
2024-01-07,43,Casual Dining,Mushroom Soup,Lunch,"mushrooms, cream, onion, garlic, vegetable broth",3.5,9.56,18.36,25,0,0,Rainy
2024-01-07,45,Food Stall,Cendol,Lunch,"rice flour jelly, coconut milk, palm sugar, red beans",2.0,4.0,6.33,361,0,0,Cloudy
2024-01-07,46,Casual Dining,Spaghetti Carbonara,Lunch,"spaghetti, eggs, cheese, beef bacon, black pepper",9.0,26.19,29.33,273,1,0,Sunny
2024-01-07,48,Casual Dining,Char Kway Teow,Dinner,"flat rice noodles, prawns, cockles, bean sprouts, chives, soy sauce",5.0,16.03,31.2,100,0,0,Cloudy
2024-01-07,49,Kopitiam,Cendol,Dinner,"rice flour jelly, coconut milk, palm sugar, red beans",2.0,5.63,7.03,148,0,0,Sunny
2024-01-08,5,Cafe,Teh Tarik,Dinner,"black tea, condensed milk, evaporated milk",0.9,2.52,4.03,376,0,0,Rainy
2024-01-08,7,Casual Dining,Teh Tarik,Dinner,"black tea, condensed milk, evaporated milk",0.9,2.32,3.79,321,0,0,Cloudy
2024-01-08,9,Casual Dining,Kaya Toast Set,Breakfast,"white bread, kaya, butter, soft-boiled eggs",2.8,8.99,12.59,437,0,0,Sunny
2024-01-08,16,Food Stall,Tandoori Chicken,Dinner,"chicken, yogurt, tandoori masala, ginger, garlic",7.0,14.49,25.2,0,0,0,Sunny
2024-01-08,21,Casual Dining,Spaghetti Carbonara,Dinner,"spaghetti, eggs, cheese, beef bacon, black pepper",9.0,26.41,57.55,51,0,0,Cloudy
2024-01-08,22,Food Stall,Roti Canai,Breakfast,"flour, ghee, egg, water, curry",0.8,2.02,2.35,564,0,0,Cloudy
2024-01-08,22,Food Stall,Tandoori Chicken,Dinner,"chicken, yogurt, tandoori masala, ginger, garlic",7.0,17.82,13.65,207,1,0,Sunny
2024-01-08,22,Food Stall,Tandoori Chicken,Dinner,"chicken, yogurt, tandoori masala, ginger, garlic",7.0,13.59,24.86,0,0,0,Sunny
2024-01-08,22,Food Stall,Tandoori Chicken,Dinner,"chicken, yogurt, tandoori masala, ginger, garlic",7.0,16.96,30.75,0,0,0,Sunny
2024-01-08,27,Food Stall,Roti Canai,Dinner,"flour, ghee, egg, water, curry",0.8,1.47,2.91,85,0,0,Rainy
2024-01-08,29,Food Stall,Cendol,Dinner,"rice flour jelly, coconut milk, palm sugar, red beans",2.0,4.77,6.93,288,0,0,Sunny
2024-01-08,32,Fine Dining,Chicken Chop,Dinner,"chicken thigh, black pepper sauce, fries, coleslaw",8.0,41.78,62.74,156,0,0,Cloudy
2024-01-08,35,Food Stall,Teh Tarik,Breakfast,"black tea, condensed milk, evaporated milk",0.9,2.0,2.24,1545,1,0,Sunny
2024-01-08,42,Fine Dining,Spaghetti Carbonara,Lunch,"spaghetti, eggs, cheese, beef bacon, black pepper",9.0,38.45,73.99,111,0,0,Sunny
2024-01-08,43,Casual Dining,Kaya Toast Set,Breakfast,"white bread, kaya, butter, soft-boiled eggs",2.8,9.39,13.28,367,0,0,Sunny
2024-01-08,46,Casual Dining,Kaya Toast Set,Breakfast,"white bread, kaya, butter, soft-boiled eggs",2.8,9.65,9.91,518,1,0,Sunny
2024-01-08,47,Food Stall,Laksa,Lunch,"rice noodles, fish broth, tamarind, shrimp paste, cucumber, mint",4.5,10.16,13.88,142,0,0,Cloudy
2024-01-08,48,Casual Dining,Cendol,Dinner,"rice flour jelly, coconut milk, palm sugar, red beans",2.0,6.13,7.08,240,1,0,Cloudy
2024-01-08,49,Kopitiam,Kaya Toast Set,Breakfast,"white bread, kaya, butter, soft-boiled eggs",2.8,8.01,10.31,481,0,0,Sunny
2024-01-09,6,Fine Dining,Mushroom Soup,Dinner,"mushrooms, cream, onion, garlic, vegetable broth",3.5,14.08,27.87,0,0,0,Sunny
2024-01-09,9,Casual Dining,Iced Lemon Tea,Lunch,"black tea, lemon, sugar syrup",1.2,3.38,6.37,168,0,0,Cloudy
2024-01-09,9,Casual Dining,Mushroom Soup,Dinner,"mushrooms, cream, onion, garlic, vegetable broth",3.5,10.14,19.12,198,0,0,Rainy
2024-01-09,9,Casual Dining,Teh Tarik,Dinner,"black tea, condensed milk, evaporated milk",0.9,2.5,4.99,195,0,0,Rainy
2024-01-09,11,Food Stall,Cendol,Lunch,"rice flour jelly, coconut milk, palm sugar, red beans",2.0,4.16,7.99,18,0,1,Rainy
2024-01-09,13,Food Stall,Nasi Lemak,Lunch,"rice, coconut milk, sambal, anchovies, egg, peanuts",2.5,4.73,11.47,109,0,0,Sunny
2024-01-09,14,Food Stall,Cendol,Lunch,"rice flour jelly, coconut milk, palm sugar, red beans",2.0,3.9,6.1,210,0,0,Sunny
2024-01-09,14,Food Stall,Cendol,Lunch,"rice flour jelly, coconut milk, palm sugar, red beans",2.0,4.68,9.0,88,0,0,Rainy
2024-01-09,24,Casual Dining,Cendol,Lunch,"rice flour jelly, coconut milk, palm sugar, red beans",2.0,5.74,10.98,194,0,0,Cloudy
2024-01-09,25,Fine Dining,Iced Lemon Tea,Lunch,"black tea, lemon, sugar syrup",1.2,6.53,6.98,323,0,0,Sunny
2024-01-09,29,Food Stall,Char Kway Teow,Lunch,"flat rice noodles, prawns, cockles, bean sprouts, chives, soy sauce",5.0,11.08,19.51,25,0,0,Rainy
2024-01-09,30,Cafe,Beef Rendang,Lunch,"beef, coconut milk, galangal, lemongrass, spices, chili",9.0,32.82,48.57,60,0,0,Cloudy
2024-01-09,35,Food Stall,Cendol,Lunch,"rice flour jelly, coconut milk, palm sugar, red beans",2.0,4.91,6.69,131,0,0,Cloudy
2024-01-09,37,Food Stall,Cendol,Lunch,"rice flour jelly, coconut milk, palm sugar, red beans",2.0,3.74,8.58,73,0,0,Sunny
2024-01-09,38,Fine Dining,Spaghetti Carbonara,Dinner,"spaghetti, eggs, cheese, beef bacon, black pepper",9.0,41.74,72.89,75,0,0,Rainy
2024-01-09,41,Cafe,Chicken Chop,Lunch,"chicken thigh, black pepper sauce, fries, coleslaw",8.0,23.01,36.47,199,0,0,Cloudy
2024-01-09,43,Casual Dining,Chicken Chop,Lunch,"chicken thigh, black pepper sauce, fries, coleslaw",8.0,23.3,41.16,363,0,0,Rainy
2024-01-09,45,Food Stall,Cendol,Dinner,"rice flour jelly, coconut milk, palm sugar, red beans",2.0,4.97,8.0,203,0,0,Sunny
2024-01-09,46,Casual Dining,Iced Lemon Tea,Breakfast,"black tea, lemon, sugar syrup",1.2,3.1,6.35,390,0,0,Rainy
2024-01-09,47,Food Stall,Kaya Toast Set,Breakfast,"white bread, kaya, butter, soft-boiled eggs",2.8,6.36,5.02,553,1,0,Sunny
2024-01-09,48,Casual Dining,Char Kway Teow,Lunch,"flat rice noodles, prawns, cockles, bean sprouts, chives, soy sauce",5.0,15.72,34.16,110,0,0,Sunny
2024-01-09,49,Kopitiam,Kaya Toast Set,Breakfast,"white bread, kaya, butter, soft-boiled eggs",2.8,6.79,8.27,449,0,0,Sunny
2024-01-10,3,Cafe,Beef Rendang,Lunch,"beef, coconut milk, galangal, lemongrass, spices, chili",9.0,33.25,43.17,135,0,0,Rainy
2024-01-10,3,Cafe,Kaya Toast Set,Breakfast,"white bread, kaya, butter, soft-boiled eggs",2.8,9.91,12.56,347,0,0,Sunny
2024-01-10,6,Fine Dining,Chicken Chop,Dinner,"chicken thigh, black pepper sauce, fries, coleslaw",8.0,44.21,45.12,193,1,0,Cloudy
2024-01-10,6,Fine Dining,Iced Lemon Tea,Dinner,"black tea, lemon, sugar syrup",1.2,4.97,8.95,174,0,0,Sunny
2024-01-10,8,Casual Dining,Teh Tarik,Breakfast,"black tea, condensed milk, evaporated milk",0.9,2.99,3.88,564,0,0,Sunny
2024-01-10,9,Casual Dining,Chicken Chop,Dinner,"chicken thigh, black pepper sauce, fries, coleslaw",8.0,22.28,33.33,248,0,0,Cloudy
2024-01-10,13,Food Stall,Kaya Toast Set,Breakfast,"white bread, kaya, butter, soft-boiled eggs",2.8,6.36,8.85,326,0,0,Sunny
2024-01-10,15,Food Stall,Beef Rendang,Dinner,"beef, coconut milk, galangal, lemongrass, spices, chili",9.0,19.56,41.29,96,0,0,Sunny
2024-01-10,16,Food Stall,Tandoori Chicken,Dinner,"chicken, yogurt, tandoori masala, ginger, garlic",7.0,16.47,31.45,0,0,0,Cloudy
2024-01-10,17,Food Stall,Laksa,Lunch,"rice noodles, fish broth, tamarind, shrimp paste, cucumber, mint",4.5,8.87,16.01,189,0,0,Cloudy
2024-01-10,18,Food Stall,Roti Canai,Dinner,"flour, ghee, egg, water, curry",0.8,1.59,2.8,353,0,0,Cloudy
2024-01-10,19,Casual Dining,Cendol,Lunch,"rice flour jelly, coconut milk, palm sugar, red beans",2.0,6.28,6.79,358,1,0,Rainy
2024-01-10,24,Casual Dining,Chicken Rice,Lunch,"chicken, rice, ginger, garlic, chili sauce, cucumber",4.0,13.24,25.3,18,0,0,Sunny
2024-01-10,25,Fine Dining,Beef Rendang,Dinner,"beef, coconut milk, galangal, lemongrass, spices, chili",9.0,51.98,74.52,0,0,0,Rainy
2024-01-10,26,Food Stall,Kaya Toast Set,Breakfast,"white bread, kaya, butter, soft-boiled eggs",2.8,5.44,7.82,256,0,0,Cloudy
2024-01-10,28,Fine Dining,Chicken Chop,Lunch,"chicken thigh, black pepper sauce, fries, coleslaw",8.0,36.95,47.54,322,0,1,Sunny
2024-01-10,33,Cafe,Mushroom Soup,Dinner,"mushrooms, cream, onion, garlic, vegetable broth",3.5,10.59,16.24,0,0,1,Sunny
2024-01-10,34,Casual Dining,Teh Tarik,Breakfast,"black tea, condensed milk, evaporated milk",0.9,3.04,3.78,808,0,1,Cloudy
2024-01-10,35,Food Stall,Kaya Toast Set,Breakfast,"white bread, kaya, butter, soft-boiled eggs",2.8,6.68,7.91,397,0,0,Sunny
2024-01-10,35,Food Stall,Teh Tarik,Breakfast,"black tea, condensed milk, evaporated milk",0.9,1.91,2.28,1224,1,1,Cloudy
2024-01-10,36,Food Stall,Tandoori Chicken,Dinner,"chicken, yogurt, tandoori masala, ginger, garlic",7.0,16.61,29.6,0,0,0,Cloudy
2024-01-10,37,Food Stall,Kaya Toast Set,Breakfast,"white bread, kaya, butter, soft-boiled eggs",2.8,6.19,6.42,667,1,0,Cloudy
2024-01-10,42,Fine Dining,Nasi Lemak,Breakfast,"rice, coconut milk, sambal, anchovies, egg, peanuts",2.5,13.51,19.3,149,0,0,Rainy
2024-01-10,43,Casual Dining,Cendol,Lunch,"rice flour jelly, coconut milk, palm sugar, red beans",2.0,6.43,8.11,530,1,0,Rainy
2024-01-10,45,Food Stall,Char Kway Teow,Lunch,"flat rice noodles, prawns, cockles, bean sprouts, chives, soy sauce",5.0,12.2,13.68,257,0,0,Sunny
2024-01-10,47,Food Stall,Laksa,Lunch,"rice noodles, fish broth, tamarind, shrimp paste, cucumber, mint",4.5,10.27,14.68,179,0,0,Sunny
2024-01-11,2,Food Stall,Tandoori Chicken,Dinner,"chicken, yogurt, tandoori masala, ginger, garlic",7.0,14.61,25.71,178,0,0,Rainy
2024-01-11,3,Cafe,Beef Rendang,Dinner,"beef, coconut milk, galangal, lemongrass, spices, chili",9.0,27.23,51.9,75,0,0,Rainy
2024-01-11,3,Cafe,Nasi Lemak,Lunch,"rice, coconut milk, sambal, anchovies, egg, peanuts",2.5,8.48,11.19,214,0,0,Sunny
2024-01-11,5,Cafe,Teh Tarik,Breakfast,"black tea, condensed milk, evaporated milk",0.9,3.16,3.44,668,0,0,Cloudy
2024-01-11,9,Casual Dining,Beef Rendang,Dinner,"beef, coconut milk, galangal, lemongrass, spices, chili",9.0,26.74,52.11,0,0,0,Sunny
2024-01-11,13,Food Stall,Nasi Lemak,Lunch,"rice, coconut milk, sambal, anchovies, egg, peanuts",2.5,6.37,6.04,447,1,0,Sunny
2024-01-11,14,Food Stall,Nasi Lemak,Breakfast,"rice, coconut milk, sambal, anchovies, egg, peanuts",2.5,5.02,6.71,285,0,0,Sunny
2024-01-11,16,Food Stall,Roti Canai,Dinner,"flour, ghee, egg, water, curry",0.8,1.61,1.62,701,1,0,Sunny
2024-01-11,22,Food Stall,Roti Canai,Breakfast,"flour, ghee, egg, water, curry",0.8,1.64,2.34,311,0,0,Sunny
2024-01-11,22,Food Stall,Roti Canai,Dinner,"flour, ghee, egg, water, curry",0.8,1.89,3.09,144,0,0,Cloudy
2024-01-11,24,Casual Dining,Teh Tarik,Breakfast,"black tea, condensed milk, evaporated milk",0.9,3.14,4.0,688,0,0,Sunny
2024-01-11,25,Fine Dining,Spaghetti Carbonara,Lunch,"spaghetti, eggs, cheese, beef bacon, black pepper",9.0,47.9,61.23,154,0,0,Sunny
2024-01-11,26,Food Stall,Teh Tarik,Dinner,"black tea, condensed milk, evaporated milk",0.9,1.63,2.76,398,0,0,Sunny
2024-01-11,28,Fine Dining,Nasi Lemak,Lunch,"rice, coconut milk, sambal, anchovies, egg, peanuts",2.5,13.73,15.84,349,0,0,Cloudy
2024-01-11,30,Cafe,Teh Tarik,Lunch,"black tea, condensed milk, evaporated milk",0.9,3.41,3.83,478,0,0,Cloudy
2024-01-11,31,Food Stall,Teh Tarik,Dinner,"black tea, condensed milk, evaporated milk",0.9,2.14,3.12,312,0,0,Cloudy
2024-01-11,32,Fine Dining,Mushroom Soup,Lunch,"mushrooms, cream, onion, garlic, vegetable broth",3.5,17.83,17.0,44,1,0,Rainy
2024-01-11,33,Cafe,Teh Tarik,Breakfast,"black tea, condensed milk, evaporated milk",0.9,3.18,3.7,475,0,0,Sunny
2024-01-11,37,Food Stall,Cendol,Dinner,"rice flour jelly, coconut milk, palm sugar, red beans",2.0,4.36,6.75,251,0,0,Sunny
2024-01-11,37,Food Stall,Chicken Rice,Dinner,"chicken, rice, ginger, garlic, chili sauce, cucumber",4.0,7.68,15.27,22,0,0,Sunny
2024-01-11,39,Casual Dining,Iced Lemon Tea,Dinner,"black tea, lemon, sugar syrup",1.2,3.77,5.8,315,0,0,Sunny
2024-01-11,41,Cafe,Cendol,Lunch,"rice flour jelly, coconut milk, palm sugar, red beans",2.0,7.05,8.11,166,0,0,Rainy
2024-01-11,41,Cafe,Mushroom Soup,Dinner,"mushrooms, cream, onion, garlic, vegetable broth",3.5,11.24,13.02,140,1,0,Rainy
2024-01-11,42,Fine Dining,Beef Rendang,Lunch,"beef, coconut milk, galangal, lemongrass, spices, chili",9.0,46.67,65.07,96,0,0,Cloudy
2024-01-11,42,Fine Dining,Beef Rendang,Lunch,"beef, coconut milk, galangal, lemongrass, spices, chili",9.0,47.6,58.71,149,0,0,Sunny
2024-01-11,44,Food Stall,Laksa,Lunch,"rice noodles, fish broth, tamarind, shrimp paste, cucumber, mint",4.5,11.93,17.49,4,0,0,Sunny
2024-01-11,47,Food Stall,Teh Tarik,Breakfast,"black tea, condensed milk, evaporated milk",0.9,2.54,2.46,461,0,0,Cloudy
2024-01-11,47,Food Stall,Teh Tarik,Breakfast,"black tea, condensed milk, evaporated milk",0.9,1.96,2.38,630,0,0,Sunny
2024-01-11,48,Casual Dining,Chicken Rice,Lunch,"chicken, rice, ginger, garlic, chili sauce, cucumber",4.0,10.29,20.86,144,0,0,Rainy
2024-01-11,49,Kopitiam,Char Kway Teow,Lunch,"flat rice noodles, prawns, cockles, bean sprouts, chives, soy sauce",5.0,12.89,19.05,3,0,0,Cloudy
2024-01-12,1,Food Stall,Beef Rendang,Dinner,"beef, coconut milk, galangal, lemongrass, spices, chili",9.0,21.35,29.47,211,0,0,Sunny
2024-01-12,8,Casual Dining,Chicken Chop,Lunch,"chicken thigh, black pepper sauce, fries, coleslaw",8.0,21.89,42.73,100,1,1,Sunny
2024-01-12,10,Fine Dining,Chicken Chop,Dinner,"chicken thigh, black pepper sauce, fries, coleslaw",8.0,38.01,59.99,84,0,0,Sunny
2024-01-12,12,Cafe,Teh Tarik,Dinner,"black tea, condensed milk, evaporated milk",0.9,3.08,3.61,354,0,0,Cloudy
2024-01-12,14,Food Stall,Cendol,Lunch,"rice flour jelly, coconut milk, palm sugar, red beans",2.0,4.75,7.54,229,0,0,Sunny
2024-01-12,14,Food Stall,Nasi Lemak,Lunch,"rice, coconut milk, sambal, anchovies, egg, peanuts",2.5,6.15,5.59,380,1,0,Rainy
2024-01-12,17,Food Stall,Laksa,Lunch,"rice noodles, fish broth, tamarind, shrimp paste, cucumber, mint",4.5,11.81,9.19,414,1,0,Cloudy
2024-01-12,19,Casual Dining,Chicken Rice,Lunch,"chicken, rice, ginger, garlic, chili sauce, cucumber",4.0,10.23,24.75,0,0,0,Sunny
2024-01-12,21,Casual Dining,Iced Lemon Tea,Lunch,"black tea, lemon, sugar syrup",1.2,3.86,5.58,398,0,0,Sunny
2024-01-12,24,Casual Dining,Cendol,Lunch,"rice flour jelly, coconut milk, palm sugar, red beans",2.0,5.99,11.35,130,0,0,Cloudy
2024-01-12,31,Food Stall,Laksa,Lunch,"rice noodles, fish broth, tamarind, shrimp paste, cucumber, mint",4.5,12.43,19.12,73,0,0,Cloudy
2024-01-12,32,Fine Dining,Spaghetti Carbonara,Lunch,"spaghetti, eggs, cheese, beef bacon, black pepper",9.0,43.62,68.87,181,0,0,Cloudy
2024-01-12,32,Fine Dining,Spaghetti Carbonara,Dinner,"spaghetti, eggs, cheese, beef bacon, black pepper",9.0,45.42,72.92,0,0,0,Cloudy
2024-01-12,33,Cafe,Chicken Chop,Dinner,"chicken thigh, black pepper sauce, fries, coleslaw",8.0,27.14,42.37,65,0,0,Rainy
2024-01-12,35,Food Stall,Chicken Rice,Dinner,"chicken, rice, ginger, garlic, chili sauce, cucumber",4.0,9.55,12.84,192,0,0,Cloudy
2024-01-12,35,Food Stall,Chicken Rice,Dinner,"chicken, rice, ginger, garlic, chili sauce, cucumber",4.0,9.12,14.81,110,0,0,Sunny
2024-01-12,37,Food Stall,Chicken Rice,Lunch,"chicken, rice, ginger, garlic, chili sauce, cucumber",4.0,8.03,11.11,378,0,0,Sunny
2024-01-12,38,Fine Dining,Mushroom Soup,Lunch,"mushrooms, cream, onion, garlic, vegetable broth",3.5,19.47,24.82,0,0,0,Sunny
2024-01-12,40,Food Stall,Teh Tarik,Breakfast,"black tea, condensed milk, evaporated milk",0.9,1.63,2.45,593,0,0,Sunny
2024-01-12,43,Casual Dining,Beef Rendang,Dinner,"beef, coconut milk, galangal, lemongrass, spices, chili",9.0,28.58,54.48,0,0,0,Sunny
2024-01-12,44,Food Stall,Laksa,Lunch,"rice noodles, fish broth, tamarind, shrimp paste, cucumber, mint",4.5,9.83,9.75,387,1,0,Sunny
2024-01-12,49,Kopitiam,Cendol,Lunch,"rice flour jelly, coconut milk, palm sugar, red beans",2.0,5.09,5.28,279,1,0,Cloudy
2024-01-13,3,Cafe,Nasi Lemak,Lunch,"rice, coconut milk, sambal, anchovies, egg, peanuts",2.5,7.72,11.09,502,0,0,Sunny
2024-01-13,3,Cafe,Spaghetti Carbonara,Lunch,"spaghetti, eggs, cheese, beef bacon, black pepper",9.0,32.1,52.06,83,0,0,Cloudy
2024-01-13,5,Cafe,Kaya Toast Set,Breakfast,"white bread, kaya, butter, soft-boiled eggs",2.8,9.07,9.57,631,0,0,Rainy
2024-01-13,9,Casual Dining,Spaghetti Carbonara,Dinner,"spaghetti, eggs, cheese, beef bacon, black pepper",9.0,26.89,28.02,273,1,0,Cloudy
2024-01-13,15,Food Stall,Beef Rendang,Dinner,"beef, coconut milk, galangal, lemongrass, spices, chili",9.0,18.94,27.84,269,0,0,Sunny
2024-01-13,15,Food Stall,Teh Tarik,Dinner,"black tea, condensed milk, evaporated milk",0.9,1.86,2.5,655,0,0,Sunny
2024-01-13,16,Food Stall,Roti Canai,Breakfast,"flour, ghee, egg, water, curry",0.8,1.87,2.73,468,0,0,Cloudy
2024-01-13,16,Food Stall,Roti Canai,Dinner,"flour, ghee, egg, water, curry",0.8,1.66,2.06,470,0,0,Cloudy
2024-01-13,19,Casual Dining,Teh Tarik,Lunch,"black tea, condensed milk, evaporated milk",0.9,2.93,3.52,1023,1,0,Rainy
2024-01-13,24,Casual Dining,Kaya Toast Set,Breakfast,"white bread, kaya, butter, soft-boiled eggs",2.8,9.92,12.68,544,0,0,Sunny
2024-01-13,24,Casual Dining,Kaya Toast Set,Breakfast,"white bread, kaya, butter, soft-boiled eggs",2.8,9.73,13.62,426,0,0,Cloudy
2024-01-13,25,Fine Dining,Beef Rendang,Lunch,"beef, coconut milk, galangal, lemongrass, spices, chili",9.0,46.87,81.91,102,0,0,Sunny
2024-01-13,29,Food Stall,Teh Tarik,Lunch,"black tea, condensed milk, evaporated milk",0.9,2.1,2.35,1059,1,0,Rainy
2024-01-13,30,Cafe,Chicken Chop,Dinner,"chicken thigh, black pepper sauce, fries, coleslaw",8.0,27.41,33.26,170,0,0,Cloudy
2024-01-13,31,Food Stall,Cendol,Lunch,"rice flour jelly, coconut milk, palm sugar, red beans",2.0,4.84,7.48,218,0,0,Cloudy
2024-01-13,35,Food Stall,Cendol,Lunch,"rice flour jelly, coconut milk, palm sugar, red beans",2.0,4.64,6.09,298,0,0,Sunny
2024-01-13,35,Food Stall,Cendol,Dinner,"rice flour jelly, coconut milk, palm sugar, red beans",2.0,4.22,6.84,240,0,0,Sunny
2024-01-13,37,Food Stall,Char Kway Teow,Lunch,"flat rice noodles, prawns, cockles, bean sprouts, chives, soy sauce",5.0,11.96,17.94,125,0,0,Sunny
2024-01-13,41,Cafe,Mushroom Soup,Lunch,"mushrooms, cream, onion, garlic, vegetable broth",3.5,12.13,15.41,195,0,0,Sunny
2024-01-13,42,Fine Dining,Iced Lemon Tea,Breakfast,"black tea, lemon, sugar syrup",1.2,7.22,4.86,921,1,0,Sunny
2024-01-13,45,Food Stall,Chicken Rice,Lunch,"chicken, rice, ginger, garlic, chili sauce, cucumber",4.0,7.5,8.64,479,1,0,Sunny
2024-01-13,50,Food Stall,Roti Canai,Breakfast,"flour, ghee, egg, water, curry",0.8,1.99,2.67,480,0,0,Rainy
2024-01-13,50,Food Stall,Tandoori Chicken,Dinner,"chicken, yogurt, tandoori masala, ginger, garlic",7.0,18.72,23.06,236,0,0,Sunny
2024-01-14,4,Cafe,Beef Rendang,Dinner,"beef, coconut milk, galangal, lemongrass, spices, chili",9.0,27.29,47.04,83,0,0,Sunny
2024-01-14,6,Fine Dining,Iced Lemon Tea,Dinner,"black tea, lemon, sugar syrup",1.2,5.16,6.62,292,0,0,Sunny
2024-01-14,6,Fine Dining,Mushroom Soup,Lunch,"mushrooms, cream, onion, garlic, vegetable broth",3.5,14.26,30.01,100,0,0,Cloudy
2024-01-14,7,Casual Dining,Chicken Chop,Dinner,"chicken thigh, black pepper sauce, fries, coleslaw",8.0,22.55,43.34,134,0,0,Sunny
2024-01-14,8,Casual Dining,Iced Lemon Tea,Dinner,"black tea, lemon, sugar syrup",1.2,3.03,5.5,322,0,0,Sunny
2024-01-14,8,Casual Dining,Mushroom Soup,Dinner,"mushrooms, cream, onion, garlic, vegetable broth",3.5,9.05,19.38,0,0,0,Cloudy
2024-01-14,13,Food Stall,Kaya Toast Set,Breakfast,"white bread, kaya, butter, soft-boiled eggs",2.8,5.09,9.56,456,0,0,Rainy
2024-01-14,14,Food Stall,Cendol,Lunch,"rice flour jelly, coconut milk, palm sugar, red beans",2.0,4.75,6.91,176,0,0,Cloudy
2024-01-14,16,Food Stall,Tandoori Chicken,Dinner,"chicken, yogurt, tandoori masala, ginger, garlic",7.0,13.9,24.32,149,0,0,Sunny
2024-01-14,24,Casual Dining,Chicken Rice,Dinner,"chicken, rice, ginger, garlic, chili sauce, cucumber",4.0,12.85,10.87,349,1,0,Sunny
2024-01-14,25,Fine Dining,Spaghetti Carbonara,Dinner,"spaghetti, eggs, cheese, beef bacon, black pepper",9.0,43.69,61.38,289,0,1,Sunny
2024-01-14,30,Cafe,Mushroom Soup,Dinner,"mushrooms, cream, onion, garlic, vegetable broth",3.5,11.56,18.42,0,0,0,Sunny
2024-01-14,31,Food Stall,Cendol,Lunch,"rice flour jelly, coconut milk, palm sugar, red beans",2.0,4.44,6.41,229,0,0,Sunny
2024-01-14,31,Food Stall,Teh Tarik,Dinner,"black tea, condensed milk, evaporated milk",0.9,2.14,2.85,675,0,0,Sunny
2024-01-14,33,Cafe,Cendol,Lunch,"rice flour jelly, coconut milk, palm sugar, red beans",2.0,6.39,6.15,567,1,0,Sunny
2024-01-14,34,Casual Dining,Cendol,Dinner,"rice flour jelly, coconut milk, palm sugar, red beans",2.0,5.22,6.88,494,1,0,Sunny
2024-01-14,34,Casual Dining,Chicken Rice,Dinner,"chicken, rice, ginger, garlic, chili sauce, cucumber",4.0,12.64,20.69,239,0,0,Sunny
2024-01-14,34,Casual Dining,Teh Tarik,Breakfast,"black tea, condensed milk, evaporated milk",0.9,3.09,4.44,648,0,0,Rainy
2024-01-14,40,Food Stall,Beef Rendang,Lunch,"beef, coconut milk, galangal, lemongrass, spices, chili",9.0,21.68,32.35,79,0,0,Rainy
2024-01-14,41,Cafe,Teh Tarik,Dinner,"black tea, condensed milk, evaporated milk",0.9,3.22,3.78,465,0,0,Rainy
2024-01-14,43,Casual Dining,Iced Lemon Tea,Dinner,"black tea, lemon, sugar syrup",1.2,3.38,4.88,444,0,0,Sunny
2024-01-14,46,Casual Dining,Iced Lemon Tea,Lunch,"black tea, lemon, sugar syrup",1.2,3.52,3.7,731,1,0,Sunny
2024-01-14,47,Food Stall,Cendol,Lunch,"rice flour jelly, coconut milk, palm sugar, red beans",2.0,4.77,3.8,565,1,0,Sunny
2024-01-14,49,Kopitiam,Kaya Toast Set,Breakfast,"white bread, kaya, butter, soft-boiled eggs",2.8,6.91,9.01,740,0,1,Cloudy
2024-01-14,49,Kopitiam,Kaya Toast Set,Breakfast,"white bread, kaya, butter, soft-boiled eggs",2.8,6.93,9.55,432,0,0,Rainy
2024-01-15,1,Food Stall,Kaya Toast Set,Breakfast,"white bread, kaya, butter, soft-boiled eggs",2.8,6.42,5.69,1068,1,0,Sunny
2024-01-15,3,Cafe,Teh Tarik,Dinner,"black tea, condensed milk, evaporated milk",0.9,2.86,3.42,662,0,0,Sunny
2024-01-15,6,Fine Dining,Iced Lemon Tea,Lunch,"black tea, lemon, sugar syrup",1.2,5.3,8.03,454,0,0,Cloudy
2024-01-15,13,Food Stall,Kaya Toast Set,Breakfast,"white bread, kaya, butter, soft-boiled eggs",2.8,6.94,9.38,596,0,0,Sunny
2024-01-15,14,Food Stall,Nasi Lemak,Breakfast,"rice, coconut milk, sambal, anchovies, egg, peanuts",2.5,5.82,7.57,570,0,0,Cloudy
2024-01-15,17,Food Stall,Laksa,Lunch,"rice noodles, fish broth, tamarind, shrimp paste, cucumber, mint",4.5,10.53,12.68,294,0,0,Cloudy
2024-01-15,17,Food Stall,Teh Tarik,Dinner,"black tea, condensed milk, evaporated milk",0.9,1.91,1.56,1079,1,0,Cloudy
2024-01-15,18,Food Stall,Roti Canai,Breakfast,"flour, ghee, egg, water, curry",0.8,1.87,2.15,905,0,1,Sunny
2024-01-15,21,Casual Dining,Spaghetti Carbonara,Lunch,"spaghetti, eggs, cheese, beef bacon, black pepper",9.0,31.8,36.52,326,0,0,Sunny
2024-01-15,23,Fine Dining,Nasi Lemak,Lunch,"rice, coconut milk, sambal, anchovies, egg, peanuts",2.5,10.78,16.67,550,0,0,Cloudy
2024-01-15,23,Fine Dining,Nasi Lemak,Lunch,"rice, coconut milk, sambal, anchovies, egg, peanuts",2.5,14.97,16.51,287,0,0,Sunny
2024-01-15,27,Food Stall,Tandoori Chicken,Dinner,"chicken, yogurt, tandoori masala, ginger, garlic",7.0,14.82,23.43,178,0,0,Sunny
2024-01-15,29,Food Stall,Teh Tarik,Breakfast,"black tea, condensed milk, evaporated milk",0.9,1.92,2.35,820,0,0,Cloudy
2024-01-15,30,Cafe,Kaya Toast Set,Breakfast,"white bread, kaya, butter, soft-boiled eggs",2.8,9.89,12.07,448,0,0,Cloudy
2024-01-15,31,Food Stall,Kaya Toast Set,Breakfast,"white bread, kaya, butter, soft-boiled eggs",2.8,6.27,8.22,578,0,0,Cloudy
2024-01-15,32,Fine Dining,Iced Lemon Tea,Breakfast,"black tea, lemon, sugar syrup",1.2,6.07,8.21,447,0,0,Rainy
2024-01-15,32,Fine Dining,Iced Lemon Tea,Breakfast,"black tea, lemon, sugar syrup",1.2,5.69,7.53,633,0,1,Cloudy
2024-01-15,35,Food Stall,Char Kway Teow,Dinner,"flat rice noodles, prawns, cockles, bean sprouts, chives, soy sauce",5.0,10.55,14.24,362,0,0,Cloudy
2024-01-15,36,Food Stall,Roti Canai,Breakfast,"flour, ghee, egg, water, curry",0.8,1.95,2.59,600,0,0,Sunny
2024-01-15,37,Food Stall,Kaya Toast Set,Breakfast,"white bread, kaya, butter, soft-boiled eggs",2.8,5.01,8.85,681,0,0,Sunny
2024-01-15,39,Casual Dining,Mushroom Soup,Dinner,"mushrooms, cream, onion, garlic, vegetable broth",3.5,9.1,22.44,108,0,1,Rainy
2024-01-15,40,Food Stall,Cendol,Dinner,"rice flour jelly, coconut milk, palm sugar, red beans",2.0,4.27,5.67,350,0,0,Sunny
2024-01-15,42,Fine Dining,Iced Lemon Tea,Dinner,"black tea, lemon, sugar syrup",1.2,6.44,7.24,331,0,0,Cloudy
2024-01-15,42,Fine Dining,Spaghetti Carbonara,Dinner,"spaghetti, eggs, cheese, beef bacon, black pepper",9.0,51.41,66.97,190,0,0,Cloudy
2024-01-15,43,Casual Dining,Chicken Chop,Dinner,"chicken thigh, black pepper sauce, fries, coleslaw",8.0,28.23,44.73,207,0,1,Sunny
2024-01-15,46,Casual Dining,Iced Lemon Tea,Dinner,"black tea, lemon, sugar syrup",1.2,3.78,4.98,340,0,0,Cloudy
2024-01-15,48,Casual Dining,Cendol,Dinner,"rice flour jelly, coconut milk, palm sugar, red beans",2.0,6.36,9.76,299,0,0,Sunny
2024-01-15,49,Kopitiam,Chicken Rice,Lunch,"chicken, rice, ginger, garlic, chili sauce, cucumber",4.0,12.44,12.87,353,0,0,Cloudy
2024-01-16,1,Food Stall,Beef Rendang,Dinner,"beef, coconut milk, galangal, lemongrass, spices, chili",9.0,19.79,32.82,181,0,0,Sunny
2024-01-16,2,Food Stall,Roti Canai,Dinner,"flour, ghee, egg, water, curry",0.8,1.48,2.85,159,0,0,Sunny
2024-01-16,2,Food Stall,Tandoori Chicken,Dinner,"chicken, yogurt, tandoori masala, ginger, garlic",7.0,16.44,32.02,0,0,0,Rainy
2024-01-16,5,Cafe,Chicken Chop,Dinner,"chicken thigh, black pepper sauce, fries, coleslaw",8.0,28.82,26.13,209,1,0,Rainy
2024-01-16,5,Cafe,Teh Tarik,Dinner,"black tea, condensed milk, evaporated milk",0.9,3.19,3.93,461,0,0,Cloudy
2024-01-16,8,Casual Dining,Teh Tarik,Lunch,"black tea, condensed milk, evaporated milk",0.9,2.15,3.52,405,0,0,Sunny
2024-01-16,9,Casual Dining,Beef Rendang,Lunch,"beef, coconut milk, galangal, lemongrass, spices, chili",9.0,25.9,56.46,63,0,0,Sunny
2024-01-16,9,Casual Dining,Chicken Chop,Dinner,"chicken thigh, black pepper sauce, fries, coleslaw",8.0,25.5,46.17,145,0,1,Cloudy
2024-01-16,12,Cafe,Spaghetti Carbonara,Dinner,"spaghetti, eggs, cheese, beef bacon, black pepper",9.0,32.84,40.52,44,0,0,Cloudy
2024-01-16,13,Food Stall,Beef Rendang,Dinner,"beef, coconut milk, galangal, lemongrass, spices, chili",9.0,16.57,31.23,178,0,0,Cloudy
2024-01-16,16,Food Stall,Roti Canai,Breakfast,"flour, ghee, egg, water, curry",0.8,1.59,2.86,279,0,0,Rainy
2024-01-16,16,Food Stall,Tandoori Chicken,Dinner,"chicken, yogurt, tandoori masala, ginger, garlic",7.0,14.49,26.75,181,0,0,Rainy
2024-01-16,18,Food Stall,Roti Canai,Breakfast,"flour, ghee, egg, water, curry",0.8,2.06,2.58,350,0,0,Cloudy
2024-01-16,19,Casual Dining,Chicken Rice,Lunch,"chicken, rice, ginger, garlic, chili sauce, cucumber",4.0,13.77,20.76,191,0,0,Cloudy
2024-01-16,20,Casual Dining,Beef Rendang,Dinner,"beef, coconut milk, galangal, lemongrass, spices, chili",9.0,26.83,41.07,189,0,0,Cloudy
2024-01-16,20,Casual Dining,Spaghetti Carbonara,Lunch,"spaghetti, eggs, cheese, beef bacon, black pepper",9.0,24.41,42.96,169,0,0,Cloudy
2024-01-16,21,Casual Dining,Cendol,Dinner,"rice flour jelly, coconut milk, palm sugar, red beans",2.0,5.08,11.51,218,0,0,Sunny
2024-01-16,21,Casual Dining,Chicken Chop,Dinner,"chicken thigh, black pepper sauce, fries, coleslaw",8.0,19.43,40.86,281,0,0,Cloudy
2024-01-16,24,Casual Dining,Chicken Rice,Lunch,"chicken, rice, ginger, garlic, chili sauce, cucumber",4.0,11.42,14.22,324,1,0,Rainy
2024-01-16,29,Food Stall,Char Kway Teow,Lunch,"flat rice noodles, prawns, cockles, bean sprouts, chives, soy sauce",5.0,12.74,16.95,179,0,0,Sunny
2024-01-16,30,Cafe,Mushroom Soup,Lunch,"mushrooms, cream, onion, garlic, vegetable broth",3.5,11.68,15.87,0,0,0,Sunny
2024-01-16,30,Cafe,Teh Tarik,Lunch,"black tea, condensed milk, evaporated milk",0.9,3.69,3.44,508,0,0,Sunny
2024-01-16,30,Cafe,Teh Tarik,Dinner,"black tea, condensed milk, evaporated milk",0.9,2.84,3.62,185,0,0,Cloudy
2024-01-16,33,Cafe,Teh Tarik,Lunch,"black tea, condensed milk, evaporated milk",0.9,2.65,3.97,491,0,0,Sunny
2024-01-16,36,Food Stall,Roti Canai,Breakfast,"flour, ghee, egg, water, curry",0.8,2.09,2.59,576,0,0,Sunny
2024-01-16,36,Food Stall,Roti Canai,Breakfast,"flour, ghee, egg, water, curry",0.8,1.93,1.76,789,1,0,Cloudy
2024-01-16,36,Food Stall,Tandoori Chicken,Dinner,"chicken, yogurt, tandoori masala, ginger, garlic",7.0,16.03,21.35,187,0,0,Rainy
2024-01-16,37,Food Stall,Kaya Toast Set,Breakfast,"white bread, kaya, butter, soft-boiled eggs",2.8,6.56,10.94,181,0,0,Rainy
2024-01-16,37,Food Stall,Teh Tarik,Breakfast,"black tea, condensed milk, evaporated milk",0.9,1.91,2.05,1091,1,0,Sunny
2024-01-16,39,Casual Dining,Teh Tarik,Breakfast,"black tea, condensed milk, evaporated milk",0.9,2.8,4.13,438,0,0,Rainy
2024-01-16,41,Cafe,Teh Tarik,Dinner,"black tea, condensed milk, evaporated milk",0.9,2.72,3.34,377,0,0,Sunny
2024-01-16,45,Food Stall,Char Kway Teow,Dinner,"flat rice noodles, prawns, cockles, bean sprouts, chives, soy sauce",5.0,9.93,18.71,100,0,0,Sunny
2024-01-16,46,Casual Dining,Kaya Toast Set,Breakfast,"white bread, kaya, butter, soft-boiled eggs",2.8,9.64,12.19,369,0,0,Sunny
2024-01-16,46,Casual Dining,Spaghetti Carbonara,Dinner,"spaghetti, eggs, cheese, beef bacon, black pepper",9.0,23.74,49.3,192,0,0,Sunny
2024-01-16,47,Food Stall,Kaya Toast Set,Breakfast,"white bread, kaya, butter, soft-boiled eggs",2.8,7.11,5.45,719,1,0,Cloudy
2024-01-17,6,Fine Dining,Spaghetti Carbonara,Dinner,"spaghetti, eggs, cheese, beef bacon, black pepper",9.0,35.13,81.9,0,0,0,Sunny
2024-01-17,9,Casual Dining,Nasi Lemak,Lunch,"rice, coconut milk, sambal, anchovies, egg, peanuts",2.5,7.77,8.08,509,1,0,Sunny
2024-01-17,13,Food Stall,Cendol,Dinner,"rice flour jelly, coconut milk, palm sugar, red beans",2.0,5.1,7.91,91,0,0,Cloudy
2024-01-17,13,Food Stall,Nasi Lemak,Breakfast,"rice, coconut milk, sambal, anchovies, egg, peanuts",2.5,6.1,10.06,190,0,0,Sunny
2024-01-17,18,Food Stall,Roti Canai,Dinner,"flour, ghee, egg, water, curry",0.8,2.01,3.16,224,0,0,Sunny
2024-01-17,19,Casual Dining,Chicken Rice,Dinner,"chicken, rice, ginger, garlic, chili sauce, cucumber",4.0,12.77,20.73,351,0,0,Sunny
2024-01-17,23,Fine Dining,Mushroom Soup,Lunch,"mushrooms, cream, onion, garlic, vegetable broth",3.5,19.22,30.47,0,0,0,Rainy
2024-01-17,26,Food Stall,Beef Rendang,Lunch,"beef, coconut milk, galangal, lemongrass, spices, chili",9.0,22.25,32.63,107,0,0,Sunny
2024-01-17,27,Food Stall,Roti Canai,Breakfast,"flour, ghee, egg, water, curry",0.8,1.49,2.4,372,0,0,Sunny
2024-01-17,27,Food Stall,Tandoori Chicken,Dinner,"chicken, yogurt, tandoori masala, ginger, garlic",7.0,17.03,24.33,0,0,0,Cloudy
2024-01-17,28,Fine Dining,Spaghetti Carbonara,Dinner,"spaghetti, eggs, cheese, beef bacon, black pepper",9.0,46.52,49.52,191,1,1,Cloudy
2024-01-17,29,Food Stall,Chicken Rice,Lunch,"chicken, rice, ginger, garlic, chili sauce, cucumber",4.0,9.42,15.57,202,0,0,Sunny
2024-01-17,32,Fine Dining,Mushroom Soup,Lunch,"mushrooms, cream, onion, garlic, vegetable broth",3.5,15.63,26.43,171,0,0,Sunny
2024-01-17,32,Fine Dining,Spaghetti Carbonara,Dinner,"spaghetti, eggs, cheese, beef bacon, black pepper",9.0,37.81,64.99,0,0,0,Sunny
2024-01-17,38,Fine Dining,Nasi Lemak,Breakfast,"rice, coconut milk, sambal, anchovies, egg, peanuts",2.5,15.06,15.23,161,0,0,Sunny
2024-01-17,42,Fine Dining,Nasi Lemak,Breakfast,"rice, coconut milk, sambal, anchovies, egg, peanuts",2.5,12.08,14.19,404,0,0,Rainy
2024-01-17,43,Casual Dining,Teh Tarik,Dinner,"black tea, condensed milk, evaporated milk",0.9,3.05,4.33,274,0,0,Sunny
2024-01-17,45,Food Stall,Cendol,Dinner,"rice flour jelly, coconut milk, palm sugar, red beans",2.0,4.25,6.86,252,0,0,Sunny
2024-01-17,45,Food Stall,Char Kway Teow,Lunch,"flat rice noodles, prawns, cockles, bean sprouts, chives, soy sauce",5.0,12.57,17.27,0,0,0,Rainy
2024-01-17,47,Food Stall,Teh Tarik,Dinner,"black tea, condensed milk, evaporated milk",0.9,2.12,3.02,286,0,0,Sunny
2024-01-17,49,Kopitiam,Cendol,Dinner,"rice flour jelly, coconut milk, palm sugar, red beans",2.0,5.08,6.81,135,0,0,Cloudy
2024-01-17,49,Kopitiam,Chicken Rice,Lunch,"chicken, rice, ginger, garlic, chili sauce, cucumber",4.0,10.75,15.92,137,0,0,Sunny
2024-01-18,1,Food Stall,Nasi Lemak,Breakfast,"rice, coconut milk, sambal, anchovies, egg, peanuts",2.5,4.42,8.16,263,0,0,Sunny
2024-01-18,4,Cafe,Nasi Lemak,Breakfast,"rice, coconut milk, sambal, anchovies, egg, peanuts",2.5,10.19,7.31,652,1,0,Sunny
2024-01-18,7,Casual Dining,Chicken Chop,Dinner,"chicken thigh, black pepper sauce, fries, coleslaw",8.0,25.28,48.86,0,0,0,Cloudy
2024-01-18,7,Casual Dining,Kaya Toast Set,Breakfast,"white bread, kaya, butter, soft-boiled eggs",2.8,7.67,18.82,122,0,0,Sunny
2024-01-18,7,Casual Dining,Spaghetti Carbonara,Dinner,"spaghetti, eggs, cheese, beef bacon, black pepper",9.0,23.31,51.77,52,0,1,Rainy
2024-01-18,8,Casual Dining,Kaya Toast Set,Breakfast,"white bread, kaya, butter, soft-boiled eggs",2.8,7.98,14.02,384,0,0,Sunny
2024-01-18,9,Casual Dining,Beef Rendang,Lunch,"beef, coconut milk, galangal, lemongrass, spices, chili",9.0,32.1,47.86,136,0,0,Sunny
2024-01-18,13,Food Stall,Teh Tarik,Breakfast,"black tea, condensed milk, evaporated milk",0.9,2.13,2.4,883,0,1,Sunny
2024-01-18,14,Food Stall,Beef Rendang,Lunch,"beef, coconut milk, galangal, lemongrass, spices, chili",9.0,20.06,34.27,0,0,0,Cloudy
2024-01-18,18,Food Stall,Roti Canai,Dinner,"flour, ghee, egg, water, curry",0.8,1.59,2.83,126,0,0,Sunny
2024-01-18,20,Casual Dining,Cendol,Dinner,"rice flour jelly, coconut milk, palm sugar, red beans",2.0,6.84,9.2,287,0,0,Cloudy
2024-01-18,22,Food Stall,Tandoori Chicken,Dinner,"chicken, yogurt, tandoori masala, ginger, garlic",7.0,15.03,24.22,81,1,0,Sunny
2024-01-18,23,Fine Dining,Beef Rendang,Dinner,"beef, coconut milk, galangal, lemongrass, spices, chili",9.0,52.26,66.79,78,0,0,Sunny
2024-01-18,23,Fine Dining,Iced Lemon Tea,Lunch,"black tea, lemon, sugar syrup",1.2,6.89,9.53,121,0,0,Sunny
2024-01-18,24,Casual Dining,Cendol,Dinner,"rice flour jelly, coconut milk, palm sugar, red beans",2.0,6.44,11.7,233,0,0,Cloudy
2024-01-18,25,Fine Dining,Nasi Lemak,Breakfast,"rice, coconut milk, sambal, anchovies, egg, peanuts",2.5,12.22,10.63,645,1,0,Sunny
2024-01-18,27,Food Stall,Tandoori Chicken,Dinner,"chicken, yogurt, tandoori masala, ginger, garlic",7.0,15.78,24.98,100,0,0,Rainy
2024-01-18,33,Cafe,Mushroom Soup,Dinner,"mushrooms, cream, onion, garlic, vegetable broth",3.5,12.0,11.89,239,1,0,Sunny
2024-01-18,34,Casual Dining,Cendol,Dinner,"rice flour jelly, coconut milk, palm sugar, red beans",2.0,5.4,10.3,252,0,0,Cloudy
2024-01-18,34,Casual Dining,Kaya Toast Set,Breakfast,"white bread, kaya, butter, soft-boiled eggs",2.8,9.09,11.59,356,0,0,Cloudy
2024-01-18,41,Cafe,Spaghetti Carbonara,Dinner,"spaghetti, eggs, cheese, beef bacon, black pepper",9.0,33.43,46.98,202,0,0,Cloudy
2024-01-18,41,Cafe,Teh Tarik,Breakfast,"black tea, condensed milk, evaporated milk",0.9,2.6,2.57,863,1,0,Sunny
2024-01-18,43,Casual Dining,Beef Rendang,Lunch,"beef, coconut milk, galangal, lemongrass, spices, chili",9.0,28.34,33.72,170,1,0,Cloudy
2024-01-18,47,Food Stall,Laksa,Lunch,"rice noodles, fish broth, tamarind, shrimp paste, cucumber, mint",4.5,10.04,8.6,396,1,0,Cloudy
2024-01-18,48,Casual Dining,Teh Tarik,Dinner,"black tea, condensed milk, evaporated milk",0.9,2.4,3.67,280,0,0,Sunny
2024-01-19,3,Cafe,Iced Lemon Tea,Lunch,"black tea, lemon, sugar syrup",1.2,4.0,6.81,21,0,0,Sunny
2024-01-19,3,Cafe,Spaghetti Carbonara,Lunch,"spaghetti, eggs, cheese, beef bacon, black pepper",9.0,31.37,44.52,160,0,0,Cloudy
2024-01-19,4,Cafe,Spaghetti Carbonara,Dinner,"spaghetti, eggs, cheese, beef bacon, black pepper",9.0,34.48,45.92,99,0,0,Cloudy
2024-01-19,5,Cafe,Kaya Toast Set,Breakfast,"white bread, kaya, butter, soft-boiled eggs",2.8,9.03,8.27,908,1,0,Rainy
2024-01-19,6,Fine Dining,Mushroom Soup,Lunch,"mushrooms, cream, onion, garlic, vegetable broth",3.5,15.15,20.43,96,1,0,Cloudy
2024-01-19,7,Casual Dining,Chicken Chop,Lunch,"chicken thigh, black pepper sauce, fries, coleslaw",8.0,20.02,33.28,205,1,0,Rainy
2024-01-19,9,Casual Dining,Kaya Toast Set,Breakfast,"white bread, kaya, butter, soft-boiled eggs",2.8,9.45,11.82,251,0,0,Cloudy
2024-01-19,12,Cafe,Iced Lemon Tea,Lunch,"black tea, lemon, sugar syrup",1.2,3.77,6.15,216,0,0,Cloudy
2024-01-19,13,Food Stall,Nasi Lemak,Breakfast,"rice, coconut milk, sambal, anchovies, egg, peanuts",2.5,5.07,7.54,419,0,0,Sunny
2024-01-19,13,Food Stall,Nasi Lemak,Lunch,"rice, coconut milk, sambal, anchovies, egg, peanuts",2.5,6.08,5.32,650,1,0,Rainy
2024-01-19,19,Casual Dining,Cendol,Lunch,"rice flour jelly, coconut milk, palm sugar, red beans",2.0,5.83,12.93,107,0,0,Sunny
2024-01-19,19,Casual Dining,Char Kway Teow,Lunch,"flat rice noodles, prawns, cockles, bean sprouts, chives, soy sauce",5.0,17.43,25.73,66,0,0,Sunny
2024-01-19,21,Casual Dining,Iced Lemon Tea,Breakfast,"black tea, lemon, sugar syrup",1.2,2.98,6.35,193,0,0,Sunny
2024-01-19,22,Food Stall,Roti Canai,Dinner,"flour, ghee, egg, water, curry",0.8,1.81,1.77,438,1,0,Sunny
2024-01-19,23,Fine Dining,Mushroom Soup,Dinner,"mushrooms, cream, onion, garlic, vegetable broth",3.5,15.24,17.76,278,1,0,Sunny
2024-01-19,24,Casual Dining,Teh Tarik,Lunch,"black tea, condensed milk, evaporated milk",0.9,2.79,4.15,298,0,0,Cloudy
2024-01-19,28,Fine Dining,Iced Lemon Tea,Breakfast,"black tea, lemon, sugar syrup",1.2,7.09,7.25,214,0,0,Cloudy
2024-01-19,28,Fine Dining,Iced Lemon Tea,Breakfast,"black tea, lemon, sugar syrup",1.2,6.15,8.52,336,0,0,Rainy
2024-01-19,29,Food Stall,Char Kway Teow,Dinner,"flat rice noodles, prawns, cockles, bean sprouts, chives, soy sauce",5.0,9.94,22.96,103,0,0,Cloudy
2024-01-19,29,Food Stall,Char Kway Teow,Lunch,"flat rice noodles, prawns, cockles, bean sprouts, chives, soy sauce",5.0,9.31,17.87,161,0,0,Sunny
2024-01-19,32,Fine Dining,Iced Lemon Tea,Lunch,"black tea, lemon, sugar syrup",1.2,5.76,9.46,191,0,0,Cloudy
2024-01-19,32,Fine Dining,Spaghetti Carbonara,Lunch,"spaghetti, eggs, cheese, beef bacon, black pepper",9.0,44.13,81.76,0,0,0,Sunny
2024-01-19,35,Food Stall,Chicken Rice,Dinner,"chicken, rice, ginger, garlic, chili sauce, cucumber",4.0,8.32,14.4,111,0,0,Rainy
2024-01-19,35,Food Stall,Kaya Toast Set,Breakfast,"white bread, kaya, butter, soft-boiled eggs",2.8,6.42,7.99,324,0,0,Sunny
2024-01-19,36,Food Stall,Roti Canai,Breakfast,"flour, ghee, egg, water, curry",0.8,2.11,2.54,431,0,0,Cloudy
2024-01-19,37,Food Stall,Kaya Toast Set,Breakfast,"white bread, kaya, butter, soft-boiled eggs",2.8,6.9,7.67,362,0,0,Sunny
2024-01-19,39,Casual Dining,Teh Tarik,Breakfast,"black tea, condensed milk, evaporated milk",0.9,2.28,4.44,436,0,0,Rainy
2024-01-19,41,Cafe,Chicken Chop,Lunch,"chicken thigh, black pepper sauce, fries, coleslaw",8.0,27.36,38.43,47,0,0,Cloudy
2024-01-19,41,Cafe,Chicken Chop,Lunch,"chicken thigh, black pepper sauce, fries, coleslaw",8.0,32.53,45.37,77,0,0,Sunny
2024-01-19,41,Cafe,Iced Lemon Tea,Dinner,"black tea, lemon, sugar syrup",1.2,3.53,4.44,565,1,1,Cloudy
2024-01-19,41,Cafe,Iced Lemon Tea,Lunch,"black tea, lemon, sugar syrup",1.2,4.13,3.2,511,1,0,Sunny
2024-01-19,41,Cafe,Spaghetti Carbonara,Lunch,"spaghetti, eggs, cheese, beef bacon, black pepper",9.0,29.31,41.17,212,0,0,Rainy
2024-01-19,43,Casual Dining,Mushroom Soup,Lunch,"mushrooms, cream, onion, garlic, vegetable broth",3.5,11.61,19.54,164,0,0,Sunny
2024-01-19,44,Food Stall,Laksa,Lunch,"rice noodles, fish broth, tamarind, shrimp paste, cucumber, mint",4.5,9.53,16.78,134,0,0,Cloudy
2024-01-19,44,Food Stall,Teh Tarik,Dinner,"black tea, condensed milk, evaporated milk",0.9,2.02,2.52,321,0,0,Sunny
2024-01-19,45,Food Stall,Cendol,Lunch,"rice flour jelly, coconut milk, palm sugar, red beans",2.0,4.24,9.14,122,0,0,Sunny
2024-01-19,46,Casual Dining,Spaghetti Carbonara,Dinner,"spaghetti, eggs, cheese, beef bacon, black pepper",9.0,23.09,30.86,259,1,0,Rainy
2024-01-19,49,Kopitiam,Kaya Toast Set,Breakfast,"white bread, kaya, butter, soft-boiled eggs",2.8,7.62,8.14,438,0,0,Cloudy
2024-01-19,49,Kopitiam,Teh Tarik,Lunch,"black tea, condensed milk, evaporated milk",0.9,2.12,2.94,535,0,0,Sunny
2024-01-20,1,Food Stall,Teh Tarik,Lunch,"black tea, condensed milk, evaporated milk",0.9,2.05,3.08,678,0,0,Cloudy
2024-01-20,3,Cafe,Cendol,Dinner,"rice flour jelly, coconut milk, palm sugar, red beans",2.0,7.82,6.15,635,1,0,Rainy
2024-01-20,7,Casual Dining,Mushroom Soup,Dinner,"mushrooms, cream, onion, garlic, vegetable broth",3.5,11.21,20.12,24,0,0,Sunny
2024-01-20,9,Casual Dining,Spaghetti Carbonara,Lunch,"spaghetti, eggs, cheese, beef bacon, black pepper",9.0,27.31,29.79,344,1,0,Cloudy
2024-01-20,10,Fine Dining,Nasi Lemak,Breakfast,"rice, coconut milk, sambal, anchovies, egg, peanuts",2.5,12.84,14.04,674,0,1,Cloudy
2024-01-20,10,Fine Dining,Spaghetti Carbonara,Dinner,"spaghetti, eggs, cheese, beef bacon, black pepper",9.0,44.27,67.72,158,0,0,Cloudy
2024-01-20,14,Food Stall,Kaya Toast Set,Breakfast,"white bread, kaya, butter, soft-boiled eggs",2.8,7.3,7.88,575,0,0,Cloudy
2024-01-20,16,Food Stall,Roti Canai,Breakfast,"flour, ghee, egg, water, curry",0.8,1.84,2.05,723,0,0,Sunny
2024-01-20,17,Food Stall,Kaya Toast Set,Breakfast,"white bread, kaya, butter, soft-boiled eggs",2.8,7.3,6.69,716,1,0,Cloudy
2024-01-20,18,Food Stall,Roti Canai,Dinner,"flour, ghee, egg, water, curry",0.8,1.96,2.45,407,0,0,Sunny
2024-01-20,18,Food Stall,Tandoori Chicken,Dinner,"chicken, yogurt, tandoori masala, ginger, garlic",7.0,15.25,17.14,374,1,0,Rainy
2024-01-20,25,Fine Dining,Mushroom Soup,Dinner,"mushrooms, cream, onion, garlic, vegetable broth",3.5,17.64,24.45,243,0,0,Sunny
2024-01-20,26,Food Stall,Kaya Toast Set,Breakfast,"white bread, kaya, butter, soft-boiled eggs",2.8,4.97,7.47,451,0,0,Rainy
2024-01-20,28,Fine Dining,Chicken Chop,Lunch,"chicken thigh, black pepper sauce, fries, coleslaw",8.0,43.99,65.13,105,0,0,Cloudy
2024-01-20,30,Cafe,Spaghetti Carbonara,Lunch,"spaghetti, eggs, cheese, beef bacon, black pepper",9.0,32.93,40.71,251,0,0,Cloudy
2024-01-20,32,Fine Dining,Spaghetti Carbonara,Lunch,"spaghetti, eggs, cheese, beef bacon, black pepper",9.0,41.43,77.32,52,0,0,Sunny
2024-01-20,36,Food Stall,Tandoori Chicken,Dinner,"chicken, yogurt, tandoori masala, ginger, garlic",7.0,16.59,30.13,50,0,0,Sunny
2024-01-20,39,Casual Dining,Mushroom Soup,Dinner,"mushrooms, cream, onion, garlic, vegetable broth",3.5,10.46,12.02,312,1,0,Cloudy
2024-01-20,42,Fine Dining,Spaghetti Carbonara,Lunch,"spaghetti, eggs, cheese, beef bacon, black pepper",9.0,41.26,48.79,283,0,0,Sunny
2024-01-20,43,Casual Dining,Chicken Chop,Lunch,"chicken thigh, black pepper sauce, fries, coleslaw",8.0,22.48,34.39,253,0,0,Cloudy
2024-01-20,43,Casual Dining,Teh Tarik,Lunch,"black tea, condensed milk, evaporated milk",0.9,3.0,3.64,1190,1,0,Cloudy
2024-01-20,44,Food Stall,Laksa,Lunch,"rice noodles, fish broth, tamarind, shrimp paste, cucumber, mint",4.5,10.17,12.26,308,0,0,Sunny
2024-01-20,45,Food Stall,Char Kway Teow,Dinner,"flat rice noodles, prawns, cockles, bean sprouts, chives, soy sauce",5.0,9.76,16.43,396,0,0,Cloudy
2024-01-20,47,Food Stall,Laksa,Lunch,"rice noodles, fish broth, tamarind, shrimp paste, cucumber, mint",4.5,11.33,13.96,352,0,0,Rainy
2024-01-20,50,Food Stall,Roti Canai,Dinner,"flour, ghee, egg, water, curry",0.8,1.91,2.19,416,0,0,Sunny
2024-01-21,2,Food Stall,Tandoori Chicken,Dinner,"chicken, yogurt, tandoori masala, ginger, garlic",7.0,13.24,20.44,272,0,0,Sunny
2024-01-21,10,Fine Dining,Nasi Lemak,Lunch,"rice, coconut milk, sambal, anchovies, egg, peanuts",2.5,14.76,13.63,391,0,0,Sunny
2024-01-21,14,Food Stall,Cendol,Dinner,"rice flour jelly, coconut milk, palm sugar, red beans",2.0,4.28,4.27,409,1,0,Sunny
2024-01-21,15,Food Stall,Cendol,Lunch,"rice flour jelly, coconut milk, palm sugar, red beans",2.0,3.89,5.75,326,0,0,Cloudy
2024-01-21,16,Food Stall,Tandoori Chicken,Dinner,"chicken, yogurt, tandoori masala, ginger, garlic",7.0,16.53,27.14,0,0,0,Sunny
2024-01-21,19,Casual Dining,Teh Tarik,Lunch,"black tea, condensed milk, evaporated milk",0.9,2.36,3.66,377,0,0,Cloudy
2024-01-21,20,Casual Dining,Chicken Chop,Lunch,"chicken thigh, black pepper sauce, fries, coleslaw",8.0,20.36,48.56,100,0,0,Cloudy
2024-01-21,20,Casual Dining,Nasi Lemak,Lunch,"rice, coconut milk, sambal, anchovies, egg, peanuts",2.5,7.7,8.25,691,1,0,Cloudy
2024-01-21,20,Casual Dining,Spaghetti Carbonara,Dinner,"spaghetti, eggs, cheese, beef bacon, black pepper",9.0,25.18,48.42,69,0,0,Rainy
2024-01-21,21,Casual Dining,Cendol,Lunch,"rice flour jelly, coconut milk, palm sugar, red beans",2.0,6.12,10.34,272,0,0,Sunny
2024-01-21,22,Food Stall,Roti Canai,Breakfast,"flour, ghee, egg, water, curry",0.8,1.74,2.35,506,0,0,Sunny
2024-01-21,23,Fine Dining,Iced Lemon Tea,Breakfast,"black tea, lemon, sugar syrup",1.2,5.51,6.18,524,0,0,Cloudy
2024-01-21,23,Fine Dining,Spaghetti Carbonara,Lunch,"spaghetti, eggs, cheese, beef bacon, black pepper",9.0,41.71,78.0,89,0,0,Rainy
2024-01-21,25,Fine Dining,Chicken Chop,Dinner,"chicken thigh, black pepper sauce, fries, coleslaw",8.0,39.49,54.95,279,0,0,Sunny
2024-01-21,25,Fine Dining,Nasi Lemak,Lunch,"rice, coconut milk, sambal, anchovies, egg, peanuts",2.5,12.64,15.73,268,0,0,Sunny
2024-01-21,27,Food Stall,Tandoori Chicken,Dinner,"chicken, yogurt, tandoori masala, ginger, garlic",7.0,17.16,32.31,127,0,0,Sunny
2024-01-21,33,Cafe,Mushroom Soup,Lunch,"mushrooms, cream, onion, garlic, vegetable broth",3.5,11.96,17.94,0,0,0,Sunny
2024-01-21,33,Cafe,Spaghetti Carbonara,Lunch,"spaghetti, eggs, cheese, beef bacon, black pepper",9.0,33.09,40.97,0,0,0,Cloudy
2024-01-21,35,Food Stall,Chicken Rice,Lunch,"chicken, rice, ginger, garlic, chili sauce, cucumber",4.0,9.93,13.48,210,0,0,Sunny
2024-01-21,38,Fine Dining,Chicken Chop,Lunch,"chicken thigh, black pepper sauce, fries, coleslaw",8.0,45.18,67.36,93,0,0,Rainy
2024-01-21,42,Fine Dining,Beef Rendang,Lunch,"beef, coconut milk, galangal, lemongrass, spices, chili",9.0,50.6,55.59,155,0,0,Sunny
2024-01-21,46,Casual Dining,Chicken Chop,Dinner,"chicken thigh, black pepper sauce, fries, coleslaw",8.0,20.46,46.68,197,0,0,Rainy
2024-01-21,47,Food Stall,Teh Tarik,Lunch,"black tea, condensed milk, evaporated milk",0.9,2.0,2.16,1193,1,0,Cloudy
2024-01-21,48,Casual Dining,Chicken Rice,Dinner,"chicken, rice, ginger, garlic, chili sauce, cucumber",4.0,13.84,21.7,248,0,0,Sunny
2024-01-21,49,Kopitiam,Cendol,Lunch,"rice flour jelly, coconut milk, palm sugar, red beans",2.0,5.28,5.1,607,1,1,Sunny
2024-01-21,49,Kopitiam,Chicken Rice,Dinner,"chicken, rice, ginger, garlic, chili sauce, cucumber",4.0,8.82,15.74,378,0,0,Cloudy
2024-01-21,50,Food Stall,Tandoori Chicken,Dinner,"chicken, yogurt, tandoori masala, ginger, garlic",7.0,13.7,31.87,111,0,0,Sunny
2024-01-22,1,Food Stall,Beef Rendang,Dinner,"beef, coconut milk, galangal, lemongrass, spices, chili",9.0,20.46,20.66,325,1,0,Sunny
2024-01-22,1,Food Stall,Cendol,Dinner,"rice flour jelly, coconut milk, palm sugar, red beans",2.0,4.41,6.89,260,0,0,Cloudy
2024-01-22,2,Food Stall,Tandoori Chicken,Dinner,"chicken, yogurt, tandoori masala, ginger, garlic",7.0,16.27,18.76,284,1,0,Rainy
2024-01-22,8,Casual Dining,Chicken Chop,Lunch,"chicken thigh, black pepper sauce, fries, coleslaw",8.0,22.06,30.25,350,1,0,Rainy
2024-01-22,9,Casual Dining,Nasi Lemak,Breakfast,"rice, coconut milk, sambal, anchovies, egg, peanuts",2.5,8.01,9.61,594,1,0,Sunny
2024-01-22,13,Food Stall,Teh Tarik,Lunch,"black tea, condensed milk, evaporated milk",0.9,1.69,2.9,270,0,0,Sunny
2024-01-22,19,Casual Dining,Kaya Toast Set,Breakfast,"white bread, kaya, butter, soft-boiled eggs",2.8,7.5,13.77,410,0,0,Rainy
2024-01-22,21,Casual Dining,Kaya Toast Set,Breakfast,"white bread, kaya, butter, soft-boiled eggs",2.8,7.77,14.34,389,0,0,Sunny
2024-01-22,23,Fine Dining,Beef Rendang,Lunch,"beef, coconut milk, galangal, lemongrass, spices, chili",9.0,46.36,68.82,147,0,0,Cloudy
2024-01-22,26,Food Stall,Beef Rendang,Lunch,"beef, coconut milk, galangal, lemongrass, spices, chili",9.0,17.35,20.14,349,1,0,Cloudy
2024-01-22,30,Cafe,Chicken Chop,Dinner,"chicken thigh, black pepper sauce, fries, coleslaw",8.0,26.19,40.03,0,0,0,Sunny
2024-01-22,30,Cafe,Mushroom Soup,Lunch,"mushrooms, cream, onion, garlic, vegetable broth",3.5,13.07,19.29,0,0,0,Cloudy
2024-01-22,32,Fine Dining,Iced Lemon Tea,Dinner,"black tea, lemon, sugar syrup",1.2,6.57,9.62,118,0,0,Sunny
2024-01-22,33,Cafe,Spaghetti Carbonara,Dinner,"spaghetti, eggs, cheese, beef bacon, black pepper",9.0,26.83,35.94,139,0,0,Cloudy
2024-01-22,34,Casual Dining,Char Kway Teow,Lunch,"flat rice noodles, prawns, cockles, bean sprouts, chives, soy sauce",5.0,14.97,28.98,45,0,0,Cloudy
2024-01-22,34,Casual Dining,Kaya Toast Set,Breakfast,"white bread, kaya, butter, soft-boiled eggs",2.8,7.83,13.44,371,0,0,Cloudy
2024-01-22,36,Food Stall,Tandoori Chicken,Dinner,"chicken, yogurt, tandoori masala, ginger, garlic",7.0,16.54,28.0,92,0,0,Cloudy
2024-01-22,37,Food Stall,Char Kway Teow,Lunch,"flat rice noodles, prawns, cockles, bean sprouts, chives, soy sauce",5.0,10.97,18.48,0,0,0,Sunny
2024-01-22,39,Casual Dining,Spaghetti Carbonara,Dinner,"spaghetti, eggs, cheese, beef bacon, black pepper",9.0,25.6,35.38,150,1,0,Sunny
2024-01-22,40,Food Stall,Nasi Lemak,Breakfast,"rice, coconut milk, sambal, anchovies, egg, peanuts",2.5,6.15,5.28,566,1,0,Sunny
2024-01-22,44,Food Stall,Kaya Toast Set,Breakfast,"white bread, kaya, butter, soft-boiled eggs",2.8,5.9,6.38,817,1,0,Sunny
2024-01-23,1,Food Stall,Nasi Lemak,Breakfast,"rice, coconut milk, sambal, anchovies, egg, peanuts",2.5,5.4,9.18,187,0,0,Sunny
2024-01-23,2,Food Stall,Roti Canai,Breakfast,"flour, ghee, egg, water, curry",0.8,2.02,2.08,460,0,1,Sunny
2024-01-23,3,Cafe,Chicken Chop,Lunch,"chicken thigh, black pepper sauce, fries, coleslaw",8.0,30.85,38.97,82,0,0,Rainy
2024-01-23,3,Cafe,Mushroom Soup,Lunch,"mushrooms, cream, onion, garlic, vegetable broth",3.5,14.29,15.65,62,0,0,Sunny
2024-01-23,8,Casual Dining,Chicken Chop,Lunch,"chicken thigh, black pepper sauce, fries, coleslaw",8.0,24.89,40.73,240,0,0,Sunny
2024-01-23,16,Food Stall,Roti Canai,Breakfast,"flour, ghee, egg, water, curry",0.8,1.77,2.14,473,0,0,Cloudy
2024-01-23,16,Food Stall,Tandoori Chicken,Dinner,"chicken, yogurt, tandoori masala, ginger, garlic",7.0,17.88,17.21,160,1,0,Sunny
2024-01-23,18,Food Stall,Tandoori Chicken,Dinner,"chicken, yogurt, tandoori masala, ginger, garlic",7.0,15.53,30.76,30,0,0,Cloudy
2024-01-23,19,Casual Dining,Cendol,Lunch,"rice flour jelly, coconut milk, palm sugar, red beans",2.0,5.86,12.17,17,0,0,Cloudy
2024-01-23,25,Fine Dining,Spaghetti Carbonara,Lunch,"spaghetti, eggs, cheese, beef bacon, black pepper",9.0,49.27,78.22,127,0,0,Sunny
2024-01-23,34,Casual Dining,Chicken Rice,Dinner,"chicken, rice, ginger, garlic, chili sauce, cucumber",4.0,10.83,20.55,132,0,0,Cloudy
2024-01-23,35,Food Stall,Chicken Rice,Lunch,"chicken, rice, ginger, garlic, chili sauce, cucumber",4.0,8.05,15.35,240,0,0,Sunny
2024-01-23,39,Casual Dining,Teh Tarik,Lunch,"black tea, condensed milk, evaporated milk",0.9,2.81,3.51,677,0,1,Sunny
2024-01-23,42,Fine Dining,Chicken Chop,Dinner,"chicken thigh, black pepper sauce, fries, coleslaw",8.0,33.99,42.12,176,1,0,Sunny
2024-01-23,43,Casual Dining,Chicken Chop,Lunch,"chicken thigh, black pepper sauce, fries, coleslaw",8.0,24.93,43.03,46,0,0,Rainy
2024-01-23,46,Casual Dining,Cendol,Dinner,"rice flour jelly, coconut milk, palm sugar, red beans",2.0,6.6,9.65,256,0,0,Cloudy
2024-01-23,47,Food Stall,Teh Tarik,Dinner,"black tea, condensed milk, evaporated milk",0.9,2.47,3.23,255,0,0,Rainy
2024-01-23,49,Kopitiam,Kaya Toast Set,Breakfast,"white bread, kaya, butter, soft-boiled eggs",2.8,6.77,8.27,423,0,0,Cloudy
2024-01-24,3,Cafe,Chicken Chop,Lunch,"chicken thigh, black pepper sauce, fries, coleslaw",8.0,23.8,34.91,260,0,0,Sunny
2024-01-24,5,Cafe,Spaghetti Carbonara,Dinner,"spaghetti, eggs, cheese, beef bacon, black pepper",9.0,31.82,49.63,67,0,0,Rainy
2024-01-24,10,Fine Dining,Nasi Lemak,Breakfast,"rice, coconut milk, sambal, anchovies, egg, peanuts",2.5,14.47,16.23,269,0,0,Cloudy
2024-01-24,10,Fine Dining,Nasi Lemak,Breakfast,"rice, coconut milk, sambal, anchovies, egg, peanuts",2.5,9.9,13.78,348,0,0,Rainy
2024-01-24,11,Food Stall,Kaya Toast Set,Breakfast,"white bread, kaya, butter, soft-boiled eggs",2.8,7.97,8.55,426,0,0,Sunny
2024-01-24,11,Food Stall,Laksa,Lunch,"rice noodles, fish broth, tamarind, shrimp paste, cucumber, mint",4.5,12.92,15.65,86,0,0,Sunny
2024-01-24,13,Food Stall,Kaya Toast Set,Breakfast,"white bread, kaya, butter, soft-boiled eggs",2.8,6.61,9.58,397,0,0,Sunny
2024-01-24,13,Food Stall,Nasi Lemak,Breakfast,"rice, coconut milk, sambal, anchovies, egg, peanuts",2.5,5.91,10.04,133,0,0,Sunny
2024-01-24,15,Food Stall,Beef Rendang,Lunch,"beef, coconut milk, galangal, lemongrass, spices, chili",9.0,17.58,39.48,12,0,0,Rainy
2024-01-24,15,Food Stall,Teh Tarik,Dinner,"black tea, condensed milk, evaporated milk",0.9,2.1,3.09,318,0,0,Sunny
2024-01-24,17,Food Stall,Laksa,Lunch,"rice noodles, fish broth, tamarind, shrimp paste, cucumber, mint",4.5,10.27,13.52,153,0,0,Rainy
2024-01-24,18,Food Stall,Roti Canai,Breakfast,"flour, ghee, egg, water, curry",0.8,1.51,2.19,358,0,0,Sunny
2024-01-24,18,Food Stall,Tandoori Chicken,Dinner,"chicken, yogurt, tandoori masala, ginger, garlic",7.0,17.3,29.11,43,0,0,Sunny
2024-01-24,20,Casual Dining,Spaghetti Carbonara,Dinner,"spaghetti, eggs, cheese, beef bacon, black pepper",9.0,31.04,55.86,48,0,0,Cloudy
2024-01-24,21,Casual Dining,Iced Lemon Tea,Breakfast,"black tea, lemon, sugar syrup",1.2,4.02,6.42,230,0,0,Cloudy
2024-01-24,22,Food Stall,Tandoori Chicken,Dinner,"chicken, yogurt, tandoori masala, ginger, garlic",7.0,16.03,16.53,197,1,0,Rainy
2024-01-24,27,Food Stall,Tandoori Chicken,Dinner,"chicken, yogurt, tandoori masala, ginger, garlic",7.0,18.0,16.22,336,1,0,Sunny
2024-01-24,29,Food Stall,Cendol,Lunch,"rice flour jelly, coconut milk, palm sugar, red beans",2.0,3.61,7.09,101,0,0,Sunny
2024-01-24,39,Casual Dining,Spaghetti Carbonara,Lunch,"spaghetti, eggs, cheese, beef bacon, black pepper",9.0,28.71,49.72,163,0,0,Sunny
2024-01-24,41,Cafe,Cendol,Dinner,"rice flour jelly, coconut milk, palm sugar, red beans",2.0,6.56,10.04,61,0,0,Sunny
2024-01-24,42,Fine Dining,Mushroom Soup,Lunch,"mushrooms, cream, onion, garlic, vegetable broth",3.5,14.92,26.64,115,0,0,Sunny
2024-01-24,43,Casual Dining,Iced Lemon Tea,Dinner,"black tea, lemon, sugar syrup",1.2,3.32,5.79,154,0,0,Sunny
2024-01-24,43,Casual Dining,Teh Tarik,Lunch,"black tea, condensed milk, evaporated milk",0.9,2.34,3.48,395,0,0,Sunny
2024-01-24,44,Food Stall,Cendol,Dinner,"rice flour jelly, coconut milk, palm sugar, red beans",2.0,5.43,6.55,141,0,0,Cloudy
2024-01-24,45,Food Stall,Kaya Toast Set,Breakfast,"white bread, kaya, butter, soft-boiled eggs",2.8,6.72,7.52,347,0,0,Sunny
2024-01-24,46,Casual Dining,Teh Tarik,Breakfast,"black tea, condensed milk, evaporated milk",0.9,3.13,4.01,445,0,0,Sunny
2024-01-25,3,Cafe,Chicken Chop,Dinner,"chicken thigh, black pepper sauce, fries, coleslaw",8.0,30.64,28.33,296,0,0,Rainy
2024-01-25,4,Cafe,Cendol,Dinner,"rice flour jelly, coconut milk, palm sugar, red beans",2.0,7.35,10.03,21,0,0,Sunny
2024-01-25,4,Cafe,Iced Lemon Tea,Breakfast,"black tea, lemon, sugar syrup",1.2,4.4,3.96,520,0,0,Cloudy
2024-01-25,6,Fine Dining,Mushroom Soup,Dinner,"mushrooms, cream, onion, garlic, vegetable broth",3.5,19.57,30.96,112,0,0,Cloudy
2024-01-25,6,Fine Dining,Mushroom Soup,Dinner,"mushrooms, cream, onion, garlic, vegetable broth",3.5,15.15,28.58,72,0,0,Cloudy
2024-01-25,6,Fine Dining,Spaghetti Carbonara,Lunch,"spaghetti, eggs, cheese, beef bacon, black pepper",9.0,36.81,58.28,193,0,0,Sunny
2024-01-25,6,Fine Dining,Spaghetti Carbonara,Dinner,"spaghetti, eggs, cheese, beef bacon, black pepper",9.0,49.91,60.88,277,0,1,Sunny
2024-01-25,10,Fine Dining,Mushroom Soup,Dinner,"mushrooms, cream, onion, garlic, vegetable broth",3.5,19.1,24.96,10,0,0,Sunny
2024-01-25,16,Food Stall,Roti Canai,Breakfast,"flour, ghee, egg, water, curry",0.8,1.49,2.26,555,0,0,Sunny
2024-01-25,16,Food Stall,Tandoori Chicken,Dinner,"chicken, yogurt, tandoori masala, ginger, garlic",7.0,16.05,25.51,2,0,0,Cloudy
2024-01-25,18,Food Stall,Tandoori Chicken,Dinner,"chicken, yogurt, tandoori masala, ginger, garlic",7.0,17.6,24.6,113,0,0,Sunny
2024-01-25,19,Casual Dining,Char Kway Teow,Lunch,"flat rice noodles, prawns, cockles, bean sprouts, chives, soy sauce",5.0,16.37,28.98,147,0,0,Sunny
2024-01-25,19,Casual Dining,Char Kway Teow,Lunch,"flat rice noodles, prawns, cockles, bean sprouts, chives, soy sauce",5.0,16.53,22.5,315,0,0,Sunny
2024-01-25,20,Casual Dining,Chicken Chop,Dinner,"chicken thigh, black pepper sauce, fries, coleslaw",8.0,23.11,37.9,293,0,0,Sunny
2024-01-25,20,Casual Dining,Kaya Toast Set,Breakfast,"white bread, kaya, butter, soft-boiled eggs",2.8,9.63,11.48,438,0,0,Cloudy
2024-01-25,20,Casual Dining,Mushroom Soup,Dinner,"mushrooms, cream, onion, garlic, vegetable broth",3.5,10.02,22.26,112,0,0,Sunny
2024-01-25,25,Fine Dining,Chicken Chop,Lunch,"chicken thigh, black pepper sauce, fries, coleslaw",8.0,38.77,35.03,455,1,0,Cloudy
2024-01-25,26,Food Stall,Beef Rendang,Lunch,"beef, coconut milk, galangal, lemongrass, spices, chili",9.0,18.01,27.96,220,0,0,Cloudy
2024-01-25,27,Food Stall,Tandoori Chicken,Dinner,"chicken, yogurt, tandoori masala, ginger, garlic",7.0,16.55,25.76,8,0,0,Cloudy
2024-01-25,29,Food Stall,Chicken Rice,Lunch,"chicken, rice, ginger, garlic, chili sauce, cucumber",4.0,9.04,8.6,409,1,0,Rainy
2024-01-25,30,Cafe,Teh Tarik,Dinner,"black tea, condensed milk, evaporated milk",0.9,2.74,3.87,573,0,0,Cloudy
2024-01-25,34,Casual Dining,Kaya Toast Set,Breakfast,"white bread, kaya, butter, soft-boiled eggs",2.8,9.64,14.02,801,0,0,Sunny
2024-01-25,37,Food Stall,Char Kway Teow,Lunch,"flat rice noodles, prawns, cockles, bean sprouts, chives, soy sauce",5.0,11.34,16.71,151,0,0,Sunny
2024-01-25,45,Food Stall,Cendol,Lunch,"rice flour jelly, coconut milk, palm sugar, red beans",2.0,4.2,4.03,627,1,0,Sunny
2024-01-25,46,Casual Dining,Cendol,Lunch,"rice flour jelly, coconut milk, palm sugar, red beans",2.0,6.74,9.94,278,0,0,Sunny
2024-01-25,47,Food Stall,Cendol,Lunch,"rice flour jelly, coconut milk, palm sugar, red beans",2.0,5.16,5.45,565,1,0,Cloudy
2024-01-25,48,Casual Dining,Kaya Toast Set,Breakfast,"white bread, kaya, butter, soft-boiled eggs",2.8,8.29,13.98,430,0,0,Sunny
2024-01-25,50,Food Stall,Roti Canai,Dinner,"flour, ghee, egg, water, curry",0.8,2.08,2.65,500,0,0,Sunny
2024-01-25,50,Food Stall,Roti Canai,Breakfast,"flour, ghee, egg, water, curry",0.8,1.62,2.67,469,0,0,Rainy
2024-01-26,4,Cafe,Spaghetti Carbonara,Dinner,"spaghetti, eggs, cheese, beef bacon, black pepper",9.0,34.79,36.99,158,0,0,Sunny
2024-01-26,6,Fine Dining,Iced Lemon Tea,Breakfast,"black tea, lemon, sugar syrup",1.2,5.24,7.67,315,0,0,Sunny
2024-01-26,6,Fine Dining,Iced Lemon Tea,Lunch,"black tea, lemon, sugar syrup",1.2,6.03,7.47,177,0,0,Sunny
2024-01-26,6,Fine Dining,Mushroom Soup,Lunch,"mushrooms, cream, onion, garlic, vegetable broth",3.5,15.74,25.77,0,0,0,Rainy
2024-01-26,9,Casual Dining,Nasi Lemak,Breakfast,"rice, coconut milk, sambal, anchovies, egg, peanuts",2.5,7.17,13.4,146,0,0,Sunny
2024-01-26,11,Food Stall,Cendol,Dinner,"rice flour jelly, coconut milk, palm sugar, red beans",2.0,4.34,7.3,115,0,0,Sunny
2024-01-26,11,Food Stall,Teh Tarik,Breakfast,"black tea, condensed milk, evaporated milk",0.9,1.85,2.64,722,0,0,Sunny
2024-01-26,15,Food Stall,Kaya Toast Set,Breakfast,"white bread, kaya, butter, soft-boiled eggs",2.8,6.01,8.58,310,0,0,Sunny
2024-01-26,18,Food Stall,Roti Canai,Dinner,"flour, ghee, egg, water, curry",0.8,1.76,1.39,465,1,0,Sunny
2024-01-26,20,Casual Dining,Beef Rendang,Dinner,"beef, coconut milk, galangal, lemongrass, spices, chili",9.0,29.22,45.09,408,0,0,Sunny
2024-01-26,20,Casual Dining,Iced Lemon Tea,Breakfast,"black tea, lemon, sugar syrup",1.2,3.05,7.76,0,0,0,Cloudy
2024-01-26,23,Fine Dining,Iced Lemon Tea,Lunch,"black tea, lemon, sugar syrup",1.2,5.53,4.08,496,1,0,Rainy
2024-01-26,26,Food Stall,Kaya Toast Set,Breakfast,"white bread, kaya, butter, soft-boiled eggs",2.8,6.26,9.69,320,0,0,Rainy
2024-01-26,27,Food Stall,Roti Canai,Dinner,"flour, ghee, egg, water, curry",0.8,1.95,2.46,270,0,0,Cloudy
2024-01-26,29,Food Stall,Cendol,Dinner,"rice flour jelly, coconut milk, palm sugar, red beans",2.0,5.0,7.88,239,0,0,Rainy
2024-01-26,34,Casual Dining,Cendol,Dinner,"rice flour jelly, coconut milk, palm sugar, red beans",2.0,5.76,12.98,19,0,0,Rainy
2024-01-26,34,Casual Dining,Cendol,Lunch,"rice flour jelly, coconut milk, palm sugar, red beans",2.0,6.52,13.68,110,0,0,Sunny
2024-01-26,35,Food Stall,Char Kway Teow,Lunch,"flat rice noodles, prawns, cockles, bean sprouts, chives, soy sauce",5.0,11.9,19.29,57,0,0,Cloudy
2024-01-26,37,Food Stall,Chicken Rice,Dinner,"chicken, rice, ginger, garlic, chili sauce, cucumber",4.0,8.89,13.91,157,0,0,Rainy
2024-01-26,40,Food Stall,Cendol,Lunch,"rice flour jelly, coconut milk, palm sugar, red beans",2.0,3.9,6.34,356,0,0,Cloudy
2024-01-26,40,Food Stall,Kaya Toast Set,Breakfast,"white bread, kaya, butter, soft-boiled eggs",2.8,5.18,9.35,364,0,0,Sunny
2024-01-26,43,Casual Dining,Iced Lemon Tea,Dinner,"black tea, lemon, sugar syrup",1.2,4.14,5.51,280,0,0,Cloudy
2024-01-26,44,Food Stall,Kaya Toast Set,Breakfast,"white bread, kaya, butter, soft-boiled eggs",2.8,5.79,9.66,269,0,0,Sunny
2024-01-26,45,Food Stall,Kaya Toast Set,Breakfast,"white bread, kaya, butter, soft-boiled eggs",2.8,5.63,8.51,393,0,0,Rainy
2024-01-26,46,Casual Dining,Mushroom Soup,Dinner,"mushrooms, cream, onion, garlic, vegetable broth",3.5,10.44,13.29,266,1,0,Sunny
2024-01-26,47,Food Stall,Laksa,Lunch,"rice noodles, fish broth, tamarind, shrimp paste, cucumber, mint",4.5,9.98,20.27,35,0,0,Sunny
2024-01-26,48,Casual Dining,Char Kway Teow,Lunch,"flat rice noodles, prawns, cockles, bean sprouts, chives, soy sauce",5.0,15.51,14.18,367,1,0,Sunny
2024-01-26,49,Kopitiam,Cendol,Lunch,"rice flour jelly, coconut milk, palm sugar, red beans",2.0,4.84,5.97,345,0,0,Sunny
2024-01-27,4,Cafe,Beef Rendang,Dinner,"beef, coconut milk, galangal, lemongrass, spices, chili",9.0,33.33,27.68,85,1,0,Cloudy
2024-01-27,4,Cafe,Chicken Chop,Lunch,"chicken thigh, black pepper sauce, fries, coleslaw",8.0,25.56,34.05,289,0,0,Cloudy
2024-01-27,4,Cafe,Chicken Chop,Lunch,"chicken thigh, black pepper sauce, fries, coleslaw",8.0,28.7,39.74,160,0,0,Sunny
2024-01-27,6,Fine Dining,Chicken Chop,Dinner,"chicken thigh, black pepper sauce, fries, coleslaw",8.0,30.16,55.92,59,0,0,Cloudy
2024-01-27,8,Casual Dining,Kaya Toast Set,Breakfast,"white bread, kaya, butter, soft-boiled eggs",2.8,9.04,12.07,431,0,0,Sunny
2024-01-27,10,Fine Dining,Beef Rendang,Dinner,"beef, coconut milk, galangal, lemongrass, spices, chili",9.0,50.12,55.62,173,0,0,Cloudy
2024-01-27,14,Food Stall,Beef Rendang,Dinner,"beef, coconut milk, galangal, lemongrass, spices, chili",9.0,22.26,27.86,201,0,0,Sunny
2024-01-27,17,Food Stall,Kaya Toast Set,Breakfast,"white bread, kaya, butter, soft-boiled eggs",2.8,6.05,5.35,716,1,1,Sunny
2024-01-27,18,Food Stall,Tandoori Chicken,Dinner,"chicken, yogurt, tandoori masala, ginger, garlic",7.0,17.67,26.33,136,0,0,Sunny
2024-01-27,19,Casual Dining,Char Kway Teow,Lunch,"flat rice noodles, prawns, cockles, bean sprouts, chives, soy sauce",5.0,16.72,26.37,210,0,0,Sunny
2024-01-27,24,Casual Dining,Cendol,Lunch,"rice flour jelly, coconut milk, palm sugar, red beans",2.0,6.06,9.9,249,0,0,Rainy
2024-01-27,24,Casual Dining,Chicken Rice,Lunch,"chicken, rice, ginger, garlic, chili sauce, cucumber",4.0,13.56,16.37,270,0,0,Sunny
2024-01-27,25,Fine Dining,Iced Lemon Tea,Breakfast,"black tea, lemon, sugar syrup",1.2,4.81,7.64,459,0,0,Sunny
2024-01-27,25,Fine Dining,Nasi Lemak,Breakfast,"rice, coconut milk, sambal, anchovies, egg, peanuts",2.5,10.65,9.01,714,1,0,Sunny
2024-01-27,29,Food Stall,Char Kway Teow,Dinner,"flat rice noodles, prawns, cockles, bean sprouts, chives, soy sauce",5.0,8.87,12.02,284,1,0,Sunny
2024-01-27,29,Food Stall,Char Kway Teow,Lunch,"flat rice noodles, prawns, cockles, bean sprouts, chives, soy sauce",5.0,9.64,14.43,328,0,0,Sunny
2024-01-27,33,Cafe,Chicken Chop,Lunch,"chicken thigh, black pepper sauce, fries, coleslaw",8.0,25.91,43.53,84,0,0,Sunny
2024-01-27,44,Food Stall,Cendol,Dinner,"rice flour jelly, coconut milk, palm sugar, red beans",2.0,4.69,7.13,369,0,0,Cloudy
2024-01-27,45,Food Stall,Chicken Rice,Lunch,"chicken, rice, ginger, garlic, chili sauce, cucumber",4.0,7.77,16.16,126,0,0,Sunny
2024-01-27,45,Food Stall,Teh Tarik,Dinner,"black tea, condensed milk, evaporated milk",0.9,1.69,2.66,438,0,0,Sunny
2024-01-27,46,Casual Dining,Iced Lemon Tea,Dinner,"black tea, lemon, sugar syrup",1.2,3.21,4.83,303,0,0,Sunny
2024-01-27,46,Casual Dining,Mushroom Soup,Lunch,"mushrooms, cream, onion, garlic, vegetable broth",3.5,11.46,18.99,188,0,0,Cloudy
2024-01-27,49,Kopitiam,Cendol,Lunch,"rice flour jelly, coconut milk, palm sugar, red beans",2.0,5.87,5.93,282,0,0,Sunny
2024-01-27,50,Food Stall,Tandoori Chicken,Dinner,"chicken, yogurt, tandoori masala, ginger, garlic",7.0,16.77,23.97,110,0,0,Cloudy
2024-01-28,1,Food Stall,Nasi Lemak,Lunch,"rice, coconut milk, sambal, anchovies, egg, peanuts",2.5,5.88,7.55,474,0,0,Rainy
2024-01-28,3,Cafe,Mushroom Soup,Lunch,"mushrooms, cream, onion, garlic, vegetable broth",3.5,11.0,19.36,108,0,0,Rainy
2024-01-28,6,Fine Dining,Spaghetti Carbonara,Lunch,"spaghetti, eggs, cheese, beef bacon, black pepper",9.0,37.54,66.91,63,0,0,Sunny
2024-01-28,8,Casual Dining,Cendol,Lunch,"rice flour jelly, coconut milk, palm sugar, red beans",2.0,4.88,8.24,416,0,0,Sunny
2024-01-28,9,Casual Dining,Cendol,Lunch,"rice flour jelly, coconut milk, palm sugar, red beans",2.0,6.43,10.23,189,0,0,Sunny
2024-01-28,9,Casual Dining,Spaghetti Carbonara,Lunch,"spaghetti, eggs, cheese, beef bacon, black pepper",9.0,28.91,47.93,0,0,0,Rainy
2024-01-28,11,Food Stall,Cendol,Dinner,"rice flour jelly, coconut milk, palm sugar, red beans",2.0,4.95,6.99,242,0,0,Sunny
2024-01-28,12,Cafe,Teh Tarik,Lunch,"black tea, condensed milk, evaporated milk",0.9,3.61,3.16,926,0,0,Sunny
2024-01-28,13,Food Stall,Kaya Toast Set,Breakfast,"white bread, kaya, butter, soft-boiled eggs",2.8,6.08,9.98,309,0,0,Rainy
2024-01-28,14,Food Stall,Teh Tarik,Lunch,"black tea, condensed milk, evaporated milk",0.9,1.69,2.79,730,0,0,Sunny
2024-01-28,16,Food Stall,Roti Canai,Dinner,"flour, ghee, egg, water, curry",0.8,1.62,2.43,564,0,0,Sunny
2024-01-28,18,Food Stall,Tandoori Chicken,Dinner,"chicken, yogurt, tandoori masala, ginger, garlic",7.0,17.31,22.78,276,0,0,Sunny
2024-01-28,19,Casual Dining,Char Kway Teow,Lunch,"flat rice noodles, prawns, cockles, bean sprouts, chives, soy sauce",5.0,14.01,24.25,259,0,0,Cloudy
2024-01-28,24,Casual Dining,Teh Tarik,Dinner,"black tea, condensed milk, evaporated milk",0.9,2.69,4.45,515,0,0,Cloudy
2024-01-28,27,Food Stall,Roti Canai,Breakfast,"flour, ghee, egg, water, curry",0.8,1.71,2.56,466,0,0,Rainy
2024-01-28,28,Fine Dining,Chicken Chop,Dinner,"chicken thigh, black pepper sauce, fries, coleslaw",8.0,42.48,60.34,87,0,0,Sunny
2024-01-28,29,Food Stall,Kaya Toast Set,Breakfast,"white bread, kaya, butter, soft-boiled eggs",2.8,6.02,9.57,428,0,0,Rainy
2024-01-28,30,Cafe,Beef Rendang,Dinner,"beef, coconut milk, galangal, lemongrass, spices, chili",9.0,32.84,46.71,217,0,0,Sunny
2024-01-28,39,Casual Dining,Teh Tarik,Breakfast,"black tea, condensed milk, evaporated milk",0.9,2.92,4.16,693,0,0,Rainy
2024-01-28,40,Food Stall,Teh Tarik,Breakfast,"black tea, condensed milk, evaporated milk",0.9,1.87,2.95,564,0,0,Cloudy
2024-01-28,44,Food Stall,Cendol,Dinner,"rice flour jelly, coconut milk, palm sugar, red beans",2.0,5.43,7.16,272,0,0,Sunny
2024-01-28,44,Food Stall,Kaya Toast Set,Breakfast,"white bread, kaya, butter, soft-boiled eggs",2.8,7.8,5.95,817,1,0,Sunny
2024-01-28,45,Food Stall,Teh Tarik,Dinner,"black tea, condensed milk, evaporated milk",0.9,1.98,2.81,367,0,0,Rainy
2024-01-28,46,Casual Dining,Cendol,Lunch,"rice flour jelly, coconut milk, palm sugar, red beans",2.0,6.8,7.86,536,1,0,Sunny
2024-01-28,47,Food Stall,Kaya Toast Set,Breakfast,"white bread, kaya, butter, soft-boiled eggs",2.8,6.77,7.39,716,0,0,Cloudy
2024-01-28,49,Kopitiam,Cendol,Lunch,"rice flour jelly, coconut milk, palm sugar, red beans",2.0,5.21,3.99,607,1,0,Sunny
2024-01-29,10,Fine Dining,Iced Lemon Tea,Lunch,"black tea, lemon, sugar syrup",1.2,4.82,7.79,222,0,0,Sunny
2024-01-29,10,Fine Dining,Mushroom Soup,Dinner,"mushrooms, cream, onion, garlic, vegetable broth",3.5,17.08,28.06,93,0,0,Cloudy
2024-01-29,10,Fine Dining,Mushroom Soup,Dinner,"mushrooms, cream, onion, garlic, vegetable broth",3.5,18.64,15.96,270,1,0,Sunny
2024-01-29,11,Food Stall,Kaya Toast Set,Breakfast,"white bread, kaya, butter, soft-boiled eggs",2.8,6.66,8.97,212,0,0,Rainy
2024-01-29,13,Food Stall,Beef Rendang,Dinner,"beef, coconut milk, galangal, lemongrass, spices, chili",9.0,19.24,37.77,73,0,0,Cloudy
2024-01-29,15,Food Stall,Beef Rendang,Lunch,"beef, coconut milk, galangal, lemongrass, spices, chili",9.0,20.27,35.46,40,0,0,Cloudy
2024-01-29,15,Food Stall,Nasi Lemak,Breakfast,"rice, coconut milk, sambal, anchovies, egg, peanuts",2.5,5.43,7.45,311,0,0,Sunny
2024-01-29,17,Food Stall,Kaya Toast Set,Breakfast,"white bread, kaya, butter, soft-boiled eggs",2.8,7.34,8.91,298,0,0,Sunny
2024-01-29,18,Food Stall,Roti Canai,Breakfast,"flour, ghee, egg, water, curry",0.8,1.94,2.49,247,0,0,Rainy
2024-01-29,20,Casual Dining,Beef Rendang,Lunch,"beef, coconut milk, galangal, lemongrass, spices, chili",9.0,25.65,45.32,240,0,0,Sunny
2024-01-29,21,Casual Dining,Iced Lemon Tea,Breakfast,"black tea, lemon, sugar syrup",1.2,3.52,4.66,585,1,0,Sunny
2024-01-29,21,Casual Dining,Mushroom Soup,Dinner,"mushrooms, cream, onion, garlic, vegetable broth",3.5,9.23,23.1,25,0,0,Cloudy
2024-01-29,25,Fine Dining,Mushroom Soup,Lunch,"mushrooms, cream, onion, garlic, vegetable broth",3.5,15.05,31.52,65,0,0,Cloudy
2024-01-29,28,Fine Dining,Iced Lemon Tea,Lunch,"black tea, lemon, sugar syrup",1.2,5.85,8.61,202,0,0,Sunny
2024-01-29,28,Fine Dining,Nasi Lemak,Lunch,"rice, coconut milk, sambal, anchovies, egg, peanuts",2.5,11.41,17.44,391,0,1,Cloudy
2024-01-29,28,Fine Dining,Nasi Lemak,Breakfast,"rice, coconut milk, sambal, anchovies, egg, peanuts",2.5,13.39,18.1,246,0,0,Sunny
2024-01-29,28,Fine Dining,Spaghetti Carbonara,Lunch,"spaghetti, eggs, cheese, beef bacon, black pepper",9.0,39.07,63.16,190,0,0,Sunny
2024-01-29,32,Fine Dining,Spaghetti Carbonara,Lunch,"spaghetti, eggs, cheese, beef bacon, black pepper",9.0,38.98,38.62,241,1,0,Sunny
2024-01-29,42,Fine Dining,Nasi Lemak,Lunch,"rice, coconut milk, sambal, anchovies, egg, peanuts",2.5,12.7,11.65,687,1,1,Rainy
2024-01-29,45,Food Stall,Teh Tarik,Breakfast,"black tea, condensed milk, evaporated milk",0.9,1.7,2.68,402,0,0,Cloudy
2024-01-29,47,Food Stall,Kaya Toast Set,Breakfast,"white bread, kaya, butter, soft-boiled eggs",2.8,5.87,7.76,422,0,0,Sunny
2024-01-29,49,Kopitiam,Chicken Rice,Lunch,"chicken, rice, ginger, garlic, chili sauce, cucumber",4.0,11.91,13.69,231,1,0,Rainy
2024-01-30,1,Food Stall,Beef Rendang,Dinner,"beef, coconut milk, galangal, lemongrass, spices, chili",9.0,18.03,38.84,17,0,0,Sunny
2024-01-30,1,Food Stall,Beef Rendang,Lunch,"beef, coconut milk, galangal, lemongrass, spices, chili",9.0,22.13,21.3,399,1,1,Sunny
2024-01-30,3,Cafe,Cendol,Dinner,"rice flour jelly, coconut milk, palm sugar, red beans",2.0,7.83,6.65,409,0,1,Sunny
2024-01-30,7,Casual Dining,Teh Tarik,Dinner,"black tea, condensed milk, evaporated milk",0.9,2.69,3.64,511,0,1,Sunny
2024-01-30,8,Casual Dining,Iced Lemon Tea,Breakfast,"black tea, lemon, sugar syrup",1.2,3.81,5.37,499,0,0,Sunny
2024-01-30,9,Casual Dining,Mushroom Soup,Dinner,"mushrooms, cream, onion, garlic, vegetable broth",3.5,10.98,15.17,215,1,0,Cloudy
2024-01-30,10,Fine Dining,Beef Rendang,Lunch,"beef, coconut milk, galangal, lemongrass, spices, chili",9.0,43.28,80.04,115,0,0,Sunny
2024-01-30,10,Fine Dining,Nasi Lemak,Breakfast,"rice, coconut milk, sambal, anchovies, egg, peanuts",2.5,11.22,14.59,404,0,0,Cloudy
2024-01-30,13,Food Stall,Kaya Toast Set,Breakfast,"white bread, kaya, butter, soft-boiled eggs",2.8,5.51,8.39,363,0,1,Sunny
2024-01-30,15,Food Stall,Beef Rendang,Lunch,"beef, coconut milk, galangal, lemongrass, spices, chili",9.0,18.15,22.64,229,1,0,Cloudy
2024-01-30,15,Food Stall,Nasi Lemak,Lunch,"rice, coconut milk, sambal, anchovies, egg, peanuts",2.5,5.77,7.58,144,0,0,Cloudy
2024-01-30,16,Food Stall,Tandoori Chicken,Dinner,"chicken, yogurt, tandoori masala, ginger, garlic",7.0,17.78,24.72,145,0,0,Sunny
2024-01-30,17,Food Stall,Teh Tarik,Dinner,"black tea, condensed milk, evaporated milk",0.9,1.84,3.46,152,0,0,Rainy
2024-01-30,18,Food Stall,Roti Canai,Dinner,"flour, ghee, egg, water, curry",0.8,1.99,2.56,312,0,0,Sunny
2024-01-30,21,Casual Dining,Cendol,Dinner,"rice flour jelly, coconut milk, palm sugar, red beans",2.0,6.3,6.7,342,1,0,Sunny
2024-01-30,22,Food Stall,Tandoori Chicken,Dinner,"chicken, yogurt, tandoori masala, ginger, garlic",7.0,13.12,26.3,50,0,0,Sunny
2024-01-30,28,Fine Dining,Beef Rendang,Lunch,"beef, coconut milk, galangal, lemongrass, spices, chili",9.0,47.46,43.3,148,1,0,Rainy
2024-01-30,28,Fine Dining,Chicken Chop,Lunch,"chicken thigh, black pepper sauce, fries, coleslaw",8.0,42.22,68.26,76,0,0,Sunny
2024-01-30,32,Fine Dining,Iced Lemon Tea,Lunch,"black tea, lemon, sugar syrup",1.2,5.05,6.47,394,0,0,Sunny
2024-01-30,37,Food Stall,Char Kway Teow,Dinner,"flat rice noodles, prawns, cockles, bean sprouts, chives, soy sauce",5.0,11.48,18.8,105,0,0,Rainy
2024-01-30,38,Fine Dining,Spaghetti Carbonara,Lunch,"spaghetti, eggs, cheese, beef bacon, black pepper",9.0,41.16,68.88,110,0,1,Cloudy
2024-01-30,40,Food Stall,Beef Rendang,Lunch,"beef, coconut milk, galangal, lemongrass, spices, chili",9.0,17.58,28.64,277,0,0,Cloudy
2024-01-30,43,Casual Dining,Teh Tarik,Lunch,"black tea, condensed milk, evaporated milk",0.9,2.44,4.47,470,0,0,Sunny
2024-01-30,44,Food Stall,Kaya Toast Set,Breakfast,"white bread, kaya, butter, soft-boiled eggs",2.8,6.63,9.19,319,0,0,Sunny
2024-01-30,46,Casual Dining,Kaya Toast Set,Breakfast,"white bread, kaya, butter, soft-boiled eggs",2.8,8.4,12.95,493,0,0,Sunny
2024-01-30,46,Casual Dining,Teh Tarik,Lunch,"black tea, condensed milk, evaporated milk",0.9,2.78,4.19,341,0,0,Rainy
2024-01-31,1,Food Stall,Kaya Toast Set,Breakfast,"white bread, kaya, butter, soft-boiled eggs",2.8,5.61,9.05,139,0,0,Rainy
2024-01-31,3,Cafe,Kaya Toast Set,Breakfast,"white bread, kaya, butter, soft-boiled eggs",2.8,10.59,12.98,248,0,0,Cloudy
2024-01-31,3,Cafe,Teh Tarik,Lunch,"black tea, condensed milk, evaporated milk",0.9,3.6,3.19,520,0,0,Cloudy
2024-01-31,10,Fine Dining,Chicken Chop,Dinner,"chicken thigh, black pepper sauce, fries, coleslaw",8.0,40.3,62.29,165,0,0,Cloudy
2024-01-31,10,Fine Dining,Mushroom Soup,Lunch,"mushrooms, cream, onion, garlic, vegetable broth",3.5,18.8,27.45,66,0,0,Cloudy
2024-01-31,12,Cafe,Iced Lemon Tea,Breakfast,"black tea, lemon, sugar syrup",1.2,3.73,4.73,376,0,0,Sunny
2024-01-31,13,Food Stall,Beef Rendang,Lunch,"beef, coconut milk, galangal, lemongrass, spices, chili",9.0,17.27,38.85,44,0,0,Sunny
2024-01-31,14,Food Stall,Kaya Toast Set,Breakfast,"white bread, kaya, butter, soft-boiled eggs",2.8,5.15,10.59,179,0,0,Sunny
2024-01-31,17,Food Stall,Laksa,Lunch,"rice noodles, fish broth, tamarind, shrimp paste, cucumber, mint",4.5,12.39,17.61,96,0,1,Rainy
2024-01-31,21,Casual Dining,Cendol,Dinner,"rice flour jelly, coconut milk, palm sugar, red beans",2.0,6.65,13.13,52,0,0,Rainy
2024-01-31,22,Food Stall,Roti Canai,Dinner,"flour, ghee, egg, water, curry",0.8,2.11,3.17,205,0,0,Sunny
2024-01-31,25,Fine Dining,Chicken Chop,Dinner,"chicken thigh, black pepper sauce, fries, coleslaw",8.0,33.78,46.28,184,1,0,Cloudy
2024-01-31,25,Fine Dining,Iced Lemon Tea,Lunch,"black tea, lemon, sugar syrup",1.2,5.71,5.51,332,1,0,Cloudy
2024-01-31,26,Food Stall,Beef Rendang,Dinner,"beef, coconut milk, galangal, lemongrass, spices, chili",9.0,19.34,22.04,173,1,0,Cloudy
2024-01-31,26,Food Stall,Nasi Lemak,Breakfast,"rice, coconut milk, sambal, anchovies, egg, peanuts",2.5,5.27,7.8,318,0,0,Cloudy
2024-01-31,28,Fine Dining,Mushroom Soup,Lunch,"mushrooms, cream, onion, garlic, vegetable broth",3.5,16.72,25.58,158,0,0,Sunny
2024-01-31,28,Fine Dining,Mushroom Soup,Lunch,"mushrooms, cream, onion, garlic, vegetable broth",3.5,17.45,25.66,146,0,0,Sunny
2024-01-31,30,Cafe,Cendol,Lunch,"rice flour jelly, coconut milk, palm sugar, red beans",2.0,5.89,9.05,218,0,0,Sunny
2024-01-31,30,Cafe,Iced Lemon Tea,Breakfast,"black tea, lemon, sugar syrup",1.2,4.53,5.13,358,0,0,Sunny
2024-01-31,30,Cafe,Mushroom Soup,Dinner,"mushrooms, cream, onion, garlic, vegetable broth",3.5,14.95,18.88,38,0,0,Cloudy
2024-01-31,34,Casual Dining,Chicken Rice,Dinner,"chicken, rice, ginger, garlic, chili sauce, cucumber",4.0,11.3,18.05,125,1,0,Cloudy
2024-01-31,36,Food Stall,Roti Canai,Dinner,"flour, ghee, egg, water, curry",0.8,1.97,2.8,206,0,0,Sunny
2024-01-31,38,Fine Dining,Chicken Chop,Dinner,"chicken thigh, black pepper sauce, fries, coleslaw",8.0,35.64,59.02,0,0,0,Rainy
2024-01-31,38,Fine Dining,Nasi Lemak,Lunch,"rice, coconut milk, sambal, anchovies, egg, peanuts",2.5,11.22,10.82,381,1,0,Rainy
2024-01-31,40,Food Stall,Teh Tarik,Dinner,"black tea, condensed milk, evaporated milk",0.9,1.71,2.59,471,0,0,Sunny
2024-01-31,41,Cafe,Iced Lemon Tea,Breakfast,"black tea, lemon, sugar syrup",1.2,3.36,5.9,234,0,0,Sunny
2024-01-31,41,Cafe,Teh Tarik,Lunch,"black tea, condensed milk, evaporated milk",0.9,3.2,3.58,363,0,0,Cloudy
2024-01-31,42,Fine Dining,Chicken Chop,Dinner,"chicken thigh, black pepper sauce, fries, coleslaw",8.0,39.55,57.87,107,0,0,Cloudy
2024-01-31,43,Casual Dining,Iced Lemon Tea,Dinner,"black tea, lemon, sugar syrup",1.2,3.7,6.67,244,0,0,Sunny
2024-01-31,46,Casual Dining,Cendol,Dinner,"rice flour jelly, coconut milk, palm sugar, red beans",2.0,7.02,11.57,219,0,0,Sunny
2024-01-31,48,Casual Dining,Chicken Rice,Dinner,"chicken, rice, ginger, garlic, chili sauce, cucumber",4.0,11.44,17.98,291,0,0,Sunny
2024-01-31,48,Casual Dining,Kaya Toast Set,Breakfast,"white bread, kaya, butter, soft-boiled eggs",2.8,7.64,9.31,874,1,0,Sunny
2024-01-31,49,Kopitiam,Char Kway Teow,Lunch,"flat rice noodles, prawns, cockles, bean sprouts, chives, soy sauce",5.0,9.97,18.91,295,0,1,Cloudy
2024-01-31,50,Food Stall,Tandoori Chicken,Dinner,"chicken, yogurt, tandoori masala, ginger, garlic",7.0,13.95,23.54,253,0,1,Sunny
2024-02-01,2,Food Stall,Tandoori Chicken,Dinner,"chicken, yogurt, tandoori masala, ginger, garlic",7.0,14.92,31.05,76,0,0,Cloudy
2024-02-01,4,Cafe,Teh Tarik,Lunch,"black tea, condensed milk, evaporated milk",0.9,2.63,3.73,762,0,0,Sunny
2024-02-01,5,Cafe,Mushroom Soup,Lunch,"mushrooms, cream, onion, garlic, vegetable broth",3.5,12.74,13.88,140,0,0,Sunny
2024-02-01,5,Cafe,Spaghetti Carbonara,Lunch,"spaghetti, eggs, cheese, beef bacon, black pepper",9.0,36.34,26.47,311,1,0,Sunny
2024-02-01,6,Fine Dining,Chicken Chop,Dinner,"chicken thigh, black pepper sauce, fries, coleslaw",8.0,44.08,69.14,52,0,0,Cloudy
2024-02-01,7,Casual Dining,Spaghetti Carbonara,Lunch,"spaghetti, eggs, cheese, beef bacon, black pepper",9.0,26.67,46.1,141,0,0,Cloudy
2024-02-01,8,Casual Dining,Chicken Chop,Lunch,"chicken thigh, black pepper sauce, fries, coleslaw",8.0,25.06,36.23,255,0,1,Sunny
2024-02-01,8,Casual Dining,Spaghetti Carbonara,Lunch,"spaghetti, eggs, cheese, beef bacon, black pepper",9.0,28.42,58.1,99,0,0,Cloudy
2024-02-01,9,Casual Dining,Beef Rendang,Lunch,"beef, coconut milk, galangal, lemongrass, spices, chili",9.0,25.27,57.39,107,0,0,Sunny
2024-02-01,9,Casual Dining,Iced Lemon Tea,Lunch,"black tea, lemon, sugar syrup",1.2,3.27,4.25,428,1,0,Cloudy
2024-02-01,9,Casual Dining,Nasi Lemak,Lunch,"rice, coconut milk, sambal, anchovies, egg, peanuts",2.5,8.97,9.75,546,0,0,Rainy
2024-02-01,10,Fine Dining,Iced Lemon Tea,Dinner,"black tea, lemon, sugar syrup",1.2,5.47,8.31,346,0,0,Sunny
2024-02-01,14,Food Stall,Cendol,Dinner,"rice flour jelly, coconut milk, palm sugar, red beans",2.0,3.67,5.56,433,0,0,Sunny
2024-02-01,14,Food Stall,Cendol,Dinner,"rice flour jelly, coconut milk, palm sugar, red beans",2.0,4.75,6.52,307,0,0,Sunny
2024-02-01,14,Food Stall,Kaya Toast Set,Breakfast,"white bread, kaya, butter, soft-boiled eggs",2.8,7.13,8.27,717,0,0,Sunny
2024-02-01,18,Food Stall,Roti Canai,Dinner,"flour, ghee, egg, water, curry",0.8,1.85,2.75,355,0,0,Rainy
2024-02-01,26,Food Stall,Cendol,Dinner,"rice flour jelly, coconut milk, palm sugar, red beans",2.0,3.63,7.32,226,0,0,Sunny
2024-02-01,26,Food Stall,Kaya Toast Set,Breakfast,"white bread, kaya, butter, soft-boiled eggs",2.8,6.67,7.39,654,0,1,Sunny
2024-02-01,30,Cafe,Cendol,Dinner,"rice flour jelly, coconut milk, palm sugar, red beans",2.0,7.69,8.17,407,0,0,Sunny
2024-02-01,30,Cafe,Iced Lemon Tea,Lunch,"black tea, lemon, sugar syrup",1.2,4.13,4.8,562,0,0,Cloudy
2024-02-01,30,Cafe,Kaya Toast Set,Breakfast,"white bread, kaya, butter, soft-boiled eggs",2.8,11.43,9.34,558,0,0,Rainy
2024-02-01,31,Food Stall,Cendol,Lunch,"rice flour jelly, coconut milk, palm sugar, red beans",2.0,3.92,6.98,372,0,0,Rainy
2024-02-01,34,Casual Dining,Chicken Rice,Lunch,"chicken, rice, ginger, garlic, chili sauce, cucumber",4.0,14.31,19.1,332,0,0,Sunny
2024-02-01,34,Casual Dining,Chicken Rice,Lunch,"chicken, rice, ginger, garlic, chili sauce, cucumber",4.0,10.91,18.98,526,0,1,Rainy
2024-02-01,35,Food Stall,Chicken Rice,Dinner,"chicken, rice, ginger, garlic, chili sauce, cucumber",4.0,7.04,12.19,257,0,0,Rainy
2024-02-01,36,Food Stall,Tandoori Chicken,Dinner,"chicken, yogurt, tandoori masala, ginger, garlic",7.0,13.13,26.51,173,0,0,Cloudy
2024-02-01,36,Food Stall,Tandoori Chicken,Dinner,"chicken, yogurt, tandoori masala, ginger, garlic",7.0,16.8,17.15,378,1,0,Sunny
2024-02-01,38,Fine Dining,Mushroom Soup,Dinner,"mushrooms, cream, onion, garlic, vegetable broth",3.5,15.19,30.12,96,0,0,Rainy
2024-02-01,40,Food Stall,Nasi Lemak,Breakfast,"rice, coconut milk, sambal, anchovies, egg, peanuts",2.5,6.09,6.65,435,0,0,Rainy
2024-02-01,42,Fine Dining,Beef Rendang,Dinner,"beef, coconut milk, galangal, lemongrass, spices, chili",9.0,40.78,66.25,132,0,0,Rainy
2024-02-01,44,Food Stall,Kaya Toast Set,Breakfast,"white bread, kaya, butter, soft-boiled eggs",2.8,6.07,9.24,494,0,0,Rainy
2024-02-01,44,Food Stall,Laksa,Lunch,"rice noodles, fish broth, tamarind, shrimp paste, cucumber, mint",4.5,11.19,12.53,305,0,0,Sunny
2024-02-01,49,Kopitiam,Chicken Rice,Dinner,"chicken, rice, ginger, garlic, chili sauce, cucumber",4.0,10.68,14.27,262,0,0,Rainy
2024-02-01,50,Food Stall,Tandoori Chicken,Dinner,"chicken, yogurt, tandoori masala, ginger, garlic",7.0,12.77,25.98,59,0,0,Sunny
2024-02-02,5,Cafe,Kaya Toast Set,Breakfast,"white bread, kaya, butter, soft-boiled eggs",2.8,9.77,6.65,806,1,0,Rainy
2024-02-02,5,Cafe,Spaghetti Carbonara,Lunch,"spaghetti, eggs, cheese, beef bacon, black pepper",9.0,25.59,53.33,95,0,0,Cloudy
2024-02-02,7,Casual Dining,Cendol,Dinner,"rice flour jelly, coconut milk, palm sugar, red beans",2.0,6.96,12.04,133,0,0,Cloudy
2024-02-02,14,Food Stall,Beef Rendang,Lunch,"beef, coconut milk, galangal, lemongrass, spices, chili",9.0,20.23,34.91,174,0,0,Sunny
2024-02-02,14,Food Stall,Cendol,Dinner,"rice flour jelly, coconut milk, palm sugar, red beans",2.0,4.85,5.27,284,1,0,Rainy
2024-02-02,14,Food Stall,Teh Tarik,Dinner,"black tea, condensed milk, evaporated milk",0.9,1.94,3.56,210,0,0,Rainy
2024-02-02,16,Food Stall,Roti Canai,Dinner,"flour, ghee, egg, water, curry",0.8,1.79,2.0,660,1,0,Sunny
2024-02-02,16,Food Stall,Tandoori Chicken,Dinner,"chicken, yogurt, tandoori masala, ginger, garlic",7.0,15.76,24.48,25,0,0,Cloudy
2024-02-02,21,Casual Dining,Cendol,Dinner,"rice flour jelly, coconut milk, palm sugar, red beans",2.0,5.35,12.64,0,0,0,Sunny
2024-02-02,22,Food Stall,Roti Canai,Breakfast,"flour, ghee, egg, water, curry",0.8,1.77,2.62,316,0,0,Cloudy
2024-02-02,23,Fine Dining,Iced Lemon Tea,Breakfast,"black tea, lemon, sugar syrup",1.2,5.3,7.88,299,0,1,Sunny
2024-02-02,30,Cafe,Mushroom Soup,Lunch,"mushrooms, cream, onion, garlic, vegetable broth",3.5,12.76,20.62,23,0,0,Rainy
2024-02-02,30,Cafe,Mushroom Soup,Dinner,"mushrooms, cream, onion, garlic, vegetable broth",3.5,12.09,17.08,134,0,0,Cloudy
2024-02-02,30,Cafe,Teh Tarik,Breakfast,"black tea, condensed milk, evaporated milk",0.9,3.0,3.17,594,0,0,Rainy
2024-02-02,40,Food Stall,Nasi Lemak,Lunch,"rice, coconut milk, sambal, anchovies, egg, peanuts",2.5,5.47,9.88,89,0,0,Cloudy
2024-02-02,46,Casual Dining,Teh Tarik,Breakfast,"black tea, condensed milk, evaporated milk",0.9,2.66,3.6,486,0,0,Cloudy
2024-02-03,2,Food Stall,Roti Canai,Breakfast,"flour, ghee, egg, water, curry",0.8,2.09,2.5,283,0,0,Rainy
2024-02-03,3,Cafe,Kaya Toast Set,Breakfast,"white bread, kaya, butter, soft-boiled eggs",2.8,10.02,9.7,444,0,0,Sunny
2024-02-03,5,Cafe,Teh Tarik,Breakfast,"black tea, condensed milk, evaporated milk",0.9,2.61,3.8,842,0,0,Sunny
2024-02-03,7,Casual Dining,Cendol,Lunch,"rice flour jelly, coconut milk, palm sugar, red beans",2.0,6.46,10.78,232,0,0,Sunny
2024-02-03,7,Casual Dining,Teh Tarik,Dinner,"black tea, condensed milk, evaporated milk",0.9,2.21,3.64,840,1,0,Cloudy
2024-02-03,9,Casual Dining,Iced Lemon Tea,Dinner,"black tea, lemon, sugar syrup",1.2,3.76,4.64,697,1,0,Sunny
2024-02-03,11,Food Stall,Cendol,Lunch,"rice flour jelly, coconut milk, palm sugar, red beans",2.0,5.67,5.27,414,0,0,Cloudy
2024-02-03,11,Food Stall,Cendol,Dinner,"rice flour jelly, coconut milk, palm sugar, red beans",2.0,5.07,6.82,327,0,0,Rainy
2024-02-03,11,Food Stall,Cendol,Dinner,"rice flour jelly, coconut milk, palm sugar, red beans",2.0,5.06,6.85,257,0,0,Sunny
2024-02-03,11,Food Stall,Teh Tarik,Dinner,"black tea, condensed milk, evaporated milk",0.9,2.23,1.88,839,1,0,Sunny
2024-02-03,15,Food Stall,Nasi Lemak,Lunch,"rice, coconut milk, sambal, anchovies, egg, peanuts",2.5,5.27,8.48,324,0,0,Cloudy
2024-02-03,18,Food Stall,Tandoori Chicken,Dinner,"chicken, yogurt, tandoori masala, ginger, garlic",7.0,16.28,32.02,91,0,0,Cloudy
2024-02-03,19,Casual Dining,Char Kway Teow,Dinner,"flat rice noodles, prawns, cockles, bean sprouts, chives, soy sauce",5.0,13.36,31.47,100,0,0,Cloudy
2024-02-03,19,Casual Dining,Chicken Rice,Lunch,"chicken, rice, ginger, garlic, chili sauce, cucumber",4.0,11.27,20.24,330,0,0,Sunny
2024-02-03,20,Casual Dining,Chicken Chop,Dinner,"chicken thigh, black pepper sauce, fries, coleslaw",8.0,22.87,44.0,48,0,0,Cloudy
2024-02-03,20,Casual Dining,Kaya Toast Set,Breakfast,"white bread, kaya, butter, soft-boiled eggs",2.8,9.39,13.68,401,0,0,Rainy
2024-02-03,23,Fine Dining,Spaghetti Carbonara,Lunch,"spaghetti, eggs, cheese, beef bacon, black pepper",9.0,54.43,60.19,200,0,0,Sunny
2024-02-03,30,Cafe,Iced Lemon Tea,Breakfast,"black tea, lemon, sugar syrup",1.2,4.24,4.97,472,0,0,Cloudy
2024-02-03,32,Fine Dining,Spaghetti Carbonara,Dinner,"spaghetti, eggs, cheese, beef bacon, black pepper",9.0,46.21,43.15,185,1,0,Sunny
2024-02-03,35,Food Stall,Cendol,Dinner,"rice flour jelly, coconut milk, palm sugar, red beans",2.0,4.71,7.13,324,0,0,Cloudy
2024-02-03,36,Food Stall,Tandoori Chicken,Dinner,"chicken, yogurt, tandoori masala, ginger, garlic",7.0,16.85,25.73,97,0,0,Sunny
2024-02-03,37,Food Stall,Kaya Toast Set,Breakfast,"white bread, kaya, butter, soft-boiled eggs",2.8,6.81,9.28,574,0,0,Cloudy
2024-02-03,38,Fine Dining,Iced Lemon Tea,Dinner,"black tea, lemon, sugar syrup",1.2,5.94,4.55,646,1,0,Cloudy
2024-02-03,38,Fine Dining,Nasi Lemak,Lunch,"rice, coconut milk, sambal, anchovies, egg, peanuts",2.5,13.19,16.25,508,0,0,Rainy
2024-02-03,46,Casual Dining,Mushroom Soup,Dinner,"mushrooms, cream, onion, garlic, vegetable broth",3.5,11.49,19.51,138,0,0,Cloudy
2024-02-03,46,Casual Dining,Spaghetti Carbonara,Lunch,"spaghetti, eggs, cheese, beef bacon, black pepper",9.0,26.74,50.74,104,0,0,Sunny
2024-02-03,47,Food Stall,Cendol,Lunch,"rice flour jelly, coconut milk, palm sugar, red beans",2.0,5.56,6.35,415,0,0,Sunny
2024-02-03,47,Food Stall,Laksa,Lunch,"rice noodles, fish broth, tamarind, shrimp paste, cucumber, mint",4.5,11.09,13.62,245,0,0,Sunny
2024-02-03,48,Casual Dining,Chicken Rice,Dinner,"chicken, rice, ginger, garlic, chili sauce, cucumber",4.0,14.14,15.83,239,1,0,Cloudy
2024-02-03,50,Food Stall,Tandoori Chicken,Dinner,"chicken, yogurt, tandoori masala, ginger, garlic",7.0,15.86,25.24,55,0,0,Cloudy
2024-02-04,2,Food Stall,Tandoori Chicken,Dinner,"chicken, yogurt, tandoori masala, ginger, garlic",7.0,15.14,31.95,70,0,0,Sunny
2024-02-04,2,Food Stall,Tandoori Chicken,Dinner,"chicken, yogurt, tandoori masala, ginger, garlic",7.0,16.76,21.69,185,0,0,Sunny
2024-02-04,3,Cafe,Iced Lemon Tea,Lunch,"black tea, lemon, sugar syrup",1.2,4.24,5.22,494,0,0,Sunny
2024-02-04,3,Cafe,Nasi Lemak,Breakfast,"rice, coconut milk, sambal, anchovies, egg, peanuts",2.5,8.41,10.97,393,0,0,Sunny
2024-02-04,4,Cafe,Beef Rendang,Lunch,"beef, coconut milk, galangal, lemongrass, spices, chili",9.0,37.34,39.11,179,0,0,Sunny
2024-02-04,5,Cafe,Iced Lemon Tea,Lunch,"black tea, lemon, sugar syrup",1.2,4.88,4.73,542,0,0,Sunny
2024-02-04,6,Fine Dining,Chicken Chop,Lunch,"chicken thigh, black pepper sauce, fries, coleslaw",8.0,30.93,47.82,274,0,0,Sunny
2024-02-04,9,Casual Dining,Beef Rendang,Lunch,"beef, coconut milk, galangal, lemongrass, spices, chili",9.0,30.57,41.34,154,0,0,Sunny
2024-02-04,10,Fine Dining,Chicken Chop,Lunch,"chicken thigh, black pepper sauce, fries, coleslaw",8.0,42.16,64.37,87,0,0,Sunny
2024-02-04,12,Cafe,Iced Lemon Tea,Lunch,"black tea, lemon, sugar syrup",1.2,3.42,5.02,308,0,0,Cloudy
2024-02-04,13,Food Stall,Teh Tarik,Breakfast,"black tea, condensed milk, evaporated milk",0.9,2.28,2.74,809,0,0,Sunny
2024-02-04,15,Food Stall,Beef Rendang,Lunch,"beef, coconut milk, galangal, lemongrass, spices, chili",9.0,21.74,33.85,13,0,0,Sunny
2024-02-04,15,Food Stall,Teh Tarik,Breakfast,"black tea, condensed milk, evaporated milk",0.9,1.75,2.06,1492,1,0,Sunny
2024-02-04,17,Food Stall,Cendol,Lunch,"rice flour jelly, coconut milk, palm sugar, red beans",2.0,4.96,6.02,409,0,0,Cloudy
2024-02-04,19,Casual Dining,Char Kway Teow,Dinner,"flat rice noodles, prawns, cockles, bean sprouts, chives, soy sauce",5.0,13.08,13.2,421,1,0,Cloudy
2024-02-04,20,Casual Dining,Teh Tarik,Dinner,"black tea, condensed milk, evaporated milk",0.9,2.74,4.59,326,0,0,Cloudy
2024-02-04,22,Food Stall,Tandoori Chicken,Dinner,"chicken, yogurt, tandoori masala, ginger, garlic",7.0,15.03,20.91,261,0,0,Cloudy
2024-02-04,23,Fine Dining,Nasi Lemak,Breakfast,"rice, coconut milk, sambal, anchovies, egg, peanuts",2.5,11.24,16.01,378,0,0,Cloudy
2024-02-04,30,Cafe,Spaghetti Carbonara,Lunch,"spaghetti, eggs, cheese, beef bacon, black pepper",9.0,29.5,41.85,118,0,0,Sunny
2024-02-04,32,Fine Dining,Chicken Chop,Lunch,"chicken thigh, black pepper sauce, fries, coleslaw",8.0,30.19,55.34,392,0,1,Sunny
2024-02-04,33,Cafe,Teh Tarik,Dinner,"black tea, condensed milk, evaporated milk",0.9,2.5,3.96,544,0,0,Sunny
2024-02-04,37,Food Stall,Cendol,Lunch,"rice flour jelly, coconut milk, palm sugar, red beans",2.0,4.29,6.37,516,0,0,Sunny
2024-02-04,38,Fine Dining,Beef Rendang,Dinner,"beef, coconut milk, galangal, lemongrass, spices, chili",9.0,41.25,68.87,0,0,0,Cloudy
2024-02-04,40,Food Stall,Nasi Lemak,Lunch,"rice, coconut milk, sambal, anchovies, egg, peanuts",2.5,5.5,8.67,190,0,0,Rainy
2024-02-04,42,Fine Dining,Nasi Lemak,Breakfast,"rice, coconut milk, sambal, anchovies, egg, peanuts",2.5,14.2,16.42,239,0,0,Sunny
2024-02-04,43,Casual Dining,Nasi Lemak,Lunch,"rice, coconut milk, sambal, anchovies, egg, peanuts",2.5,7.26,11.57,336,0,0,Sunny
2024-02-04,45,Food Stall,Chicken Rice,Lunch,"chicken, rice, ginger, garlic, chili sauce, cucumber",4.0,7.17,12.66,187,0,0,Sunny
2024-02-04,50,Food Stall,Roti Canai,Dinner,"flour, ghee, egg, water, curry",0.8,1.81,1.57,661,1,0,Rainy
2024-02-05,1,Food Stall,Beef Rendang,Dinner,"beef, coconut milk, galangal, lemongrass, spices, chili",9.0,17.56,28.96,0,1,0,Sunny
2024-02-05,3,Cafe,Beef Rendang,Dinner,"beef, coconut milk, galangal, lemongrass, spices, chili",9.0,33.73,50.07,99,0,1,Sunny
2024-02-05,4,Cafe,Spaghetti Carbonara,Lunch,"spaghetti, eggs, cheese, beef bacon, black pepper",9.0,31.92,40.66,126,0,0,Rainy
2024-02-05,5,Cafe,Teh Tarik,Breakfast,"black tea, condensed milk, evaporated milk",0.9,2.92,3.77,619,0,0,Sunny
2024-02-05,8,Casual Dining,Kaya Toast Set,Breakfast,"white bread, kaya, butter, soft-boiled eggs",2.8,9.12,12.63,348,0,0,Rainy
2024-02-05,10,Fine Dining,Iced Lemon Tea,Dinner,"black tea, lemon, sugar syrup",1.2,6.62,8.33,170,0,0,Sunny
2024-02-05,15,Food Stall,Cendol,Dinner,"rice flour jelly, coconut milk, palm sugar, red beans",2.0,4.85,9.2,75,0,0,Cloudy
2024-02-05,15,Food Stall,Nasi Lemak,Breakfast,"rice, coconut milk, sambal, anchovies, egg, peanuts",2.5,4.61,8.87,377,0,0,Sunny
2024-02-05,16,Food Stall,Roti Canai,Dinner,"flour, ghee, egg, water, curry",0.8,1.83,2.83,366,0,0,Cloudy
2024-02-05,17,Food Stall,Kaya Toast Set,Breakfast,"white bread, kaya, butter, soft-boiled eggs",2.8,6.22,8.74,151,0,0,Sunny
2024-02-05,17,Food Stall,Laksa,Lunch,"rice noodles, fish broth, tamarind, shrimp paste, cucumber, mint",4.5,10.68,19.93,91,0,0,Rainy
2024-02-05,19,Casual Dining,Cendol,Dinner,"rice flour jelly, coconut milk, palm sugar, red beans",2.0,5.32,11.58,88,0,0,Rainy
2024-02-05,19,Casual Dining,Cendol,Lunch,"rice flour jelly, coconut milk, palm sugar, red beans",2.0,5.93,13.01,81,0,0,Sunny
2024-02-05,21,Casual Dining,Teh Tarik,Breakfast,"black tea, condensed milk, evaporated milk",0.9,2.18,4.59,355,0,0,Rainy
2024-02-05,23,Fine Dining,Mushroom Soup,Dinner,"mushrooms, cream, onion, garlic, vegetable broth",3.5,19.28,27.43,37,0,0,Sunny
2024-02-05,23,Fine Dining,Nasi Lemak,Lunch,"rice, coconut milk, sambal, anchovies, egg, peanuts",2.5,14.38,17.93,195,0,0,Sunny
2024-02-05,26,Food Stall,Beef Rendang,Lunch,"beef, coconut milk, galangal, lemongrass, spices, chili",9.0,22.37,32.53,80,0,0,Cloudy
2024-02-05,26,Food Stall,Nasi Lemak,Lunch,"rice, coconut milk, sambal, anchovies, egg, peanuts",2.5,5.47,10.2,108,0,0,Rainy
2024-02-05,31,Food Stall,Cendol,Lunch,"rice flour jelly, coconut milk, palm sugar, red beans",2.0,4.52,6.75,298,0,0,Sunny
2024-02-05,32,Fine Dining,Iced Lemon Tea,Dinner,"black tea, lemon, sugar syrup",1.2,4.67,8.54,188,0,0,Sunny
2024-02-05,32,Fine Dining,Mushroom Soup,Dinner,"mushrooms, cream, onion, garlic, vegetable broth",3.5,16.3,24.88,0,0,0,Sunny
2024-02-05,33,Cafe,Spaghetti Carbonara,Dinner,"spaghetti, eggs, cheese, beef bacon, black pepper",9.0,31.06,46.87,146,0,0,Sunny
2024-02-05,38,Fine Dining,Chicken Chop,Lunch,"chicken thigh, black pepper sauce, fries, coleslaw",8.0,42.06,60.88,134,0,0,Cloudy
2024-02-05,38,Fine Dining,Chicken Chop,Dinner,"chicken thigh, black pepper sauce, fries, coleslaw",8.0,44.57,66.66,72,0,0,Cloudy
2024-02-05,38,Fine Dining,Iced Lemon Tea,Breakfast,"black tea, lemon, sugar syrup",1.2,6.02,6.07,651,1,0,Sunny
2024-02-05,39,Casual Dining,Beef Rendang,Dinner,"beef, coconut milk, galangal, lemongrass, spices, chili",9.0,27.7,57.71,39,0,0,Sunny
2024-02-05,41,Cafe,Chicken Chop,Lunch,"chicken thigh, black pepper sauce, fries, coleslaw",8.0,30.17,37.11,120,0,0,Sunny
2024-02-05,43,Casual Dining,Mushroom Soup,Lunch,"mushrooms, cream, onion, garlic, vegetable broth",3.5,10.86,20.0,95,1,0,Sunny
2024-02-05,44,Food Stall,Teh Tarik,Lunch,"black tea, condensed milk, evaporated milk",0.9,1.87,1.92,953,1,1,Sunny
2024-02-05,45,Food Stall,Cendol,Dinner,"rice flour jelly, coconut milk, palm sugar, red beans",2.0,4.52,6.11,161,0,0,Sunny
2024-02-05,48,Casual Dining,Kaya Toast Set,Breakfast,"white bread, kaya, butter, soft-boiled eggs",2.8,7.09,8.7,686,1,0,Cloudy
2024-02-05,50,Food Stall,Roti Canai,Dinner,"flour, ghee, egg, water, curry",0.8,1.95,1.78,759,1,0,Rainy
2024-02-06,1,Food Stall,Nasi Lemak,Breakfast,"rice, coconut milk, sambal, anchovies, egg, peanuts",2.5,6.23,7.85,265,0,0,Cloudy
2024-02-06,2,Food Stall,Roti Canai,Breakfast,"flour, ghee, egg, water, curry",0.8,1.77,2.63,136,0,0,Rainy
2024-02-06,2,Food Stall,Tandoori Chicken,Dinner,"chicken, yogurt, tandoori masala, ginger, garlic",7.0,12.94,30.27,64,0,0,Sunny
2024-02-06,4,Cafe,Cendol,Dinner,"rice flour jelly, coconut milk, palm sugar, red beans",2.0,6.74,9.09,252,0,0,Sunny
2024-02-06,16,Food Stall,Tandoori Chicken,Dinner,"chicken, yogurt, tandoori masala, ginger, garlic",7.0,13.56,24.64,114,0,0,Cloudy
2024-02-06,17,Food Stall,Cendol,Dinner,"rice flour jelly, coconut milk, palm sugar, red beans",2.0,4.29,5.1,502,1,0,Sunny
2024-02-06,17,Food Stall,Teh Tarik,Breakfast,"black tea, condensed milk, evaporated milk",0.9,2.2,2.88,282,0,0,Rainy
2024-02-06,19,Casual Dining,Teh Tarik,Dinner,"black tea, condensed milk, evaporated milk",0.9,3.01,3.15,737,1,0,Rainy
2024-02-06,21,Casual Dining,Iced Lemon Tea,Lunch,"black tea, lemon, sugar syrup",1.2,3.16,4.93,487,0,0,Sunny
2024-02-06,22,Food Stall,Roti Canai,Breakfast,"flour, ghee, egg, water, curry",0.8,1.71,2.33,430,0,1,Rainy
2024-02-06,22,Food Stall,Tandoori Chicken,Dinner,"chicken, yogurt, tandoori masala, ginger, garlic",7.0,13.15,27.96,164,0,0,Sunny
2024-02-06,23,Fine Dining,Iced Lemon Tea,Lunch,"black tea, lemon, sugar syrup",1.2,5.03,8.08,217,0,0,Sunny
2024-02-06,26,Food Stall,Cendol,Dinner,"rice flour jelly, coconut milk, palm sugar, red beans",2.0,4.76,4.91,358,1,0,Rainy
2024-02-06,28,Fine Dining,Chicken Chop,Dinner,"chicken thigh, black pepper sauce, fries, coleslaw",8.0,40.33,63.84,127,0,0,Rainy
2024-02-06,29,Food Stall,Chicken Rice,Dinner,"chicken, rice, ginger, garlic, chili sauce, cucumber",4.0,8.56,9.65,453,1,0,Cloudy
2024-02-06,30,Cafe,Cendol,Lunch,"rice flour jelly, coconut milk, palm sugar, red beans",2.0,8.08,10.5,65,0,0,Sunny
2024-02-06,30,Cafe,Spaghetti Carbonara,Dinner,"spaghetti, eggs, cheese, beef bacon, black pepper",9.0,37.18,52.51,121,0,0,Sunny
2024-02-06,32,Fine Dining,Chicken Chop,Lunch,"chicken thigh, black pepper sauce, fries, coleslaw",8.0,41.11,49.54,183,0,0,Cloudy
2024-02-06,33,Cafe,Teh Tarik,Lunch,"black tea, condensed milk, evaporated milk",0.9,2.61,3.94,515,0,0,Sunny
2024-02-06,34,Casual Dining,Teh Tarik,Lunch,"black tea, condensed milk, evaporated milk",0.9,3.13,3.67,253,0,0,Cloudy
2024-02-06,36,Food Stall,Tandoori Chicken,Dinner,"chicken, yogurt, tandoori masala, ginger, garlic",7.0,17.72,29.61,43,0,0,Cloudy
2024-02-06,42,Fine Dining,Nasi Lemak,Lunch,"rice, coconut milk, sambal, anchovies, egg, peanuts",2.5,10.72,16.78,165,0,0,Sunny
2024-02-06,44,Food Stall,Kaya Toast Set,Breakfast,"white bread, kaya, butter, soft-boiled eggs",2.8,6.69,9.42,453,0,0,Cloudy
2024-02-06,49,Kopitiam,Cendol,Dinner,"rice flour jelly, coconut milk, palm sugar, red beans",2.0,4.47,9.24,64,0,0,Sunny
2024-02-06,49,Kopitiam,Char Kway Teow,Lunch,"flat rice noodles, prawns, cockles, bean sprouts, chives, soy sauce",5.0,13.29,13.31,342,1,0,Cloudy
2024-02-07,5,Cafe,Chicken Chop,Lunch,"chicken thigh, black pepper sauce, fries, coleslaw",8.0,28.92,42.76,61,0,0,Cloudy
2024-02-07,5,Cafe,Iced Lemon Tea,Breakfast,"black tea, lemon, sugar syrup",1.2,3.65,5.6,309,0,0,Sunny
2024-02-07,6,Fine Dining,Mushroom Soup,Dinner,"mushrooms, cream, onion, garlic, vegetable broth",3.5,18.77,26.56,6,0,0,Cloudy
2024-02-07,6,Fine Dining,Spaghetti Carbonara,Lunch,"spaghetti, eggs, cheese, beef bacon, black pepper",9.0,40.04,69.93,0,0,0,Sunny
2024-02-07,8,Casual Dining,Mushroom Soup,Lunch,"mushrooms, cream, onion, garlic, vegetable broth",3.5,9.46,22.99,18,0,0,Cloudy
2024-02-07,9,Casual Dining,Mushroom Soup,Dinner,"mushrooms, cream, onion, garlic, vegetable broth",3.5,10.89,22.54,109,0,0,Rainy
2024-02-07,11,Food Stall,Kaya Toast Set,Breakfast,"white bread, kaya, butter, soft-boiled eggs",2.8,7.19,6.55,604,1,0,Sunny
2024-02-07,12,Cafe,Mushroom Soup,Dinner,"mushrooms, cream, onion, garlic, vegetable broth",3.5,14.9,18.5,0,0,0,Cloudy
2024-02-07,15,Food Stall,Beef Rendang,Dinner,"beef, coconut milk, galangal, lemongrass, spices, chili",9.0,18.99,31.58,253,0,0,Sunny
2024-02-07,17,Food Stall,Laksa,Lunch,"rice noodles, fish broth, tamarind, shrimp paste, cucumber, mint",4.5,10.73,12.37,251,0,0,Sunny
2024-02-07,18,Food Stall,Roti Canai,Breakfast,"flour, ghee, egg, water, curry",0.8,1.91,2.51,386,0,0,Sunny
2024-02-07,18,Food Stall,Roti Canai,Breakfast,"flour, ghee, egg, water, curry",0.8,2.0,2.56,363,0,0,Sunny
2024-02-07,18,Food Stall,Tandoori Chicken,Dinner,"chicken, yogurt, tandoori masala, ginger, garlic",7.0,13.44,21.05,140,0,0,Rainy
2024-02-07,20,Casual Dining,Beef Rendang,Dinner,"beef, coconut milk, galangal, lemongrass, spices, chili",9.0,28.25,52.32,0,0,0,Cloudy
2024-02-07,21,Casual Dining,Spaghetti Carbonara,Lunch,"spaghetti, eggs, cheese, beef bacon, black pepper",9.0,21.85,50.38,109,0,0,Sunny
2024-02-07,25,Fine Dining,Spaghetti Carbonara,Dinner,"spaghetti, eggs, cheese, beef bacon, black pepper",9.0,40.15,62.94,92,0,0,Rainy
2024-02-07,27,Food Stall,Roti Canai,Breakfast,"flour, ghee, egg, water, curry",0.8,1.94,2.59,220,0,0,Sunny
2024-02-07,27,Food Stall,Roti Canai,Dinner,"flour, ghee, egg, water, curry",0.8,1.88,2.97,155,0,0,Sunny
2024-02-07,27,Food Stall,Tandoori Chicken,Dinner,"chicken, yogurt, tandoori masala, ginger, garlic",7.0,16.61,26.82,195,0,0,Sunny
2024-02-07,28,Fine Dining,Beef Rendang,Lunch,"beef, coconut milk, galangal, lemongrass, spices, chili",9.0,39.05,68.79,160,0,0,Rainy
2024-02-07,28,Fine Dining,Chicken Chop,Lunch,"chicken thigh, black pepper sauce, fries, coleslaw",8.0,38.13,60.19,0,0,0,Rainy
2024-02-07,30,Cafe,Mushroom Soup,Dinner,"mushrooms, cream, onion, garlic, vegetable broth",3.5,14.85,20.39,52,0,0,Rainy
2024-02-07,30,Cafe,Nasi Lemak,Lunch,"rice, coconut milk, sambal, anchovies, egg, peanuts",2.5,9.07,10.72,298,0,0,Sunny
2024-02-07,30,Cafe,Nasi Lemak,Lunch,"rice, coconut milk, sambal, anchovies, egg, peanuts",2.5,8.53,9.68,176,0,0,Sunny
2024-02-07,32,Fine Dining,Chicken Chop,Lunch,"chicken thigh, black pepper sauce, fries, coleslaw",8.0,41.62,44.26,227,1,0,Sunny
2024-02-07,33,Cafe,Kaya Toast Set,Breakfast,"white bread, kaya, butter, soft-boiled eggs",2.8,10.17,12.4,269,0,0,Rainy
2024-02-07,33,Cafe,Kaya Toast Set,Breakfast,"white bread, kaya, butter, soft-boiled eggs",2.8,10.48,11.71,473,0,0,Rainy
2024-02-07,36,Food Stall,Roti Canai,Breakfast,"flour, ghee, egg, water, curry",0.8,1.95,2.85,304,0,0,Rainy
2024-02-07,36,Food Stall,Roti Canai,Breakfast,"flour, ghee, egg, water, curry",0.8,1.67,1.42,584,1,0,Sunny
2024-02-07,38,Fine Dining,Nasi Lemak,Breakfast,"rice, coconut milk, sambal, anchovies, egg, peanuts",2.5,10.96,14.23,619,0,1,Sunny
2024-02-07,39,Casual Dining,Cendol,Dinner,"rice flour jelly, coconut milk, palm sugar, red beans",2.0,6.23,11.31,142,0,0,Cloudy
2024-02-07,42,Fine Dining,Beef Rendang,Dinner,"beef, coconut milk, galangal, lemongrass, spices, chili",9.0,46.81,64.0,0,0,0,Rainy
2024-02-07,42,Fine Dining,Nasi Lemak,Breakfast,"rice, coconut milk, sambal, anchovies, egg, peanuts",2.5,12.47,15.69,287,0,0,Cloudy
2024-02-07,47,Food Stall,Cendol,Lunch,"rice flour jelly, coconut milk, palm sugar, red beans",2.0,4.2,8.01,147,0,0,Sunny
2024-02-08,3,Cafe,Cendol,Dinner,"rice flour jelly, coconut milk, palm sugar, red beans",2.0,8.47,7.79,132,0,0,Sunny
2024-02-08,3,Cafe,Kaya Toast Set,Breakfast,"white bread, kaya, butter, soft-boiled eggs",2.8,10.37,11.57,462,0,0,Rainy
2024-02-08,6,Fine Dining,Chicken Chop,Lunch,"chicken thigh, black pepper sauce, fries, coleslaw",8.0,40.88,31.23,393,1,0,Rainy
2024-02-08,9,Casual Dining,Kaya Toast Set,Breakfast,"white bread, kaya, butter, soft-boiled eggs",2.8,7.52,11.94,419,0,0,Rainy
2024-02-08,9,Casual Dining,Mushroom Soup,Dinner,"mushrooms, cream, onion, garlic, vegetable broth",3.5,11.94,19.96,2,0,0,Sunny
2024-02-08,12,Cafe,Beef Rendang,Lunch,"beef, coconut milk, galangal, lemongrass, spices, chili",9.0,27.34,39.19,131,0,0,Cloudy
2024-02-08,13,Food Stall,Kaya Toast Set,Breakfast,"white bread, kaya, butter, soft-boiled eggs",2.8,6.69,9.61,276,0,0,Cloudy
2024-02-08,14,Food Stall,Kaya Toast Set,Breakfast,"white bread, kaya, butter, soft-boiled eggs",2.8,5.38,11.13,226,0,0,Cloudy
2024-02-08,16,Food Stall,Roti Canai,Dinner,"flour, ghee, egg, water, curry",0.8,1.61,2.41,333,0,0,Sunny
2024-02-08,16,Food Stall,Tandoori Chicken,Dinner,"chicken, yogurt, tandoori masala, ginger, garlic",7.0,18.32,27.28,132,0,0,Rainy
2024-02-08,20,Casual Dining,Iced Lemon Tea,Dinner,"black tea, lemon, sugar syrup",1.2,4.14,5.88,201,0,0,Cloudy
2024-02-08,20,Casual Dining,Spaghetti Carbonara,Dinner,"spaghetti, eggs, cheese, beef bacon, black pepper",9.0,25.22,46.29,70,0,0,Sunny
2024-02-08,23,Fine Dining,Chicken Chop,Dinner,"chicken thigh, black pepper sauce, fries, coleslaw",8.0,40.52,50.74,147,0,0,Cloudy
2024-02-08,23,Fine Dining,Spaghetti Carbonara,Lunch,"spaghetti, eggs, cheese, beef bacon, black pepper",9.0,38.66,74.45,52,0,0,Sunny
2024-02-08,28,Fine Dining,Beef Rendang,Dinner,"beef, coconut milk, galangal, lemongrass, spices, chili",9.0,50.0,72.38,0,0,0,Sunny
2024-02-08,28,Fine Dining,Mushroom Soup,Lunch,"mushrooms, cream, onion, garlic, vegetable broth",3.5,16.06,32.13,98,0,0,Cloudy
2024-02-08,31,Food Stall,Teh Tarik,Breakfast,"black tea, condensed milk, evaporated milk",0.9,1.87,1.81,1093,1,0,Sunny
2024-02-08,32,Fine Dining,Chicken Chop,Dinner,"chicken thigh, black pepper sauce, fries, coleslaw",8.0,37.24,57.15,130,0,0,Cloudy
2024-02-08,32,Fine Dining,Iced Lemon Tea,Lunch,"black tea, lemon, sugar syrup",1.2,5.01,8.33,312,0,0,Sunny
2024-02-08,33,Cafe,Teh Tarik,Dinner,"black tea, condensed milk, evaporated milk",0.9,3.07,3.61,444,0,0,Sunny
2024-02-08,34,Casual Dining,Kaya Toast Set,Breakfast,"white bread, kaya, butter, soft-boiled eggs",2.8,8.42,11.12,666,1,0,Sunny
2024-02-08,35,Food Stall,Cendol,Lunch,"rice flour jelly, coconut milk, palm sugar, red beans",2.0,4.61,7.16,366,0,1,Sunny
2024-02-08,35,Food Stall,Kaya Toast Set,Breakfast,"white bread, kaya, butter, soft-boiled eggs",2.8,6.35,7.52,399,0,0,Sunny
2024-02-08,36,Food Stall,Roti Canai,Dinner,"flour, ghee, egg, water, curry",0.8,1.94,1.75,561,1,0,Cloudy
2024-02-08,38,Fine Dining,Spaghetti Carbonara,Dinner,"spaghetti, eggs, cheese, beef bacon, black pepper",9.0,48.75,82.92,0,0,0,Sunny
2024-02-08,43,Casual Dining,Chicken Chop,Lunch,"chicken thigh, black pepper sauce, fries, coleslaw",8.0,25.36,39.61,147,0,0,Rainy
2024-02-08,46,Casual Dining,Cendol,Dinner,"rice flour jelly, coconut milk, palm sugar, red beans",2.0,5.79,5.6,382,1,0,Sunny
2024-02-08,47,Food Stall,Teh Tarik,Lunch,"black tea, condensed milk, evaporated milk",0.9,1.97,1.63,643,1,0,Rainy
2024-02-08,48,Casual Dining,Cendol,Lunch,"rice flour jelly, coconut milk, palm sugar, red beans",2.0,5.15,8.41,408,0,0,Sunny
2024-02-08,49,Kopitiam,Cendol,Dinner,"rice flour jelly, coconut milk, palm sugar, red beans",2.0,5.69,8.23,162,0,0,Cloudy
2024-02-08,50,Food Stall,Roti Canai,Dinner,"flour, ghee, egg, water, curry",0.8,1.92,2.63,214,0,0,Rainy
2024-02-09,2,Food Stall,Roti Canai,Breakfast,"flour, ghee, egg, water, curry",0.8,1.57,2.19,382,0,0,Sunny
2024-02-09,3,Cafe,Iced Lemon Tea,Lunch,"black tea, lemon, sugar syrup",1.2,4.67,4.89,166,0,0,Sunny
2024-02-09,6,Fine Dining,Spaghetti Carbonara,Dinner,"spaghetti, eggs, cheese, beef bacon, black pepper",9.0,46.39,75.96,96,0,0,Sunny
2024-02-09,7,Casual Dining,Spaghetti Carbonara,Dinner,"spaghetti, eggs, cheese, beef bacon, black pepper",9.0,26.28,48.46,3,0,0,Sunny
2024-02-09,9,Casual Dining,Teh Tarik,Lunch,"black tea, condensed milk, evaporated milk",0.9,2.66,4.56,313,0,0,Cloudy
2024-02-09,10,Fine Dining,Nasi Lemak,Breakfast,"rice, coconut milk, sambal, anchovies, egg, peanuts",2.5,9.97,12.59,467,1,0,Rainy
2024-02-09,14,Food Stall,Kaya Toast Set,Breakfast,"white bread, kaya, butter, soft-boiled eggs",2.8,6.23,8.25,539,0,1,Rainy
2024-02-09,18,Food Stall,Roti Canai,Breakfast,"flour, ghee, egg, water, curry",0.8,1.99,2.29,371,0,0,Sunny
2024-02-09,18,Food Stall,Tandoori Chicken,Dinner,"chicken, yogurt, tandoori masala, ginger, garlic",7.0,14.43,30.04,54,0,0,Rainy
2024-02-09,23,Fine Dining,Chicken Chop,Lunch,"chicken thigh, black pepper sauce, fries, coleslaw",8.0,44.19,55.83,197,0,0,Cloudy
2024-02-09,25,Fine Dining,Beef Rendang,Lunch,"beef, coconut milk, galangal, lemongrass, spices, chili",9.0,36.67,55.31,236,0,0,Sunny
2024-02-09,26,Food Stall,Beef Rendang,Lunch,"beef, coconut milk, galangal, lemongrass, spices, chili",9.0,18.88,34.1,97,0,0,Rainy
2024-02-09,26,Food Stall,Beef Rendang,Lunch,"beef, coconut milk, galangal, lemongrass, spices, chili",9.0,15.92,28.36,186,0,0,Rainy
2024-02-09,26,Food Stall,Kaya Toast Set,Breakfast,"white bread, kaya, butter, soft-boiled eggs",2.8,6.9,10.95,208,0,0,Sunny
2024-02-09,26,Food Stall,Kaya Toast Set,Breakfast,"white bread, kaya, butter, soft-boiled eggs",2.8,6.0,9.01,293,0,1,Rainy
2024-02-09,27,Food Stall,Tandoori Chicken,Dinner,"chicken, yogurt, tandoori masala, ginger, garlic",7.0,13.82,27.05,18,0,0,Cloudy
2024-02-09,29,Food Stall,Kaya Toast Set,Breakfast,"white bread, kaya, butter, soft-boiled eggs",2.8,6.29,8.84,226,0,0,Sunny
2024-02-09,33,Cafe,Chicken Chop,Lunch,"chicken thigh, black pepper sauce, fries, coleslaw",8.0,23.85,39.45,200,0,0,Cloudy
2024-02-09,37,Food Stall,Cendol,Dinner,"rice flour jelly, coconut milk, palm sugar, red beans",2.0,3.52,7.05,88,0,0,Rainy
2024-02-09,38,Fine Dining,Mushroom Soup,Dinner,"mushrooms, cream, onion, garlic, vegetable broth",3.5,17.04,27.66,14,0,0,Sunny
2024-02-09,39,Casual Dining,Beef Rendang,Dinner,"beef, coconut milk, galangal, lemongrass, spices, chili",9.0,26.28,55.35,14,0,0,Sunny
2024-02-09,42,Fine Dining,Spaghetti Carbonara,Lunch,"spaghetti, eggs, cheese, beef bacon, black pepper",9.0,54.49,64.95,66,1,0,Rainy
2024-02-10,3,Cafe,Beef Rendang,Dinner,"beef, coconut milk, galangal, lemongrass, spices, chili",9.0,29.13,47.65,21,0,0,Rainy
2024-02-10,5,Cafe,Spaghetti Carbonara,Dinner,"spaghetti, eggs, cheese, beef bacon, black pepper",9.0,28.52,47.48,0,0,0,Sunny
2024-02-10,6,Fine Dining,Mushroom Soup,Lunch,"mushrooms, cream, onion, garlic, vegetable broth",3.5,17.96,27.17,32,0,0,Rainy
2024-02-10,7,Casual Dining,Cendol,Lunch,"rice flour jelly, coconut milk, palm sugar, red beans",2.0,6.07,11.08,228,0,1,Sunny
2024-02-10,8,Casual Dining,Chicken Chop,Lunch,"chicken thigh, black pepper sauce, fries, coleslaw",8.0,23.57,47.01,0,0,0,Rainy
2024-02-10,8,Casual Dining,Kaya Toast Set,Breakfast,"white bread, kaya, butter, soft-boiled eggs",2.8,8.55,10.83,555,0,0,Cloudy
2024-02-10,9,Casual Dining,Beef Rendang,Dinner,"beef, coconut milk, galangal, lemongrass, spices, chili",9.0,23.57,28.92,249,1,0,Cloudy
2024-02-10,14,Food Stall,Teh Tarik,Breakfast,"black tea, condensed milk, evaporated milk",0.9,1.86,3.01,741,0,0,Sunny
2024-02-10,16,Food Stall,Tandoori Chicken,Dinner,"chicken, yogurt, tandoori masala, ginger, garlic",7.0,13.98,15.89,280,1,0,Sunny
2024-02-10,17,Food Stall,Teh Tarik,Lunch,"black tea, condensed milk, evaporated milk",0.9,1.78,2.83,617,0,0,Cloudy
2024-02-10,19,Casual Dining,Char Kway Teow,Dinner,"flat rice noodles, prawns, cockles, bean sprouts, chives, soy sauce",5.0,17.23,23.9,174,0,0,Sunny
2024-02-10,21,Casual Dining,Iced Lemon Tea,Dinner,"black tea, lemon, sugar syrup",1.2,3.67,4.78,418,0,0,Sunny
2024-02-10,21,Casual Dining,Kaya Toast Set,Breakfast,"white bread, kaya, butter, soft-boiled eggs",2.8,9.41,10.87,459,0,0,Cloudy
2024-02-10,22,Food Stall,Roti Canai,Breakfast,"flour, ghee, egg, water, curry",0.8,1.55,2.54,743,0,0,Sunny
2024-02-10,22,Food Stall,Tandoori Chicken,Dinner,"chicken, yogurt, tandoori masala, ginger, garlic",7.0,15.26,26.21,109,0,0,Cloudy
2024-02-10,25,Fine Dining,Iced Lemon Tea,Dinner,"black tea, lemon, sugar syrup",1.2,6.31,7.07,509,0,0,Sunny
2024-02-10,27,Food Stall,Tandoori Chicken,Dinner,"chicken, yogurt, tandoori masala, ginger, garlic",7.0,15.48,26.99,145,0,0,Sunny
2024-02-10,28,Fine Dining,Beef Rendang,Dinner,"beef, coconut milk, galangal, lemongrass, spices, chili",9.0,40.59,56.19,363,0,0,Sunny
2024-02-10,28,Fine Dining,Nasi Lemak,Lunch,"rice, coconut milk, sambal, anchovies, egg, peanuts",2.5,14.65,17.61,345,0,0,Rainy
2024-02-10,29,Food Stall,Cendol,Lunch,"rice flour jelly, coconut milk, palm sugar, red beans",2.0,3.96,5.4,314,0,0,Sunny
2024-02-10,31,Food Stall,Teh Tarik,Lunch,"black tea, condensed milk, evaporated milk",0.9,2.21,2.48,727,0,0,Sunny
2024-02-10,32,Fine Dining,Spaghetti Carbonara,Lunch,"spaghetti, eggs, cheese, beef bacon, black pepper",9.0,36.52,48.23,350,1,0,Cloudy
2024-02-10,33,Cafe,Mushroom Soup,Dinner,"mushrooms, cream, onion, garlic, vegetable broth",3.5,12.96,12.98,61,1,0,Sunny
2024-02-10,35,Food Stall,Cendol,Dinner,"rice flour jelly, coconut milk, palm sugar, red beans",2.0,4.54,7.08,209,0,1,Cloudy
2024-02-10,36,Food Stall,Roti Canai,Breakfast,"flour, ghee, egg, water, curry",0.8,1.99,1.9,824,1,0,Cloudy
2024-02-10,36,Food Stall,Roti Canai,Dinner,"flour, ghee, egg, water, curry",0.8,1.85,2.54,307,0,0,Cloudy
2024-02-10,38,Fine Dining,Iced Lemon Tea,Lunch,"black tea, lemon, sugar syrup",1.2,6.45,7.73,370,0,0,Cloudy
2024-02-10,39,Casual Dining,Mushroom Soup,Lunch,"mushrooms, cream, onion, garlic, vegetable broth",3.5,9.49,19.66,171,0,0,Sunny
2024-02-10,40,Food Stall,Teh Tarik,Lunch,"black tea, condensed milk, evaporated milk",0.9,2.13,2.87,670,0,0,Sunny
2024-02-10,41,Cafe,Kaya Toast Set,Breakfast,"white bread, kaya, butter, soft-boiled eggs",2.8,10.18,10.96,448,0,0,Cloudy
2024-02-10,41,Cafe,Mushroom Soup,Lunch,"mushrooms, cream, onion, garlic, vegetable broth",3.5,12.2,16.59,97,0,0,Sunny
2024-02-10,43,Casual Dining,Kaya Toast Set,Breakfast,"white bread, kaya, butter, soft-boiled eggs",2.8,8.09,13.98,528,0,0,Rainy
2024-02-10,43,Casual Dining,Mushroom Soup,Dinner,"mushrooms, cream, onion, garlic, vegetable broth",3.5,10.01,12.95,129,1,0,Sunny
2024-02-10,46,Casual Dining,Chicken Chop,Dinner,"chicken thigh, black pepper sauce, fries, coleslaw",8.0,28.12,50.28,106,0,0,Sunny
2024-02-10,47,Food Stall,Kaya Toast Set,Breakfast,"white bread, kaya, butter, soft-boiled eggs",2.8,6.67,7.34,545,0,0,Cloudy
