date,restaurant_id,restaurant_type,menu_item_name,meal_type,key_ingredients_tags,typical_ingredient_cost,observed_market_price,actual_selling_price,quantity_sold,has_promotion,special_event,weather_condition,day_of_week,is_weekend,day_of_month,month,price_diff,price_ratio,unit_margin,unit_margin_pct,dish_lag_1,dish_rolling_mean_3,dish_rolling_mean_7,ingredient_count
2024-01-01,1,Food Stall,Cendol,Lunch,"rice flour jelly, coconut milk, palm sugar, red beans",2.0,4.8,6.72,409,0,0,Sunny,0,0,1,1,1.92,1.4,4.72,0.7023809523809523,250.0,99.375,102.83333333333333,4
2024-01-01,1,Food Stall,Kaya Toast Set,Breakfast,"white bread, kaya, butter, soft-boiled eggs",2.8,5.1,9.71,347,0,0,Rainy,0,0,1,1,4.610000000000001,1.9039215686274513,6.910000000000001,0.7116374871266736,430.5,211.25000000000009,311.3055555555556,4
2024-01-01,2,Food Stall,Roti Canai,Dinner,"flour, ghee, egg, water, curry",0.8,1.9,1.81,847,1,0,Sunny,0,0,1,1,-0.08999999999999986,0.9526315789473685,1.01,0.5580110497237569,416.0,406.0000000000001,329.4777777777778,5
2024-01-01,2,Food Stall,Tandoori Chicken,Dinner,"chicken, yogurt, tandoori masala, ginger, garlic",7.0,17.58,27.2,176,0,0,Cloudy,0,0,1,1,9.620000000000001,1.547212741751991,20.2,0.7426470588235294,113.5,47.83333333333343,89.6111111111111,5
2024-01-01,3,Cafe,Iced Lemon Tea,Lunch,"black tea, lemon, sugar syrup",1.2,4.89,5.14,714,0,0,Sunny,0,0,1,1,0.25,1.0511247443762781,3.9399999999999995,0.7665369649805447,338.0,235.75,242.125,3
2024-01-01,3,Cafe,Spaghetti Carbonara,Lunch,"spaghetti, eggs, cheese, beef bacon, black pepper",9.0,34.64,36.95,237,0,0,Rainy,0,0,1,1,2.3100000000000023,1.0666859122401848,27.950000000000003,0.7564276048714479,119.5,372.91666666666686,431.2777777777778,5
2024-01-01,5,Cafe,Mushroom Soup,Dinner,"mushrooms, cream, onion, garlic, vegetable broth",3.5,12.68,19.43,73,0,1,Cloudy,0,0,1,1,6.75,1.5323343848580442,15.93,0.8198661863098301,73.0,168.00000000000006,148.58333333333334,5
2024-01-01,7,Casual Dining,Spaghetti Carbonara,Dinner,"spaghetti, eggs, cheese, beef bacon, black pepper",9.0,26.64,60.46,105,0,0,Sunny,0,0,1,1,33.82,2.2695195195195197,51.46,0.8511412504134965,119.5,372.91666666666686,431.2777777777778,5
2024-01-01,11,Food Stall,Laksa,Lunch,"rice noodles, fish broth, tamarind, shrimp paste, cucumber, mint",4.5,10.59,12.48,361,0,0,Sunny,0,0,1,1,1.8900000000000006,1.1784702549575072,7.98,0.639423076923077,184.0,362.25,415.6944444444444,6
2024-01-01,17,Food Stall,Cendol,Dinner,"rice flour jelly, coconut milk, palm sugar, red beans",2.0,5.39,5.36,278,0,0,Cloudy,0,0,1,1,-0.02999999999999936,0.9944341372912803,3.3600000000000003,0.6268656716417911,250.0,99.375,102.83333333333333,4
2024-01-01,22,Food Stall,Roti Canai,Dinner,"flour, ghee, egg, water, curry",0.8,2.04,2.48,503,0,0,Sunny,0,0,1,1,0.43999999999999995,1.2156862745098038,1.68,0.6774193548387096,416.0,406.0000000000001,329.4777777777778,5
2024-01-01,23,Fine Dining,Beef Rendang,Dinner,"beef, coconut milk, galangal, lemongrass, spices, chili",9.0,49.42,80.15,36,0,0,Rainy,0,0,1,1,30.730000000000004,1.6218130311614731,71.15,0.8877105427323768,114.0,114.0,114.0,6
2024-01-01,27,Food Stall,Tandoori Chicken,Dinner,"chicken, yogurt, tandoori masala, ginger, garlic",7.0,15.68,14.6,410,1,0,Cloudy,0,0,1,1,-1.08,0.9311224489795918,7.6,0.5205479452054794,113.5,47.83333333333343,89.6111111111111,5
2024-01-01,28,Fine Dining,Nasi Lemak,Breakfast,"rice, coconut milk, sambal, anchovies, egg, peanuts",2.5,11.92,16.75,315,0,0,Sunny,0,0,1,1,4.83,1.4052013422818792,14.25,0.8507462686567164,350.0,32.00000000000006,60.25,6
2024-01-01,29,Food Stall,Char Kway Teow,Dinner,"flat rice noodles, prawns, cockles, bean sprouts, chives, soy sauce",5.0,11.05,16.9,236,0,0,Cloudy,0,0,1,1,5.849999999999998,1.529411764705882,11.899999999999999,0.7041420118343195,169.5,189.0,228.96666666666667,6
2024-01-01,29,Food Stall,Chicken Rice,Dinner,"chicken, rice, ginger, garlic, chili sauce, cucumber",4.0,9.19,12.15,344,0,0,Cloudy,0,0,1,1,2.960000000000001,1.32208922742111,8.15,0.6707818930041153,239.0,201.375,168.9027777777778,6
2024-01-01,30,Cafe,Iced Lemon Tea,Breakfast,"black tea, lemon, sugar syrup",1.2,4.67,3.45,649,1,0,Sunny,0,0,1,1,-1.2199999999999998,0.7387580299785867,2.25,0.6521739130434783,338.0,235.75,242.125,3
2024-01-01,30,Cafe,Teh Tarik,Dinner,"black tea, condensed milk, evaporated milk",0.9,3.23,3.54,412,0,0,Cloudy,0,0,1,1,0.31000000000000005,1.0959752321981424,2.64,0.7457627118644068,515.0,84.00000000000009,114.125,3
2024-01-01,32,Fine Dining,Spaghetti Carbonara,Lunch,"spaghetti, eggs, cheese, beef bacon, black pepper",9.0,40.3,55.54,262,0,0,Rainy,0,0,1,1,15.240000000000002,1.3781637717121589,46.54,0.8379546272956427,119.5,372.91666666666686,431.2777777777778,5
2024-01-01,40,Food Stall,Kaya Toast Set,Breakfast,"white bread, kaya, butter, soft-boiled eggs",2.8,5.44,8.18,625,0,0,Sunny,0,0,1,1,2.7399999999999993,1.503676470588235,5.38,0.6577017114914425,430.5,211.25000000000009,311.3055555555556,4
2024-01-01,41,Cafe,Spaghetti Carbonara,Dinner,"spaghetti, eggs, cheese, beef bacon, black pepper",9.0,31.79,49.14,76,0,0,Cloudy,0,0,1,1,17.35,1.5457691097829507,40.14,0.8168498168498168,119.5,372.91666666666686,431.2777777777778,5
2024-01-01,42,Fine Dining,Spaghetti Carbonara,Dinner,"spaghetti, eggs, cheese, beef bacon, black pepper",9.0,40.64,56.82,143,0,0,Sunny,0,0,1,1,16.18,1.3981299212598426,47.82,0.8416050686378036,119.5,372.91666666666686,431.2777777777778,5
2024-01-01,46,Casual Dining,Chicken Chop,Lunch,"chicken thigh, black pepper sauce, fries, coleslaw",8.0,28.2,39.31,270,0,0,Cloudy,0,0,1,1,11.110000000000003,1.3939716312056738,31.310000000000002,0.7964894428898499,158.0,381.5,253.66666666666666,4
2024-01-01,49,Kopitiam,Kaya Toast Set,Breakfast,"white bread, kaya, butter, soft-boiled eggs",2.8,7.38,8.2,651,0,0,Rainy,0,0,1,1,0.8199999999999994,1.111111111111111,5.3999999999999995,0.6585365853658537,430.5,211.25000000000009,311.3055555555556,4
2024-01-02,2,Food Stall,Roti Canai,Dinner,"flour, ghee, egg, water, curry",0.8,2.13,1.6,524,1,1,Cloudy,1,0,2,1,-0.5299999999999998,0.7511737089201879,0.8,0.5,675.0,571.0000000000001,372.64444444444445,5
2024-01-02,3,Cafe,Chicken Chop,Dinner,"chicken thigh, black pepper sauce, fries, coleslaw",8.0,28.43,23.57,236,1,0,Cloudy,1,0,2,1,-4.859999999999999,0.8290538163911362,15.57,0.6605854900296988,270.0,306.0,255.5,4
2024-01-02,3,Cafe,Mushroom Soup,Lunch,"mushrooms, cream, onion, garlic, vegetable broth",3.5,12.49,20.13,20,0,0,Sunny,1,0,2,1,7.639999999999999,1.6116893514811848,16.63,0.8261301539990065,73.0,82.00000000000006,140.83333333333334,5
2024-01-02,3,Cafe,Spaghetti Carbonara,Dinner,"spaghetti, eggs, cheese, beef bacon, black pepper",9.0,33.81,41.11,12,0,0,Sunny,1,0,2,1,7.299999999999997,1.2159124519372966,32.11,0.7810751641936269,164.6,270.5500000000001,348.5444444444445,5
2024-01-02,5,Cafe,Cendol,Dinner,"rice flour jelly, coconut milk, palm sugar, red beans",2.0,7.08,10.74,120,0,0,Sunny,1,0,2,1,3.66,1.5169491525423728,8.74,0.813780260707635,343.5,238.375,131.08333333333334,4
2024-01-02,6,Fine Dining,Chicken Chop,Lunch,"chicken thigh, black pepper sauce, fries, coleslaw",8.0,36.95,71.87,94,0,0,Sunny,1,0,2,1,34.92,1.945060893098782,63.870000000000005,0.8886879087240852,270.0,306.0,255.5,4
2024-01-02,6,Fine Dining,Mushroom Soup,Dinner,"mushrooms, cream, onion, garlic, vegetable broth",3.5,15.08,29.28,30,0,0,Sunny,1,0,2,1,14.200000000000001,1.9416445623342176,25.78,0.880464480874317,73.0,82.00000000000006,140.83333333333334,5
2024-01-02,8,Casual Dining,Mushroom Soup,Lunch,"mushrooms, cream, onion, garlic, vegetable broth",3.5,10.52,20.21,88,0,0,Rainy,1,0,2,1,9.690000000000001,1.9211026615969584,16.71,0.8268184067293419,73.0,82.00000000000006,140.83333333333334,5
2024-01-02,10,Fine Dining,Beef Rendang,Lunch,"beef, coconut milk, galangal, lemongrass, spices, chili",9.0,36.42,60.28,241,0,0,Rainy,1,0,2,1,23.86,1.655134541460736,51.28,0.8506967485069675,36.0,36.0,36.0,6
2024-01-02,11,Food Stall,Teh Tarik,Lunch,"black tea, condensed milk, evaporated milk",0.9,2.18,2.46,385,0,0,Cloudy,1,0,2,1,0.2799999999999998,1.128440366972477,1.56,0.6341463414634146,412.0,224.00000000000009,169.29166666666666,3
2024-01-02,13,Food Stall,Nasi Lemak,Lunch,"rice, coconut milk, sambal, anchovies, egg, peanuts",2.5,5.55,7.91,350,0,0,Sunny,1,0,2,1,2.3600000000000003,1.4252252252252253,5.41,0.683944374209861,315.0,164.50000000000006,99.66666666666667,6
2024-01-02,13,Food Stall,Nasi Lemak,Breakfast,"rice, coconut milk, sambal, anchovies, egg, peanuts",2.5,6.1,8.55,259,0,0,Cloudy,1,0,2,1,2.450000000000001,1.4016393442622952,6.050000000000001,0.7076023391812866,315.0,164.50000000000006,99.66666666666667,6
2024-01-02,14,Food Stall,Kaya Toast Set,Breakfast,"white bread, kaya, butter, soft-boiled eggs",2.8,6.57,9.57,416,0,0,Cloudy,1,0,2,1,3.0,1.45662100456621,6.7700000000000005,0.7074190177638454,541.0,353.5000000000001,326.80555555555554,4
2024-01-02,15,Food Stall,Cendol,Dinner,"rice flour jelly, coconut milk, palm sugar, red beans",2.0,3.61,7.35,186,0,0,Rainy,1,0,2,1,3.7399999999999998,2.03601108033241,5.35,0.7278911564625851,343.5,238.375,131.08333333333334,4
2024-01-02,18,Food Stall,Roti Canai,Dinner,"flour, ghee, egg, water, curry",0.8,2.09,2.06,711,1,0,Sunny,1,0,2,1,-0.029999999999999805,0.9856459330143542,1.26,0.6116504854368932,675.0,571.0000000000001,372.64444444444445,5
2024-01-02,18,Food Stall,Roti Canai,Dinner,"flour, ghee, egg, water, curry",0.8,1.88,2.2,301,0,0,Sunny,1,0,2,1,0.3200000000000003,1.170212765957447,1.4000000000000001,0.6363636363636364,675.0,571.0000000000001,372.64444444444445,5
2024-01-02,19,Casual Dining,Kaya Toast Set,Breakfast,"white bread, kaya, butter, soft-boiled eggs",2.8,7.63,11.9,294,0,0,Sunny,1,0,2,1,4.2700000000000005,1.5596330275229358,9.100000000000001,0.7647058823529412,541.0,353.5000000000001,326.80555555555554,4
2024-01-02,19,Casual Dining,Kaya Toast Set,Breakfast,"white bread, kaya, butter, soft-boiled eggs",2.8,9.51,12.94,389,0,0,Cloudy,1,0,2,1,3.4299999999999997,1.3606729758149316,10.14,0.7836166924265843,541.0,353.5000000000001,326.80555555555554,4
2024-01-02,20,Casual Dining,Cendol,Lunch,"rice flour jelly, coconut milk, palm sugar, red beans",2.0,5.45,11.22,172,0,0,Rainy,1,0,2,1,5.7700000000000005,2.0587155963302752,9.22,0.82174688057041,343.5,238.375,131.08333333333334,4
2024-01-02,22,Food Stall,Tandoori Chicken,Dinner,"chicken, yogurt, tandoori masala, ginger, garlic",7.0,17.48,31.53,0,0,0,Sunny,1,0,2,1,14.05,1.8037757437070938,24.53,0.7779892166190929,293.0,174.00000000000009,118.77777777777777,5
2024-01-02,22,Food Stall,Tandoori Chicken,Dinner,"chicken, yogurt, tandoori masala, ginger, garlic",7.0,17.36,13.38,318,1,0,Sunny,1,0,2,1,-3.9799999999999986,0.7707373271889402,6.380000000000001,0.476831091180867,293.0,174.00000000000009,118.77777777777777,5
2024-01-02,31,Food Stall,Laksa,Lunch,"rice noodles, fish broth, tamarind, shrimp paste, cucumber, mint",4.5,10.84,20.42,73,0,0,Sunny,1,0,2,1,9.580000000000002,1.8837638376383765,15.920000000000002,0.7796278158667973,361.0,338.75000000000006,397.02777777777777,6
2024-01-02,33,Cafe,Mushroom Soup,Lunch,"mushrooms, cream, onion, garlic, vegetable broth",3.5,13.43,17.73,59,0,0,Cloudy,1,0,2,1,4.300000000000001,1.3201787043931497,14.23,0.8025944726452341,73.0,82.00000000000006,140.83333333333334,5
2024-01-02,33,Cafe,Teh Tarik,Lunch,"black tea, condensed milk, evaporated milk",0.9,2.81,3.16,385,0,0,Cloudy,1,0,2,1,0.3500000000000001,1.1245551601423487,2.2600000000000002,0.7151898734177216,412.0,224.00000000000009,169.29166666666666,3
2024-01-02,39,Casual Dining,Chicken Chop,Lunch,"chicken thigh, black pepper sauce, fries, coleslaw",8.0,22.02,47.06,143,0,0,Cloudy,1,0,2,1,25.040000000000003,2.1371480472297915,39.06,0.8300042498937527,270.0,306.0,255.5,4
2024-01-02,40,Food Stall,Beef Rendang,Dinner,"beef, coconut milk, galangal, lemongrass, spices, chili",9.0,22.08,33.39,1,0,0,Sunny,1,0,2,1,11.310000000000002,1.5122282608695654,24.39,0.7304582210242587,36.0,36.0,36.0,6
2024-01-02,41,Cafe,Iced Lemon Tea,Dinner,"black tea, lemon, sugar syrup",1.2,4.33,4.87,357,0,0,Sunny,1,0,2,1,0.54,1.1247113163972287,3.67,0.7535934291581109,681.5,434.25,322.7083333333333,3
2024-01-02,42,Fine Dining,Beef Rendang,Dinner,"beef, coconut milk, galangal, lemongrass, spices, chili",9.0,51.38,66.88,126,0,0,Cloudy,1,0,2,1,15.499999999999993,1.3016738030362007,57.879999999999995,0.8654306220095693,36.0,36.0,36.0,6
2024-01-02,42,Fine Dining,Nasi Lemak,Lunch,"rice, coconut milk, sambal, anchovies, egg, peanuts",2.5,13.47,10.89,238,1,0,Sunny,1,0,2,1,-2.58,0.8084632516703786,8.39,0.7704315886134068,315.0,164.50000000000006,99.66666666666667,6
2024-01-02,44,Food Stall,Cendol,Lunch,"rice flour jelly, coconut milk, palm sugar, red beans",2.0,5.23,5.63,353,0,0,Cloudy,1,0,2,1,0.39999999999999947,1.0764818355640535,3.63,0.6447602131438721,343.5,238.375,131.08333333333334,4
2024-01-02,44,Food Stall,Kaya Toast Set,Breakfast,"white bread, kaya, butter, soft-boiled eggs",2.8,5.7,9.24,356,0,0,Rainy,1,0,2,1,3.54,1.6210526315789473,6.44,0.696969696969697,541.0,353.5000000000001,326.80555555555554,4
2024-01-02,47,Food Stall,Cendol,Dinner,"rice flour jelly, coconut milk, palm sugar, red beans",2.0,4.81,7.02,190,0,0,Sunny,1,0,2,1,2.21,1.4594594594594594,5.02,0.715099715099715,343.5,238.375,131.08333333333334,4
2024-01-02,49,Kopitiam,Cendol,Dinner,"rice flour jelly, coconut milk, palm sugar, red beans",2.0,5.7,6.77,220,0,0,Cloudy,1,0,2,1,1.0699999999999994,1.187719298245614,4.77,0.7045790251107829,343.5,238.375,131.08333333333334,4
2024-01-02,50,Food Stall,Tandoori Chicken,Dinner,"chicken, yogurt, tandoori masala, ginger, garlic",7.0,15.26,26.91,0,0,0,Cloudy,1,0,2,1,11.65,1.7634338138925296,19.91,0.7398736529171311,293.0,174.00000000000009,118.77777777777777,5
2024-01-03,6,Fine Dining,Mushroom Soup,Lunch,"mushrooms, cream, onion, garlic, vegetable broth",3.5,15.14,22.46,210,0,0,Sunny,2,0,3,1,7.32,1.4834874504623514,18.96,0.8441674087266251,49.25,61.12500000000006,143.20833333333334,5
2024-01-03,6,Fine Dining,Spaghetti Carbonara,Dinner,"spaghetti, eggs, cheese, beef bacon, black pepper",9.0,45.72,61.65,92,0,0,Sunny,2,0,3,1,15.93,1.3484251968503937,52.65,0.8540145985401459,12.0,88.30000000000011,256.7944444444444,5
2024-01-03,8,Casual Dining,Kaya Toast Set,Breakfast,"white bread, kaya, butter, soft-boiled eggs",2.8,8.49,15.34,232,0,0,Rainy,2,0,3,1,6.85,1.806831566548881,12.54,0.817470664928292,363.75,452.3750000000001,331.375,4
2024-01-03,11,Food Stall,Laksa,Lunch,"rice noodles, fish broth, tamarind, shrimp paste, cucumber, mint",4.5,9.08,13.76,263,0,0,Cloudy,2,0,3,1,4.68,1.5154185022026432,9.26,0.6729651162790697,73.0,217.00000000000006,343.3611111111111,6
2024-01-03,16,Food Stall,Tandoori Chicken,Dinner,"chicken, yogurt, tandoori masala, ginger, garlic",7.0,14.28,27.15,99,0,0,Cloudy,2,0,3,1,12.87,1.9012605042016806,20.15,0.7421731123388582,106.0,199.50000000000009,113.77777777777777,5
2024-01-03,18,Food Stall,Tandoori Chicken,Dinner,"chicken, yogurt, tandoori masala, ginger, garlic",7.0,14.38,24.66,181,0,0,Sunny,2,0,3,1,10.28,1.7148817802503475,17.66,0.716139497161395,106.0,199.50000000000009,113.77777777777777,5
2024-01-03,19,Casual Dining,Teh Tarik,Lunch,"black tea, condensed milk, evaporated milk",0.9,2.99,3.79,496,0,0,Rainy,2,0,3,1,0.7999999999999998,1.2675585284280935,2.89,0.762532981530343,385.0,398.5000000000001,204.79166666666666,3
2024-01-03,20,Casual Dining,Cendol,Dinner,"rice flour jelly, coconut milk, palm sugar, red beans",2.0,5.1,11.45,119,0,0,Cloudy,2,0,3,1,6.35,2.2450980392156863,9.45,0.8253275109170306,206.83333333333334,275.1666666666667,151.13888888888889,4
2024-01-03,22,Food Stall,Roti Canai,Dinner,"flour, ghee, egg, water, curry",0.8,1.62,1.73,673,1,1,Cloudy,2,0,3,1,0.10999999999999988,1.067901234567901,0.9299999999999999,0.5375722543352601,512.0,593.5000000000001,406.77777777777777,5
2024-01-03,23,Fine Dining,Beef Rendang,Lunch,"beef, coconut milk, galangal, lemongrass, spices, chili",9.0,44.46,74.97,23,0,0,Rainy,2,0,3,1,30.509999999999998,1.6862348178137652,65.97,0.879951980792317,122.66666666666667,79.33333333333334,79.33333333333334,6
2024-01-03,23,Fine Dining,Beef Rendang,Dinner,"beef, coconut milk, galangal, lemongrass, spices, chili",9.0,42.29,73.42,113,0,0,Sunny,2,0,3,1,31.130000000000003,1.736107826909435,64.42,0.8774175973849088,122.66666666666667,79.33333333333334,79.33333333333334,6
2024-01-03,25,Fine Dining,Beef Rendang,Dinner,"beef, coconut milk, galangal, lemongrass, spices, chili",9.0,41.75,62.39,103,1,0,Rainy,2,0,3,1,20.64,1.4943712574850299,53.39,0.8557461131591602,122.66666666666667,79.33333333333334,79.33333333333334,6
2024-01-03,28,Fine Dining,Nasi Lemak,Breakfast,"rice, coconut milk, sambal, anchovies, egg, peanuts",2.5,12.98,12.19,503,1,0,Sunny,2,0,3,1,-0.7900000000000009,0.9391371340523882,9.69,0.7949138638228056,282.3333333333333,298.66666666666674,123.72222222222221,6
2024-01-03,38,Fine Dining,Beef Rendang,Lunch,"beef, coconut milk, galangal, lemongrass, spices, chili",9.0,49.12,53.04,148,1,0,Sunny,2,0,3,1,3.9200000000000017,1.0798045602605864,44.04,0.830316742081448,122.66666666666667,79.33333333333334,79.33333333333334,6
2024-01-03,40,Food Stall,Cendol,Dinner,"rice flour jelly, coconut milk, palm sugar, red beans",2.0,3.75,8.38,64,0,0,Sunny,2,0,3,1,4.630000000000001,2.234666666666667,6.380000000000001,0.7613365155131265,206.83333333333334,275.1666666666667,151.13888888888889,4
2024-01-03,44,Food Stall,Laksa,Lunch,"rice noodles, fish broth, tamarind, shrimp paste, cucumber, mint",4.5,12.65,14.06,192,0,0,Sunny,2,0,3,1,1.4100000000000001,1.1114624505928854,9.56,0.6799431009957326,73.0,217.00000000000006,343.3611111111111,6
2024-01-03,46,Casual Dining,Cendol,Dinner,"rice flour jelly, coconut milk, palm sugar, red beans",2.0,6.72,9.66,274,0,0,Rainy,2,0,3,1,2.9400000000000004,1.4375,7.66,0.7929606625258799,206.83333333333334,275.1666666666667,151.13888888888889,4
2024-01-03,46,Casual Dining,Spaghetti Carbonara,Lunch,"spaghetti, eggs, cheese, beef bacon, black pepper",9.0,24.51,53.13,148,0,0,Sunny,2,0,3,1,28.62,2.167686658506732,44.13,0.8306041784302653,12.0,88.30000000000011,256.7944444444444,5
2024-01-03,50,Food Stall,Roti Canai,Breakfast,"flour, ghee, egg, water, curry",0.8,1.74,2.92,239,0,0,Sunny,2,0,3,1,1.18,1.6781609195402298,2.12,0.726027397260274,512.0,593.5000000000001,406.77777777777777,5
2024-01-04,2,Food Stall,Roti Canai,Breakfast,"flour, ghee, egg, water, curry",0.8,1.95,2.21,435,0,0,Cloudy,3,0,4,1,0.26,1.1333333333333333,1.41,0.6380090497737556,456.0,547.6666666666667,445.0,5
2024-01-04,2,Food Stall,Tandoori Chicken,Dinner,"chicken, yogurt, tandoori masala, ginger, garlic",7.0,15.98,24.27,172,0,0,Sunny,3,0,4,1,8.29,1.5187734668335418,17.27,0.711578079934075,140.0,179.66666666666674,116.94444444444444,5
2024-01-04,5,Cafe,Iced Lemon Tea,Lunch,"black tea, lemon, sugar syrup",1.2,3.73,5.86,226,0,0,Sunny,3,0,4,1,2.1300000000000003,1.5710455764075069,4.66,0.7952218430034129,357.0,519.25,343.7083333333333,3
2024-01-04,10,Fine Dining,Chicken Chop,Dinner,"chicken thigh, black pepper sauce, fries, coleslaw",8.0,40.62,49.74,191,0,0,Cloudy,3,0,4,1,9.120000000000005,1.2245199409158052,41.74,0.8391636509851227,157.66666666666666,213.83333333333331,264.27777777777777,4
2024-01-04,10,Fine Dining,Iced Lemon Tea,Breakfast,"black tea, lemon, sugar syrup",1.2,6.84,8.44,141,0,0,Cloudy,3,0,4,1,1.5999999999999996,1.2339181286549707,7.239999999999999,0.8578199052132701,357.0,519.25,343.7083333333333,3
2024-01-04,11,Food Stall,Cendol,Dinner,"rice flour jelly, coconut milk, palm sugar, red beans",2.0,5.1,6.9,192,0,0,Sunny,3,0,4,1,1.8000000000000007,1.3529411764705883,4.9,0.7101449275362319,152.33333333333334,234.22222222222226,167.44444444444446,4
2024-01-04,13,Food Stall,Cendol,Lunch,"rice flour jelly, coconut milk, palm sugar, red beans",2.0,4.89,7.04,279,0,0,Sunny,3,0,4,1,2.1500000000000004,1.4396728016359919,5.04,0.7159090909090909,152.33333333333334,234.22222222222226,167.44444444444446,4
2024-01-04,13,Food Stall,Nasi Lemak,Lunch,"rice, coconut milk, sambal, anchovies, egg, peanuts",2.5,4.47,7.31,346,0,0,Sunny,3,0,4,1,2.84,1.6353467561521253,4.81,0.6580027359781122,503.0,366.7777777777778,200.2222222222222,6
2024-01-04,13,Food Stall,Teh Tarik,Lunch,"black tea, condensed milk, evaporated milk",0.9,1.8,2.43,506,0,0,Sunny,3,0,4,1,0.6300000000000001,1.35,1.5300000000000002,0.6296296296296297,496.0,431.00000000000006,271.4166666666667,3
2024-01-04,19,Casual Dining,Cendol,Lunch,"rice flour jelly, coconut milk, palm sugar, red beans",2.0,6.74,11.23,218,0,0,Cloudy,3,0,4,1,4.49,1.6661721068249258,9.23,0.8219056099732859,152.33333333333334,234.22222222222226,167.44444444444446,4
2024-01-04,20,Casual Dining,Teh Tarik,Dinner,"black tea, condensed milk, evaporated milk",0.9,2.64,4.22,577,0,0,Sunny,3,0,4,1,1.5799999999999996,1.5984848484848484,3.32,0.7867298578199052,496.0,431.00000000000006,271.4166666666667,3
2024-01-04,23,Fine Dining,Beef Rendang,Lunch,"beef, coconut milk, galangal, lemongrass, spices, chili",9.0,44.7,68.43,194,0,0,Cloudy,3,0,4,1,23.730000000000004,1.5308724832214766,59.43000000000001,0.868478737395879,96.75,85.1388888888889,85.1388888888889,6
2024-01-04,23,Fine Dining,Mushroom Soup,Dinner,"mushrooms, cream, onion, garlic, vegetable broth",3.5,18.5,26.95,73,0,0,Cloudy,3,0,4,1,8.45,1.4567567567567568,23.45,0.8701298701298701,210.0,110.75000000000004,162.20833333333334,5
2024-01-04,23,Fine Dining,Nasi Lemak,Lunch,"rice, coconut milk, sambal, anchovies, egg, peanuts",2.5,11.46,9.51,477,1,0,Sunny,3,0,4,1,-1.950000000000001,0.8298429319371727,7.01,0.7371188222923238,503.0,366.7777777777778,200.2222222222222,6
2024-01-04,26,Food Stall,Nasi Lemak,Lunch,"rice, coconut milk, sambal, anchovies, egg, peanuts",2.5,5.47,7.74,259,0,0,Sunny,3,0,4,1,2.2700000000000005,1.4149908592321756,5.24,0.6770025839793282,503.0,366.7777777777778,200.2222222222222,6
2024-01-04,30,Cafe,Cendol,Dinner,"rice flour jelly, coconut milk, palm sugar, red beans",2.0,6.35,7.92,359,0,1,Sunny,3,0,4,1,1.5700000000000003,1.247244094488189,5.92,0.7474747474747475,152.33333333333334,234.22222222222226,167.44444444444446,4
2024-01-04,30,Cafe,Cendol,Lunch,"rice flour jelly, coconut milk, palm sugar, red beans",2.0,5.79,6.65,425,1,0,Sunny,3,0,4,1,0.8600000000000003,1.14853195164076,4.65,0.6992481203007519,152.33333333333334,234.22222222222226,167.44444444444446,4
2024-01-04,32,Fine Dining,Mushroom Soup,Dinner,"mushrooms, cream, onion, garlic, vegetable broth",3.5,13.64,28.55,0,0,0,Cloudy,3,0,4,1,14.91,2.093108504398827,25.05,0.8774080560420315,210.0,110.75000000000004,162.20833333333334,5
2024-01-04,33,Cafe,Cendol,Lunch,"rice flour jelly, coconut milk, palm sugar, red beans",2.0,6.7,9.42,231,0,0,Rainy,3,0,4,1,2.7199999999999998,1.4059701492537313,7.42,0.7876857749469215,152.33333333333334,234.22222222222226,167.44444444444446,4
2024-01-04,34,Casual Dining,Char Kway Teow,Lunch,"flat rice noodles, prawns, cockles, bean sprouts, chives, soy sauce",5.0,14.73,28.49,207,0,0,Sunny,3,0,4,1,13.759999999999998,1.9341479972844533,23.49,0.8244998244998245,236.0,162.0,191.21666666666667,6
2024-01-04,39,Casual Dining,Beef Rendang,Dinner,"beef, coconut milk, galangal, lemongrass, spices, chili",9.0,31.28,46.56,0,0,0,Cloudy,3,0,4,1,15.280000000000001,1.4884910485933505,37.56,0.8067010309278351,96.75,85.1388888888889,85.1388888888889,6
2024-01-04,39,Casual Dining,Kaya Toast Set,Breakfast,"white bread, kaya, butter, soft-boiled eggs",2.8,8.14,11.21,619,1,0,Sunny,3,0,4,1,3.0700000000000003,1.3771498771498771,8.41,0.7502230151650312,232.0,378.91666666666674,311.375,4
2024-01-04,44,Food Stall,Laksa,Lunch,"rice noodles, fish broth, tamarind, shrimp paste, cucumber, mint",4.5,9.21,14.53,270,0,0,Sunny,3,0,4,1,5.3199999999999985,1.5776330076004341,10.03,0.6902959394356504,227.5,220.50000000000003,305.77777777777777,6
2024-01-04,44,Food Stall,Teh Tarik,Breakfast,"black tea, condensed milk, evaporated milk",0.9,1.87,2.81,497,0,0,Sunny,3,0,4,1,0.94,1.5026737967914439,1.9100000000000001,0.6797153024911032,496.0,431.00000000000006,271.4166666666667,3
2024-01-04,47,Food Stall,Laksa,Lunch,"rice noodles, fish broth, tamarind, shrimp paste, cucumber, mint",4.5,8.86,15.33,178,0,0,Sunny,3,0,4,1,6.470000000000001,1.7302483069977428,10.83,0.7064579256360078,227.5,220.50000000000003,305.77777777777777,6
2024-01-04,48,Casual Dining,Kaya Toast Set,Breakfast,"white bread, kaya, butter, soft-boiled eggs",2.8,9.42,14.13,338,0,0,Sunny,3,0,4,1,4.710000000000001,1.5,11.330000000000002,0.8018400566171268,232.0,378.91666666666674,311.375,4
2024-01-04,50,Food Stall,Tandoori Chicken,Dinner,"chicken, yogurt, tandoori masala, ginger, garlic",7.0,13.95,24.04,53,0,0,Sunny,3,0,4,1,10.09,1.7232974910394265,17.04,0.7088186356073212,140.0,179.66666666666674,116.94444444444444,5
2024-01-04,50,Food Stall,Tandoori Chicken,Dinner,"chicken, yogurt, tandoori masala, ginger, garlic",7.0,14.13,23.99,129,0,0,Sunny,3,0,4,1,9.859999999999998,1.697806086341118,16.99,0.7082117548978741,140.0,179.66666666666674,116.94444444444444,5
2024-01-05,1,Food Stall,Kaya Toast Set,Breakfast,"white bread, kaya, butter, soft-boiled eggs",2.8,6.02,6.6,726,1,0,Cloudy,4,0,5,1,0.5800000000000001,1.0963455149501662,3.8,0.5757575757575758,478.5,358.0833333333334,339.625,4
2024-01-05,2,Food Stall,Roti Canai,Dinner,"flour, ghee, egg, water, curry",0.8,1.84,2.7,348,0,0,Sunny,4,0,5,1,0.8600000000000001,1.4673913043478262,1.9000000000000001,0.7037037037037037,435.0,467.66666666666674,481.6666666666667,5
2024-01-05,3,Cafe,Kaya Toast Set,Breakfast,"white bread, kaya, butter, soft-boiled eggs",2.8,11.24,9.99,430,0,0,Sunny,4,0,5,1,-1.25,0.8887900355871886,7.19,0.7197197197197197,478.5,358.0833333333334,339.625,4
2024-01-05,4,Cafe,Teh Tarik,Lunch,"black tea, condensed milk, evaporated milk",0.9,2.88,3.62,439,0,0,Sunny,4,0,5,1,0.7400000000000002,1.2569444444444444,2.72,0.7513812154696133,526.6666666666666,469.22222222222223,331.27777777777777,3
2024-01-05,4,Cafe,Teh Tarik,Dinner,"black tea, condensed milk, evaporated milk",0.9,3.42,3.89,226,0,0,Cloudy,4,0,5,1,0.4700000000000002,1.1374269005847955,2.99,0.7686375321336761,526.6666666666666,469.22222222222223,331.27777777777777,3
2024-01-05,5,Cafe,Iced Lemon Tea,Breakfast,"black tea, lemon, sugar syrup",1.2,3.59,4.29,340,0,0,Cloudy,4,0,5,1,0.7000000000000002,1.1949860724233985,3.09,0.7202797202797202,183.5,407.3333333333333,339.625,3
2024-01-05,8,Casual Dining,Cendol,Dinner,"rice flour jelly, coconut milk, palm sugar, red beans",2.0,6.78,7.14,288,1,0,Rainy,4,0,5,1,0.35999999999999943,1.0530973451327432,5.14,0.7198879551820728,284.0,214.3888888888889,197.56944444444446,4
2024-01-05,8,Casual Dining,Spaghetti Carbonara,Dinner,"spaghetti, eggs, cheese, beef bacon, black pepper",9.0,28.25,60.09,98,0,0,Sunny,4,0,5,1,31.840000000000003,2.127079646017699,51.09,0.8502246630054918,120.0,98.86666666666675,229.62777777777774,5
2024-01-05,9,Casual Dining,Teh Tarik,Dinner,"black tea, condensed milk, evaporated milk",0.9,2.41,4.5,535,0,0,Sunny,4,0,5,1,2.09,1.867219917012448,3.6,0.8,526.6666666666666,469.22222222222223,331.27777777777777,3
2024-01-05,11,Food Stall,Laksa,Lunch,"rice noodles, fish broth, tamarind, shrimp paste, cucumber, mint",4.5,10.53,16.21,53,0,0,Sunny,4,0,5,1,5.6800000000000015,1.5394112060778729,11.71,0.7223935842072795,224.0,174.83333333333337,268.3333333333333,6
2024-01-05,12,Cafe,Kaya Toast Set,Breakfast,"white bread, kaya, butter, soft-boiled eggs",2.8,8.51,12.26,229,0,0,Rainy,4,0,5,1,3.75,1.4406580493537016,9.46,0.7716150081566069,478.5,358.0833333333334,339.625,4
2024-01-05,12,Cafe,Kaya Toast Set,Breakfast,"white bread, kaya, butter, soft-boiled eggs",2.8,8.65,11.69,268,0,0,Sunny,4,0,5,1,3.039999999999999,1.3514450867052021,8.89,0.7604790419161678,478.5,358.0833333333334,339.625,4
2024-01-05,12,Cafe,Teh Tarik,Lunch,"black tea, condensed milk, evaporated milk",0.9,3.27,3.22,316,0,0,Cloudy,4,0,5,1,-0.04999999999999982,0.9847094801223242,2.3200000000000003,0.7204968944099379,526.6666666666666,469.22222222222223,331.27777777777777,3
2024-01-05,13,Food Stall,Kaya Toast Set,Breakfast,"white bread, kaya, butter, soft-boiled eggs",2.8,7.08,9.9,280,0,0,Cloudy,4,0,5,1,2.8200000000000003,1.3983050847457628,7.1000000000000005,0.7171717171717172,478.5,358.0833333333334,339.625,4
2024-01-05,18,Food Stall,Roti Canai,Dinner,"flour, ghee, egg, water, curry",0.8,2.13,2.34,373,0,0,Sunny,4,0,5,1,0.20999999999999996,1.0985915492957747,1.5399999999999998,0.6581196581196581,435.0,467.66666666666674,481.6666666666667,5
2024-01-05,21,Casual Dining,Spaghetti Carbonara,Dinner,"spaghetti, eggs, cheese, beef bacon, black pepper",9.0,23.92,37.16,290,0,0,Sunny,4,0,5,1,13.239999999999995,1.5535117056856185,28.159999999999997,0.7578040904198062,120.0,98.86666666666675,229.62777777777774,5
2024-01-05,23,Fine Dining,Spaghetti Carbonara,Dinner,"spaghetti, eggs, cheese, beef bacon, black pepper",9.0,51.96,76.18,128,0,0,Cloudy,4,0,5,1,24.220000000000006,1.4661277906081602,67.18,0.8818587555788922,120.0,98.86666666666675,229.62777777777774,5
2024-01-05,25,Fine Dining,Beef Rendang,Lunch,"beef, coconut milk, galangal, lemongrass, spices, chili",9.0,55.63,68.8,153,0,0,Sunny,4,0,5,1,13.169999999999995,1.2367427646953082,59.8,0.8691860465116279,97.0,105.47222222222223,88.10416666666667,6
2024-01-05,28,Fine Dining,Chicken Chop,Dinner,"chicken thigh, black pepper sauce, fries, coleslaw",8.0,45.43,68.49,40,0,0,Sunny,4,0,5,1,23.059999999999995,1.5075941008144398,60.489999999999995,0.8831946269528398,191.0,206.2222222222222,246.94444444444443,4
2024-01-05,28,Fine Dining,Mushroom Soup,Lunch,"mushrooms, cream, onion, garlic, vegetable broth",3.5,18.72,30.56,6,0,0,Sunny,4,0,5,1,11.84,1.6324786324786325,27.06,0.8854712041884817,36.5,98.58333333333337,117.45833333333333,5
2024-01-05,34,Casual Dining,Teh Tarik,Lunch,"black tea, condensed milk, evaporated milk",0.9,2.56,4.13,615,0,0,Sunny,4,0,5,1,1.5699999999999998,1.61328125,3.23,0.7820823244552059,526.6666666666666,469.22222222222223,331.27777777777777,3
2024-01-05,36,Food Stall,Tandoori Chicken,Dinner,"chicken, yogurt, tandoori masala, ginger, garlic",7.0,13.35,24.16,59,0,0,Cloudy,4,0,5,1,10.81,1.809737827715356,17.16,0.7102649006622517,118.0,121.33333333333339,125.44444444444444,5
2024-01-05,37,Food Stall,Cendol,Lunch,"rice flour jelly, coconut milk, palm sugar, red beans",2.0,3.83,7.59,35,0,0,Rainy,4,0,5,1,3.76,1.9817232375979112,5.59,0.7364953886693018,284.0,214.3888888888889,197.56944444444446,4
2024-01-05,37,Food Stall,Char Kway Teow,Dinner,"flat rice noodles, prawns, cockles, bean sprouts, chives, soy sauce",5.0,11.92,22.36,42,0,0,Sunny,4,0,5,1,10.44,1.8758389261744965,17.36,0.776386404293381,207.0,221.5,202.28333333333333,6
2024-01-05,37,Food Stall,Teh Tarik,Breakfast,"black tea, condensed milk, evaporated milk",0.9,1.78,3.16,309,0,0,Rainy,4,0,5,1,1.3800000000000001,1.7752808988764046,2.2600000000000002,0.7151898734177216,526.6666666666666,469.22222222222223,331.27777777777777,3
2024-01-05,38,Fine Dining,Beef Rendang,Dinner,"beef, coconut milk, galangal, lemongrass, spices, chili",9.0,44.16,63.52,0,0,0,Sunny,4,0,5,1,19.360000000000007,1.4384057971014494,54.52,0.8583123425692696,97.0,105.47222222222223,88.10416666666667,6
2024-01-05,43,Casual Dining,Mushroom Soup,Lunch,"mushrooms, cream, onion, garlic, vegetable broth",3.5,11.24,22.87,86,0,0,Sunny,4,0,5,1,11.63,2.034697508896797,19.37,0.8469610843900306,36.5,98.58333333333337,117.45833333333333,5
2024-01-05,50,Food Stall,Tandoori Chicken,Dinner,"chicken, yogurt, tandoori masala, ginger, garlic",7.0,13.97,29.45,0,0,0,Sunny,4,0,5,1,15.479999999999999,2.1080887616320685,22.45,0.7623089983022071,118.0,121.33333333333339,125.44444444444444,5
2024-01-06,4,Cafe,Kaya Toast Set,Breakfast,"white bread, kaya, butter, soft-boiled eggs",2.8,11.07,9.61,526,0,0,Sunny,5,1,6,1,-1.4600000000000009,0.8681120144534777,6.81,0.708636836628512,386.6,365.7000000000001,361.30833333333334,4
2024-01-06,9,Casual Dining,Chicken Chop,Lunch,"chicken thigh, black pepper sauce, fries, coleslaw",8.0,23.13,46.47,176,0,0,Sunny,5,1,6,1,23.34,2.0090791180285343,38.47,0.8278459221002797,40.0,129.55555555555554,236.94444444444443,4
2024-01-06,10,Fine Dining,Beef Rendang,Dinner,"beef, coconut milk, galangal, lemongrass, spices, chili",9.0,42.09,66.97,67,0,0,Sunny,5,1,6,1,24.879999999999995,1.5911142789261106,57.97,0.8656114678214125,76.5,90.08333333333333,85.78333333333333,6
2024-01-06,10,Fine Dining,Nasi Lemak,Breakfast,"rice, coconut milk, sambal, anchovies, egg, peanuts",2.5,14.93,14.41,407,0,0,Rainy,5,1,6,1,-0.5199999999999996,0.9651707970529136,11.91,0.8265093684941013,360.6666666666667,382.0,254.16666666666666,6
2024-01-06,12,Cafe,Beef Rendang,Dinner,"beef, coconut milk, galangal, lemongrass, spices, chili",9.0,34.33,36.17,176,0,0,Cloudy,5,1,6,1,1.8400000000000034,1.0535974366443346,27.17,0.7511750069118054,76.5,90.08333333333333,85.78333333333333,6
2024-01-06,13,Food Stall,Teh Tarik,Dinner,"black tea, condensed milk, evaporated milk",0.9,1.94,2.87,551,0,0,Sunny,5,1,6,1,0.9300000000000002,1.4793814432989691,1.9700000000000002,0.686411149825784,406.6666666666667,476.4444444444445,377.0555555555556,3
2024-01-06,16,Food Stall,Roti Canai,Dinner,"flour, ghee, egg, water, curry",0.8,1.63,2.11,407,0,0,Sunny,5,1,6,1,0.48,1.294478527607362,1.3099999999999998,0.6208530805687204,360.5,417.16666666666674,484.25,5
2024-01-06,16,Food Stall,Tandoori Chicken,Dinner,"chicken, yogurt, tandoori masala, ginger, garlic",7.0,13.9,16.05,357,1,0,Sunny,5,1,6,1,2.1500000000000004,1.1546762589928057,9.05,0.5638629283489097,29.5,95.83333333333339,123.58333333333333,5
2024-01-06,19,Casual Dining,Teh Tarik,Breakfast,"black tea, condensed milk, evaporated milk",0.9,2.95,4.54,836,0,0,Sunny,5,1,6,1,1.5899999999999999,1.5389830508474576,3.64,0.801762114537445,406.6666666666667,476.4444444444445,377.0555555555556,3
2024-01-06,20,Casual Dining,Spaghetti Carbonara,Lunch,"spaghetti, eggs, cheese, beef bacon, black pepper",9.0,30.01,62.08,106,0,0,Cloudy,5,1,6,1,32.06999999999999,2.068643785404865,53.08,0.8550257731958762,172.0,101.33333333333341,202.40555555555554,5
2024-01-06,29,Food Stall,Kaya Toast Set,Breakfast,"white bread, kaya, butter, soft-boiled eggs",2.8,5.03,4.94,799,1,0,Sunny,5,1,6,1,-0.08999999999999986,0.9821073558648111,2.1400000000000006,0.4331983805668017,386.6,365.7000000000001,361.30833333333334,4
2024-01-06,32,Fine Dining,Iced Lemon Tea,Dinner,"black tea, lemon, sugar syrup",1.2,4.68,5.14,751,1,0,Rainy,5,1,6,1,0.45999999999999996,1.0982905982905984,3.9399999999999995,0.7665369649805447,340.0,293.5,338.9166666666667,3
2024-01-06,34,Casual Dining,Cendol,Dinner,"rice flour jelly, coconut milk, palm sugar, red beans",2.0,6.18,10.0,144,0,0,Cloudy,5,1,6,1,3.8200000000000003,1.6181229773462784,8.0,0.8,161.5,199.27777777777774,213.56944444444446,4
2024-01-06,34,Casual Dining,Char Kway Teow,Lunch,"flat rice noodles, prawns, cockles, bean sprouts, chives, soy sauce",5.0,14.59,25.34,199,0,0,Sunny,5,1,6,1,10.75,1.7368060315284441,20.34,0.8026835043409629,42.0,161.66666666666666,167.91666666666666,6
2024-01-06,35,Food Stall,Chicken Rice,Lunch,"chicken, rice, ginger, garlic, chili sauce, cucumber",4.0,7.48,12.4,230,0,0,Sunny,5,1,6,1,4.92,1.6577540106951871,8.4,0.6774193548387097,344.0,271.25,184.4027777777778,6
2024-01-06,36,Food Stall,Tandoori Chicken,Dinner,"chicken, yogurt, tandoori masala, ginger, garlic",7.0,16.28,27.49,133,0,0,Sunny,5,1,6,1,11.209999999999997,1.6885749385749385,20.49,0.7453619497999272,29.5,95.83333333333339,123.58333333333333,5
2024-01-06,37,Food Stall,Cendol,Lunch,"rice flour jelly, coconut milk, palm sugar, red beans",2.0,4.82,6.32,337,0,0,Rainy,5,1,6,1,1.5,1.3112033195020747,4.32,0.6835443037974683,161.5,199.27777777777774,213.56944444444446,4
2024-01-06,37,Food Stall,Teh Tarik,Breakfast,"black tea, condensed milk, evaporated milk",0.9,1.95,2.57,896,0,0,Sunny,5,1,6,1,0.6199999999999999,1.317948717948718,1.67,0.6498054474708171,406.6666666666667,476.4444444444445,377.0555555555556,3
2024-01-06,40,Food Stall,Cendol,Lunch,"rice flour jelly, coconut milk, palm sugar, red beans",2.0,4.62,6.81,395,0,1,Cloudy,5,1,6,1,2.1899999999999995,1.474025974025974,4.81,0.7063142437591776,161.5,199.27777777777774,213.56944444444446,4
2024-01-06,45,Food Stall,Cendol,Dinner,"rice flour jelly, coconut milk, palm sugar, red beans",2.0,3.95,3.6,599,1,0,Rainy,5,1,6,1,-0.3500000000000001,0.9113924050632911,1.6,0.4444444444444445,161.5,199.27777777777774,213.56944444444446,4
2024-01-06,45,Food Stall,Kaya Toast Set,Breakfast,"white bread, kaya, butter, soft-boiled eggs",2.8,5.3,8.18,531,0,0,Sunny,5,1,6,1,2.88,1.5433962264150944,5.38,0.6577017114914425,386.6,365.7000000000001,361.30833333333334,4
2024-01-06,47,Food Stall,Laksa,Lunch,"rice noodles, fish broth, tamarind, shrimp paste, cucumber, mint",4.5,12.71,15.8,68,0,0,Rainy,5,1,6,1,3.09,1.2431156569630213,11.3,0.7151898734177216,53.0,168.1666666666667,209.16666666666666,6
2024-01-06,49,Kopitiam,Char Kway Teow,Lunch,"flat rice noodles, prawns, cockles, bean sprouts, chives, soy sauce",5.0,14.29,21.43,202,0,0,Cloudy,5,1,6,1,7.140000000000001,1.4996501049685096,16.43,0.7666822211852543,42.0,161.66666666666666,167.91666666666666,6
2024-01-06,50,Food Stall,Roti Canai,Breakfast,"flour, ghee, egg, water, curry",0.8,1.59,2.35,610,0,0,Sunny,5,1,6,1,0.76,1.4779874213836477,1.55,0.6595744680851063,360.5,417.16666666666674,484.25,5
2024-01-07,6,Fine Dining,Chicken Chop,Lunch,"chicken thigh, black pepper sauce, fries, coleslaw",8.0,34.97,43.6,283,0,0,Sunny,6,1,7,1,8.630000000000003,1.2467829568201316,35.6,0.8165137614678899,176.0,135.66666666666666,196.11111111111111,4
2024-01-07,7,Casual Dining,Mushroom Soup,Dinner,"mushrooms, cream, onion, garlic, vegetable broth",3.5,9.18,19.85,68,0,0,Cloudy,6,1,7,1,10.670000000000002,2.162309368191721,16.35,0.8236775818639799,46.0,97.50000000000004,84.29166666666667,5
2024-01-07,9,Casual Dining,Beef Rendang,Lunch,"beef, coconut milk, galangal, lemongrass, spices, chili",9.0,23.86,41.77,241,0,0,Rainy,6,1,7,1,17.910000000000004,1.750628667225482,32.77,0.7845343548000958,121.5,98.33333333333333,91.7361111111111,6
2024-01-07,12,Cafe,Nasi Lemak,Breakfast,"rice, coconut milk, sambal, anchovies, egg, peanuts",2.5,10.52,10.08,468,0,0,Sunny,6,1,7,1,-0.4399999999999995,0.9581749049429659,7.58,0.751984126984127,407.0,423.55555555555566,313.6666666666667,6
2024-01-07,13,Food Stall,Kaya Toast Set,Breakfast,"white bread, kaya, butter, soft-boiled eggs",2.8,6.35,8.03,418,0,0,Rainy,6,1,7,1,1.6799999999999997,1.2645669291338582,5.2299999999999995,0.651307596513076,618.6666666666666,494.58888888888896,436.75277777777774,4
2024-01-07,14,Food Stall,Kaya Toast Set,Breakfast,"white bread, kaya, butter, soft-boiled eggs",2.8,6.61,6.03,762,1,1,Rainy,6,1,7,1,-0.5800000000000001,0.9122541603630863,3.2300000000000004,0.5356550580431177,618.6666666666666,494.58888888888896,436.75277777777774,4
2024-01-07,15,Food Stall,Kaya Toast Set,Breakfast,"white bread, kaya, butter, soft-boiled eggs",2.8,5.89,9.21,500,0,0,Sunny,6,1,7,1,3.320000000000001,1.5636672325976233,6.410000000000001,0.6959826275787189,618.6666666666666,494.58888888888896,436.75277777777774,4
2024-01-07,16,Food Stall,Roti Canai,Breakfast,"flour, ghee, egg, water, curry",0.8,1.55,2.14,601,0,0,Sunny,6,1,7,1,0.5900000000000001,1.3806451612903226,1.34,0.6261682242990654,508.5,434.66666666666674,491.1666666666667,5
2024-01-07,16,Food Stall,Roti Canai,Breakfast,"flour, ghee, egg, water, curry",0.8,1.73,2.62,472,0,0,Sunny,6,1,7,1,0.8900000000000001,1.5144508670520231,1.82,0.6946564885496184,508.5,434.66666666666674,491.1666666666667,5
2024-01-07,18,Food Stall,Tandoori Chicken,Dinner,"chicken, yogurt, tandoori masala, ginger, garlic",7.0,17.59,17.54,300,1,0,Sunny,6,1,7,1,-0.05000000000000071,0.9971574758385446,10.54,0.6009122006841505,245.0,130.8333333333334,155.25,5
2024-01-07,23,Fine Dining,Beef Rendang,Lunch,"beef, coconut milk, galangal, lemongrass, spices, chili",9.0,36.1,82.38,107,0,0,Rainy,6,1,7,1,46.279999999999994,2.2819944598337947,73.38,0.8907501820830298,121.5,98.33333333333333,91.7361111111111,6
2024-01-07,23,Fine Dining,Chicken Chop,Lunch,"chicken thigh, black pepper sauce, fries, coleslaw",8.0,34.94,36.98,498,1,0,Cloudy,6,1,7,1,2.039999999999999,1.0583858042358327,28.979999999999997,0.7836668469442942,176.0,135.66666666666666,196.11111111111111,4
2024-01-07,23,Fine Dining,Spaghetti Carbonara,Lunch,"spaghetti, eggs, cheese, beef bacon, black pepper",9.0,47.21,75.55,39,0,0,Rainy,6,1,7,1,28.339999999999996,1.6002965473416648,66.55,0.8808735936465917,106.0,132.66666666666674,158.51666666666668,5
2024-01-07,25,Fine Dining,Beef Rendang,Lunch,"beef, coconut milk, galangal, lemongrass, spices, chili",9.0,49.08,63.62,0,0,0,Sunny,6,1,7,1,14.54,1.2962510187449063,54.62,0.858535051870481,121.5,98.33333333333333,91.7361111111111,6
2024-01-07,25,Fine Dining,Nasi Lemak,Lunch,"rice, coconut milk, sambal, anchovies, egg, peanuts",2.5,11.01,12.74,408,0,0,Sunny,6,1,7,1,1.7300000000000004,1.1571298819255222,10.24,0.8037676609105181,407.0,423.55555555555566,313.6666666666667,6
2024-01-07,28,Fine Dining,Iced Lemon Tea,Breakfast,"black tea, lemon, sugar syrup",1.2,5.82,7.26,617,0,0,Sunny,6,1,7,1,1.4399999999999995,1.2474226804123711,6.06,0.8347107438016529,751.0,424.8333333333333,416.6666666666667,3
2024-01-07,28,Fine Dining,Iced Lemon Tea,Dinner,"black tea, lemon, sugar syrup",1.2,5.38,7.23,301,0,0,Rainy,6,1,7,1,1.8500000000000005,1.3438661710037176,6.03,0.8340248962655602,751.0,424.8333333333333,416.6666666666667,3
2024-01-07,28,Fine Dining,Nasi Lemak,Lunch,"rice, coconut milk, sambal, anchovies, egg, peanuts",2.5,10.22,16.76,421,0,0,Cloudy,6,1,7,1,6.540000000000001,1.639921722113503,14.260000000000002,0.8508353221957041,407.0,423.55555555555566,313.6666666666667,6
2024-01-07,32,Fine Dining,Mushroom Soup,Lunch,"mushrooms, cream, onion, garlic, vegetable broth",3.5,13.88,28.99,106,0,0,Cloudy,6,1,7,1,15.109999999999998,2.088616714697406,25.49,0.8792687133494308,46.0,97.50000000000004,84.29166666666667,5
2024-01-07,33,Cafe,Kaya Toast Set,Breakfast,"white bread, kaya, butter, soft-boiled eggs",2.8,7.96,10.17,431,0,1,Sunny,6,1,7,1,2.21,1.2776381909547738,7.37,0.7246804326450345,618.6666666666666,494.58888888888896,436.75277777777774,4
2024-01-07,35,Food Stall,Char Kway Teow,Dinner,"flat rice noodles, prawns, cockles, bean sprouts, chives, soy sauce",5.0,11.01,13.04,252,1,0,Rainy,6,1,7,1,2.0299999999999994,1.184377838328792,8.04,0.6165644171779141,200.5,149.83333333333334,177.25,6
2024-01-07,35,Food Stall,Char Kway Teow,Dinner,"flat rice noodles, prawns, cockles, bean sprouts, chives, soy sauce",5.0,9.37,19.51,165,0,0,Cloudy,6,1,7,1,10.140000000000002,2.082177161152615,14.510000000000002,0.7437211686314711,200.5,149.83333333333334,177.25,6
2024-01-07,35,Food Stall,Teh Tarik,Breakfast,"black tea, condensed milk, evaporated milk",0.9,1.83,2.78,743,0,0,Cloudy,6,1,7,1,0.9499999999999997,1.5191256830601092,1.88,0.6762589928057554,761.0,564.7777777777778,497.8888888888889,3
2024-01-07,36,Food Stall,Roti Canai,Dinner,"flour, ghee, egg, water, curry",0.8,1.84,2.55,265,0,0,Rainy,6,1,7,1,0.7099999999999997,1.3858695652173911,1.7499999999999998,0.6862745098039216,508.5,434.66666666666674,491.1666666666667,5
2024-01-07,39,Casual Dining,Teh Tarik,Lunch,"black tea, condensed milk, evaporated milk",0.9,3.03,3.9,638,0,0,Sunny,6,1,7,1,0.8700000000000001,1.2871287128712872,3.0,0.7692307692307693,761.0,564.7777777777778,497.8888888888889,3
2024-01-07,42,Fine Dining,Nasi Lemak,Lunch,"rice, coconut milk, sambal, anchovies, egg, peanuts",2.5,13.58,12.69,444,0,0,Sunny,6,1,7,1,-0.8900000000000006,0.9344624447717231,10.19,0.8029944838455476,407.0,423.55555555555566,313.6666666666667,6
2024-01-07,43,Casual Dining,Mushroom Soup,Lunch,"mushrooms, cream, onion, garlic, vegetable broth",3.5,9.56,18.36,25,0,0,Rainy,6,1,7,1,8.799999999999999,1.920502092050209,14.86,0.809368191721133,46.0,97.50000000000004,84.29166666666667,5
2024-01-07,45,Food Stall,Cendol,Lunch,"rice flour jelly, coconut milk, palm sugar, red beans",2.0,4.0,6.33,361,0,0,Cloudy,6,1,7,1,2.33,1.5825,4.33,0.684044233807267,368.75,271.4166666666667,252.81944444444446,4
2024-01-07,46,Casual Dining,Spaghetti Carbonara,Lunch,"spaghetti, eggs, cheese, beef bacon, black pepper",9.0,26.19,29.33,273,1,0,Sunny,6,1,7,1,3.139999999999997,1.1198930889652539,20.33,0.6931469485168769,106.0,132.66666666666674,158.51666666666668,5
2024-01-07,48,Casual Dining,Char Kway Teow,Dinner,"flat rice noodles, prawns, cockles, bean sprouts, chives, soy sauce",5.0,16.03,31.2,100,0,0,Cloudy,6,1,7,1,15.169999999999998,1.946350592638802,26.2,0.8397435897435898,200.5,149.83333333333334,177.25,6
2024-01-07,49,Kopitiam,Cendol,Dinner,"rice flour jelly, coconut milk, palm sugar, red beans",2.0,5.63,7.03,148,0,0,Sunny,6,1,7,1,1.4000000000000004,1.2486678507992897,5.03,0.7155049786628734,368.75,271.4166666666667,252.81944444444446,4
2024-01-08,5,Cafe,Teh Tarik,Dinner,"black tea, condensed milk, evaporated milk",0.9,2.52,4.03,376,0,0,Rainy,0,0,8,1,1.5100000000000002,1.5992063492063493,3.1300000000000003,0.7766749379652605,690.5,619.388888888889,525.4047619047619,3
2024-01-08,7,Casual Dining,Teh Tarik,Dinner,"black tea, condensed milk, evaporated milk",0.9,2.32,3.79,321,0,0,Cloudy,0,0,8,1,1.4700000000000002,1.6336206896551726,2.89,0.762532981530343,690.5,619.388888888889,525.4047619047619,3
2024-01-08,9,Casual Dining,Kaya Toast Set,Breakfast,"white bread, kaya, butter, soft-boiled eggs",2.8,8.99,12.59,437,0,0,Sunny,0,0,8,1,3.5999999999999996,1.4004449388209121,9.79,0.7776012708498808,527.75,511.00555555555565,449.7523809523809,4
2024-01-08,16,Food Stall,Tandoori Chicken,Dinner,"chicken, yogurt, tandoori masala, ginger, garlic",7.0,14.49,25.2,0,0,0,Sunny,0,0,8,1,10.709999999999999,1.7391304347826086,18.2,0.7222222222222222,300.0,191.50000000000009,175.92857142857142,5
2024-01-08,21,Casual Dining,Spaghetti Carbonara,Dinner,"spaghetti, eggs, cheese, beef bacon, black pepper",9.0,26.41,57.55,51,0,0,Cloudy,0,0,8,1,31.139999999999997,2.179098826202196,48.55,0.843614248479583,156.0,144.66666666666674,121.76666666666667,5
2024-01-08,22,Food Stall,Roti Canai,Breakfast,"flour, ghee, egg, water, curry",0.8,2.02,2.35,564,0,0,Cloudy,0,0,8,1,0.33000000000000007,1.1633663366336633,1.55,0.6595744680851063,446.0,438.3333333333334,484.7142857142857,5
2024-01-08,22,Food Stall,Tandoori Chicken,Dinner,"chicken, yogurt, tandoori masala, ginger, garlic",7.0,17.82,13.65,207,1,0,Sunny,0,0,8,1,-4.17,0.765993265993266,6.65,0.48717948717948717,300.0,191.50000000000009,175.92857142857142,5
2024-01-08,22,Food Stall,Tandoori Chicken,Dinner,"chicken, yogurt, tandoori masala, ginger, garlic",7.0,13.59,24.86,0,0,0,Sunny,0,0,8,1,11.27,1.8292862398822662,17.86,0.7184231697506034,300.0,191.50000000000009,175.92857142857142,5
2024-01-08,22,Food Stall,Tandoori Chicken,Dinner,"chicken, yogurt, tandoori masala, ginger, garlic",7.0,16.96,30.75,0,0,0,Sunny,0,0,8,1,13.79,1.8130896226415094,23.75,0.7723577235772358,300.0,191.50000000000009,175.92857142857142,5
2024-01-08,27,Food Stall,Roti Canai,Dinner,"flour, ghee, egg, water, curry",0.8,1.47,2.91,85,0,0,Rainy,0,0,8,1,1.4400000000000002,1.979591836734694,2.1100000000000003,0.725085910652921,446.0,438.3333333333334,484.7142857142857,5
2024-01-08,29,Food Stall,Cendol,Dinner,"rice flour jelly, coconut milk, palm sugar, red beans",2.0,4.77,6.93,288,0,0,Sunny,0,0,8,1,2.16,1.4528301886792454,4.93,0.7113997113997114,254.5,261.5833333333333,253.05952380952382,4
2024-01-08,32,Fine Dining,Chicken Chop,Dinner,"chicken thigh, black pepper sauce, fries, coleslaw",8.0,41.78,62.74,156,0,0,Cloudy,0,0,8,1,20.96,1.501675442795596,54.74,0.8724896397832324,390.5,202.16666666666666,204.19444444444443,4
2024-01-08,35,Food Stall,Teh Tarik,Breakfast,"black tea, condensed milk, evaporated milk",0.9,2.0,2.24,1545,1,0,Sunny,0,0,8,1,0.2400000000000002,1.12,1.3400000000000003,0.5982142857142858,690.5,619.388888888889,525.4047619047619,3
2024-01-08,42,Fine Dining,Spaghetti Carbonara,Lunch,"spaghetti, eggs, cheese, beef bacon, black pepper",9.0,38.45,73.99,111,0,0,Sunny,0,0,8,1,35.53999999999999,1.9243172951885563,64.99,0.8783619408028112,156.0,144.66666666666674,121.76666666666667,5
2024-01-08,43,Casual Dining,Kaya Toast Set,Breakfast,"white bread, kaya, butter, soft-boiled eggs",2.8,9.39,13.28,367,0,0,Sunny,0,0,8,1,3.889999999999999,1.4142705005324812,10.48,0.7891566265060241,527.75,511.00555555555565,449.7523809523809,4
2024-01-08,46,Casual Dining,Kaya Toast Set,Breakfast,"white bread, kaya, butter, soft-boiled eggs",2.8,9.65,9.91,518,1,0,Sunny,0,0,8,1,0.2599999999999998,1.026943005181347,7.11,0.7174571140262361,527.75,511.00555555555565,449.7523809523809,4
2024-01-08,47,Food Stall,Laksa,Lunch,"rice noodles, fish broth, tamarind, shrimp paste, cucumber, mint",4.5,10.16,13.88,142,0,0,Cloudy,0,0,8,1,3.7200000000000006,1.3661417322834646,9.38,0.6757925072046109,68.0,115.00000000000004,167.75,6
2024-01-08,48,Casual Dining,Cendol,Dinner,"rice flour jelly, coconut milk, palm sugar, red beans",2.0,6.13,7.08,240,1,0,Cloudy,0,0,8,1,0.9500000000000002,1.1549755301794453,5.08,0.7175141242937854,254.5,261.5833333333333,253.05952380952382,4
2024-01-08,49,Kopitiam,Kaya Toast Set,Breakfast,"white bread, kaya, butter, soft-boiled eggs",2.8,8.01,10.31,481,0,0,Sunny,0,0,8,1,2.3000000000000007,1.2871410736579276,7.510000000000001,0.7284190106692532,527.75,511.00555555555565,449.7523809523809,4
2024-01-09,6,Fine Dining,Mushroom Soup,Dinner,"mushrooms, cream, onion, garlic, vegetable broth",3.5,14.08,27.87,0,0,0,Sunny,1,0,9,1,13.790000000000001,1.9794034090909092,24.37,0.8744169357732329,66.33333333333333,49.61111111111114,80.18055555555556,5
2024-01-09,9,Casual Dining,Iced Lemon Tea,Lunch,"black tea, lemon, sugar syrup",1.2,3.38,6.37,168,0,0,Cloudy,1,0,9,1,2.99,1.8846153846153848,5.17,0.8116169544740973,459.0,516.6666666666666,462.0,3
2024-01-09,9,Casual Dining,Mushroom Soup,Dinner,"mushrooms, cream, onion, garlic, vegetable broth",3.5,10.14,19.12,198,0,0,Rainy,1,0,9,1,8.98,1.8856015779092703,15.620000000000001,0.8169456066945607,66.33333333333333,49.61111111111114,80.18055555555556,5
2024-01-09,9,Casual Dining,Teh Tarik,Dinner,"black tea, condensed milk, evaporated milk",0.9,2.5,4.99,195,0,0,Rainy,1,0,9,1,2.49,1.996,4.09,0.8196392785571142,747.3333333333334,732.9444444444445,573.3095238095239,3
2024-01-09,11,Food Stall,Cendol,Lunch,"rice flour jelly, coconut milk, palm sugar, red beans",2.0,4.16,7.99,18,0,1,Rainy,1,0,9,1,3.83,1.9206730769230769,5.99,0.7496871088861077,264.0,295.75,241.70238095238096,4
2024-01-09,13,Food Stall,Nasi Lemak,Lunch,"rice, coconut milk, sambal, anchovies, egg, peanuts",2.5,4.73,11.47,109,0,0,Sunny,1,0,9,1,6.74,2.424947145877378,8.97,0.7820401046207498,435.25,400.97222222222234,383.875,6
2024-01-09,14,Food Stall,Cendol,Lunch,"rice flour jelly, coconut milk, palm sugar, red beans",2.0,3.9,6.1,210,0,0,Sunny,1,0,9,1,2.1999999999999997,1.564102564102564,4.1,0.6721311475409836,264.0,295.75,241.70238095238096,4
2024-01-09,14,Food Stall,Cendol,Lunch,"rice flour jelly, coconut milk, palm sugar, red beans",2.0,4.68,9.0,88,0,0,Rainy,1,0,9,1,4.32,1.9230769230769231,7.0,0.7777777777777778,264.0,295.75,241.70238095238096,4
2024-01-09,24,Casual Dining,Cendol,Lunch,"rice flour jelly, coconut milk, palm sugar, red beans",2.0,5.74,10.98,194,0,0,Cloudy,1,0,9,1,5.24,1.9128919860627178,8.98,0.8178506375227687,264.0,295.75,241.70238095238096,4
2024-01-09,25,Fine Dining,Iced Lemon Tea,Lunch,"black tea, lemon, sugar syrup",1.2,6.53,6.98,323,0,0,Sunny,1,0,9,1,0.4500000000000002,1.0689127105666156,5.78,0.828080229226361,459.0,516.6666666666666,462.0,3
2024-01-09,29,Food Stall,Char Kway Teow,Lunch,"flat rice noodles, prawns, cockles, bean sprouts, chives, soy sauce",5.0,11.08,19.51,25,0,0,Rainy,1,0,9,1,8.430000000000001,1.7608303249097474,14.510000000000002,0.7437211686314711,172.33333333333334,138.2777777777778,157.63888888888889,6
2024-01-09,30,Cafe,Beef Rendang,Lunch,"beef, coconut milk, galangal, lemongrass, spices, chili",9.0,32.82,48.57,60,0,0,Cloudy,1,0,9,1,15.75,1.4798903107861061,39.57,0.8147004323656578,116.0,104.66666666666667,95.20238095238095,6
2024-01-09,35,Food Stall,Cendol,Lunch,"rice flour jelly, coconut milk, palm sugar, red beans",2.0,4.91,6.69,131,0,0,Cloudy,1,0,9,1,1.7800000000000002,1.3625254582484725,4.69,0.7010463378176383,264.0,295.75,241.70238095238096,4
2024-01-09,37,Food Stall,Cendol,Lunch,"rice flour jelly, coconut milk, palm sugar, red beans",2.0,3.74,8.58,73,0,0,Sunny,1,0,9,1,4.84,2.2941176470588234,6.58,0.7668997668997669,264.0,295.75,241.70238095238096,4
2024-01-09,38,Fine Dining,Spaghetti Carbonara,Dinner,"spaghetti, eggs, cheese, beef bacon, black pepper",9.0,41.74,72.89,75,0,0,Rainy,1,0,9,1,31.15,1.7462865356971728,63.89,0.8765262724653587,81.0,114.33333333333341,115.94285714285715,5
2024-01-09,41,Cafe,Chicken Chop,Lunch,"chicken thigh, black pepper sauce, fries, coleslaw",8.0,23.01,36.47,199,0,0,Cloudy,1,0,9,1,13.459999999999997,1.5849630595393305,28.47,0.7806416232519879,156.0,240.83333333333334,197.3095238095238,4
2024-01-09,43,Casual Dining,Chicken Chop,Lunch,"chicken thigh, black pepper sauce, fries, coleslaw",8.0,23.3,41.16,363,0,0,Rainy,1,0,9,1,17.859999999999996,1.7665236051502144,33.16,0.8056365403304179,156.0,240.83333333333334,197.3095238095238,4
2024-01-09,45,Food Stall,Cendol,Dinner,"rice flour jelly, coconut milk, palm sugar, red beans",2.0,4.97,8.0,203,0,0,Sunny,1,0,9,1,3.0300000000000002,1.6096579476861168,6.0,0.75,264.0,295.75,241.70238095238096,4
2024-01-09,46,Casual Dining,Iced Lemon Tea,Breakfast,"black tea, lemon, sugar syrup",1.2,3.1,6.35,390,0,0,Rainy,1,0,9,1,3.2499999999999996,2.0483870967741935,5.1499999999999995,0.8110236220472441,459.0,516.6666666666666,462.0,3
2024-01-09,47,Food Stall,Kaya Toast Set,Breakfast,"white bread, kaya, butter, soft-boiled eggs",2.8,6.36,5.02,553,1,0,Sunny,1,0,9,1,-1.3400000000000007,0.7893081761006289,2.2199999999999998,0.44223107569721115,450.75,532.388888888889,436.85952380952375,4
2024-01-09,48,Casual Dining,Char Kway Teow,Lunch,"flat rice noodles, prawns, cockles, bean sprouts, chives, soy sauce",5.0,15.72,34.16,110,0,0,Sunny,1,0,9,1,18.439999999999998,2.1730279898218825,29.159999999999997,0.8536299765807962,172.33333333333334,138.2777777777778,157.63888888888889,6
2024-01-09,49,Kopitiam,Kaya Toast Set,Breakfast,"white bread, kaya, butter, soft-boiled eggs",2.8,6.79,8.27,449,0,0,Sunny,1,0,9,1,1.4799999999999995,1.2179675994108983,5.47,0.6614268440145102,450.75,532.388888888889,436.85952380952375,4
2024-01-10,3,Cafe,Beef Rendang,Lunch,"beef, coconut milk, galangal, lemongrass, spices, chili",9.0,33.25,43.17,135,0,0,Rainy,2,0,10,1,9.920000000000002,1.2983458646616541,34.17,0.7915218902015289,60.0,99.16666666666667,98.63095238095238,6
2024-01-10,3,Cafe,Kaya Toast Set,Breakfast,"white bread, kaya, butter, soft-boiled eggs",2.8,9.91,12.56,347,0,0,Sunny,2,0,10,1,2.6500000000000004,1.2674066599394551,9.760000000000002,0.7770700636942676,501.0,493.16666666666674,456.46666666666664,4
2024-01-10,6,Fine Dining,Chicken Chop,Dinner,"chicken thigh, black pepper sauce, fries, coleslaw",8.0,44.21,45.12,193,1,0,Cloudy,2,0,10,1,0.9099999999999966,1.020583578375933,37.12,0.8226950354609929,281.0,275.8333333333333,198.88095238095235,4
2024-01-10,6,Fine Dining,Iced Lemon Tea,Dinner,"black tea, lemon, sugar syrup",1.2,4.97,8.95,174,0,0,Sunny,2,0,10,1,3.9799999999999995,1.800804828973843,7.749999999999999,0.8659217877094971,293.6666666666667,501.22222222222223,437.9523809523809,3
2024-01-10,8,Casual Dining,Teh Tarik,Breakfast,"black tea, condensed milk, evaporated milk",0.9,2.99,3.88,564,0,0,Sunny,2,0,10,1,0.8899999999999997,1.297658862876254,2.98,0.7680412371134021,195.0,544.2777777777778,546.1666666666667,3
2024-01-10,9,Casual Dining,Chicken Chop,Dinner,"chicken thigh, black pepper sauce, fries, coleslaw",8.0,22.28,33.33,248,0,0,Cloudy,2,0,10,1,11.049999999999997,1.495960502692998,25.33,0.75997599759976,281.0,275.8333333333333,198.88095238095235,4
2024-01-10,13,Food Stall,Kaya Toast Set,Breakfast,"white bread, kaya, butter, soft-boiled eggs",2.8,6.36,8.85,326,0,0,Sunny,2,0,10,1,2.4899999999999993,1.391509433962264,6.05,0.6836158192090396,501.0,493.16666666666674,456.46666666666664,4
2024-01-10,15,Food Stall,Beef Rendang,Dinner,"beef, coconut milk, galangal, lemongrass, spices, chili",9.0,19.56,41.29,96,0,0,Sunny,2,0,10,1,21.73,2.1109406952965237,32.29,0.7820295471058367,60.0,99.16666666666667,98.63095238095238,6
2024-01-10,16,Food Stall,Tandoori Chicken,Dinner,"chicken, yogurt, tandoori masala, ginger, garlic",7.0,16.47,31.45,0,0,0,Cloudy,2,0,10,1,14.98,1.9095324833029752,24.45,0.7774244833068362,51.75,198.91666666666674,141.46428571428572,5
2024-01-10,17,Food Stall,Laksa,Lunch,"rice noodles, fish broth, tamarind, shrimp paste, cucumber, mint",4.5,8.87,16.01,189,0,0,Cloudy,2,0,10,1,7.140000000000002,1.8049605411499439,11.510000000000002,0.7189256714553405,142.0,87.6666666666667,164.07142857142858,6
2024-01-10,18,Food Stall,Roti Canai,Dinner,"flour, ghee, egg, water, curry",0.8,1.59,2.8,353,0,0,Cloudy,2,0,10,1,1.2099999999999997,1.761006289308176,1.9999999999999998,0.7142857142857143,324.5,426.3333333333334,434.64285714285717,5
2024-01-10,19,Casual Dining,Cendol,Lunch,"rice flour jelly, coconut milk, palm sugar, red beans",2.0,6.28,6.79,358,1,0,Rainy,2,0,10,1,0.5099999999999998,1.0812101910828025,4.79,0.7054491899852725,131.0,216.5,230.86904761904765,4
2024-01-10,24,Casual Dining,Chicken Rice,Lunch,"chicken, rice, ginger, garlic, chili sauce, cucumber",4.0,13.24,25.3,18,0,0,Sunny,2,0,10,1,12.06,1.9108761329305137,21.3,0.841897233201581,230.0,287.0,204.625,6
2024-01-10,25,Fine Dining,Beef Rendang,Dinner,"beef, coconut milk, galangal, lemongrass, spices, chili",9.0,51.98,74.52,0,0,0,Rainy,2,0,10,1,22.54,1.4336283185840708,65.52,0.8792270531400966,60.0,99.16666666666667,98.63095238095238,6
2024-01-10,26,Food Stall,Kaya Toast Set,Breakfast,"white bread, kaya, butter, soft-boiled eggs",2.8,5.44,7.82,256,0,0,Cloudy,2,0,10,1,2.38,1.4375,5.0200000000000005,0.6419437340153453,501.0,493.16666666666674,456.46666666666664,4
2024-01-10,28,Fine Dining,Chicken Chop,Lunch,"chicken thigh, black pepper sauce, fries, coleslaw",8.0,36.95,47.54,322,0,1,Sunny,2,0,10,1,10.589999999999996,1.2866035182679294,39.54,0.8317206562894405,281.0,275.8333333333333,198.88095238095235,4
2024-01-10,33,Cafe,Mushroom Soup,Dinner,"mushrooms, cream, onion, garlic, vegetable broth",3.5,10.59,16.24,0,0,1,Sunny,2,0,10,1,5.649999999999999,1.5335221907459866,12.739999999999998,0.7844827586206896,99.0,70.44444444444447,82.86904761904762,5
2024-01-10,34,Casual Dining,Teh Tarik,Breakfast,"black tea, condensed milk, evaporated milk",0.9,3.04,3.78,808,0,1,Cloudy,2,0,10,1,0.7399999999999998,1.2434210526315788,2.88,0.7619047619047619,195.0,544.2777777777778,546.1666666666667,3
2024-01-10,35,Food Stall,Kaya Toast Set,Breakfast,"white bread, kaya, butter, soft-boiled eggs",2.8,6.68,7.91,397,0,0,Sunny,2,0,10,1,1.2300000000000004,1.1841317365269461,5.11,0.6460176991150443,501.0,493.16666666666674,456.46666666666664,4
2024-01-10,35,Food Stall,Teh Tarik,Breakfast,"black tea, condensed milk, evaporated milk",0.9,1.91,2.28,1224,1,1,Cloudy,2,0,10,1,0.3699999999999999,1.193717277486911,1.38,0.6052631578947368,195.0,544.2777777777778,546.1666666666667,3
2024-01-10,36,Food Stall,Tandoori Chicken,Dinner,"chicken, yogurt, tandoori masala, ginger, garlic",7.0,16.61,29.6,0,0,0,Cloudy,2,0,10,1,12.990000000000002,1.7820590006020471,22.6,0.7635135135135135,51.75,198.91666666666674,141.46428571428572,5
2024-01-10,37,Food Stall,Kaya Toast Set,Breakfast,"white bread, kaya, butter, soft-boiled eggs",2.8,6.19,6.42,667,1,0,Cloudy,2,0,10,1,0.22999999999999954,1.037156704361874,3.62,0.5638629283489097,501.0,493.16666666666674,456.46666666666664,4
2024-01-10,42,Fine Dining,Nasi Lemak,Breakfast,"rice, coconut milk, sambal, anchovies, egg, peanuts",2.5,13.51,19.3,149,0,0,Rainy,2,0,10,1,5.790000000000001,1.4285714285714286,16.8,0.8704663212435233,109.0,317.08333333333337,344.60714285714283,6
2024-01-10,43,Casual Dining,Cendol,Lunch,"rice flour jelly, coconut milk, palm sugar, red beans",2.0,6.43,8.11,530,1,0,Rainy,2,0,10,1,1.6799999999999997,1.2612752721617417,6.109999999999999,0.7533908754623921,131.0,216.5,230.86904761904765,4
2024-01-10,45,Food Stall,Char Kway Teow,Lunch,"flat rice noodles, prawns, cockles, bean sprouts, chives, soy sauce",5.0,12.2,13.68,257,0,0,Sunny,2,0,10,1,1.4800000000000004,1.1213114754098361,8.68,0.6345029239766081,67.5,146.7777777777778,154.22222222222223,6
2024-01-10,47,Food Stall,Laksa,Lunch,"rice noodles, fish broth, tamarind, shrimp paste, cucumber, mint",4.5,10.27,14.68,179,0,0,Sunny,2,0,10,1,4.41,1.4294060370009738,10.18,0.6934604904632152,142.0,87.6666666666667,164.07142857142858,6
2024-01-11,2,Food Stall,Tandoori Chicken,Dinner,"chicken, yogurt, tandoori masala, ginger, garlic",7.0,14.61,25.71,178,0,0,Rainy,3,0,11,1,11.100000000000001,1.7597535934291582,18.71,0.7277323998444185,0.0,117.25000000000006,126.32142857142857,5
2024-01-11,3,Cafe,Beef Rendang,Dinner,"beef, coconut milk, galangal, lemongrass, spices, chili",9.0,27.23,51.9,75,0,0,Rainy,3,0,11,1,24.669999999999998,1.9059860448035255,42.9,0.8265895953757225,77.0,84.33333333333333,92.10714285714286,6
2024-01-11,3,Cafe,Nasi Lemak,Lunch,"rice, coconut milk, sambal, anchovies, egg, peanuts",2.5,8.48,11.19,214,0,0,Sunny,3,0,11,1,2.709999999999999,1.3195754716981132,8.69,0.7765862377122431,149.0,231.08333333333337,320.89285714285717,6
2024-01-11,5,Cafe,Teh Tarik,Breakfast,"black tea, condensed milk, evaporated milk",0.9,3.16,3.44,668,0,0,Cloudy,3,0,11,1,0.2799999999999998,1.0886075949367089,2.54,0.7383720930232558,865.3333333333334,602.5555555555557,598.9285714285714,3
2024-01-11,9,Casual Dining,Beef Rendang,Dinner,"beef, coconut milk, galangal, lemongrass, spices, chili",9.0,26.74,52.11,0,0,0,Sunny,3,0,11,1,25.37,1.948765893792072,43.11,0.8272884283246977,77.0,84.33333333333333,92.10714285714286,6
2024-01-11,13,Food Stall,Nasi Lemak,Lunch,"rice, coconut milk, sambal, anchovies, egg, peanuts",2.5,6.37,6.04,447,1,0,Sunny,3,0,11,1,-0.33000000000000007,0.9481946624803768,3.54,0.5860927152317881,149.0,231.08333333333337,320.89285714285717,6
2024-01-11,14,Food Stall,Nasi Lemak,Breakfast,"rice, coconut milk, sambal, anchovies, egg, peanuts",2.5,5.02,6.71,285,0,0,Sunny,3,0,11,1,1.6900000000000004,1.3366533864541834,4.21,0.6274217585692996,149.0,231.08333333333337,320.89285714285717,6
2024-01-11,16,Food Stall,Roti Canai,Dinner,"flour, ghee, egg, water, curry",0.8,1.61,1.62,701,1,0,Sunny,3,0,11,1,0.010000000000000009,1.0062111801242235,0.8200000000000001,0.5061728395061729,353.0,374.50000000000006,411.92857142857144,5
2024-01-11,22,Food Stall,Roti Canai,Breakfast,"flour, ghee, egg, water, curry",0.8,1.64,2.34,311,0,0,Sunny,3,0,11,1,0.7,1.4268292682926829,1.5399999999999998,0.6581196581196581,353.0,374.50000000000006,411.92857142857144,5
2024-01-11,22,Food Stall,Roti Canai,Dinner,"flour, ghee, egg, water, curry",0.8,1.89,3.09,144,0,0,Cloudy,3,0,11,1,1.2,1.6349206349206349,2.29,0.7411003236245955,353.0,374.50000000000006,411.92857142857144,5
2024-01-11,24,Casual Dining,Teh Tarik,Breakfast,"black tea, condensed milk, evaporated milk",0.9,3.14,4.0,688,0,0,Sunny,3,0,11,1,0.8599999999999999,1.2738853503184713,3.1,0.775,865.3333333333334,602.5555555555557,598.9285714285714,3
2024-01-11,25,Fine Dining,Spaghetti Carbonara,Lunch,"spaghetti, eggs, cheese, beef bacon, black pepper",9.0,47.9,61.23,154,0,0,Sunny,3,0,11,1,13.329999999999998,1.2782881002087683,52.23,0.8530132288094071,75.0,104.00000000000007,103.14285714285714,5
2024-01-11,26,Food Stall,Teh Tarik,Dinner,"black tea, condensed milk, evaporated milk",0.9,1.63,2.76,398,0,0,Sunny,3,0,11,1,1.13,1.6932515337423313,1.8599999999999999,0.6739130434782609,865.3333333333334,602.5555555555557,598.9285714285714,3
2024-01-11,28,Fine Dining,Nasi Lemak,Lunch,"rice, coconut milk, sambal, anchovies, egg, peanuts",2.5,13.73,15.84,349,0,0,Cloudy,3,0,11,1,2.1099999999999994,1.1536780772032047,13.34,0.8421717171717171,149.0,231.08333333333337,320.89285714285717,6
2024-01-11,30,Cafe,Teh Tarik,Lunch,"black tea, condensed milk, evaporated milk",0.9,3.41,3.83,478,0,0,Cloudy,3,0,11,1,0.41999999999999993,1.1231671554252198,2.93,0.7650130548302873,865.3333333333334,602.5555555555557,598.9285714285714,3
2024-01-11,31,Food Stall,Teh Tarik,Dinner,"black tea, condensed milk, evaporated milk",0.9,2.14,3.12,312,0,0,Cloudy,3,0,11,1,0.98,1.4579439252336448,2.22,0.7115384615384616,865.3333333333334,602.5555555555557,598.9285714285714,3
2024-01-11,32,Fine Dining,Mushroom Soup,Lunch,"mushrooms, cream, onion, garlic, vegetable broth",3.5,17.83,17.0,44,1,0,Rainy,3,0,11,1,-0.8299999999999983,0.9534492428491308,13.5,0.7941176470588235,0.0,55.11111111111114,72.44047619047619,5
2024-01-11,33,Cafe,Teh Tarik,Breakfast,"black tea, condensed milk, evaporated milk",0.9,3.18,3.7,475,0,0,Sunny,3,0,11,1,0.52,1.1635220125786163,2.8000000000000003,0.7567567567567568,865.3333333333334,602.5555555555557,598.9285714285714,3
2024-01-11,37,Food Stall,Cendol,Dinner,"rice flour jelly, coconut milk, palm sugar, red beans",2.0,4.36,6.75,251,0,0,Sunny,3,0,11,1,2.3899999999999997,1.5481651376146788,4.75,0.7037037037037037,444.0,279.6666666666667,272.5357142857143,4
2024-01-11,37,Food Stall,Chicken Rice,Dinner,"chicken, rice, ginger, garlic, chili sauce, cucumber",4.0,7.68,15.27,22,0,0,Sunny,3,0,11,1,7.59,1.98828125,11.27,0.7380484610347086,18.0,197.33333333333334,181.79166666666666,6
2024-01-11,39,Casual Dining,Iced Lemon Tea,Dinner,"black tea, lemon, sugar syrup",1.2,3.77,5.8,315,0,0,Sunny,3,0,11,1,2.03,1.5384615384615383,4.6,0.793103448275862,174.0,308.8888888888889,365.4523809523809,3
2024-01-11,41,Cafe,Cendol,Lunch,"rice flour jelly, coconut milk, palm sugar, red beans",2.0,7.05,8.11,166,0,0,Rainy,3,0,11,1,1.0599999999999996,1.150354609929078,6.109999999999999,0.7533908754623921,444.0,279.6666666666667,272.5357142857143,4
2024-01-11,41,Cafe,Mushroom Soup,Dinner,"mushrooms, cream, onion, garlic, vegetable broth",3.5,11.24,13.02,140,1,0,Rainy,3,0,11,1,1.7799999999999994,1.1583629893238434,9.52,0.7311827956989247,0.0,55.11111111111114,72.44047619047619,5
2024-01-11,42,Fine Dining,Beef Rendang,Lunch,"beef, coconut milk, galangal, lemongrass, spices, chili",9.0,46.67,65.07,96,0,0,Cloudy,3,0,11,1,18.39999999999999,1.3942575530319261,56.06999999999999,0.8616874135546334,77.0,84.33333333333333,92.10714285714286,6
2024-01-11,42,Fine Dining,Beef Rendang,Lunch,"beef, coconut milk, galangal, lemongrass, spices, chili",9.0,47.6,58.71,149,0,0,Sunny,3,0,11,1,11.11,1.2334033613445379,49.71,0.8467041389882474,77.0,84.33333333333333,92.10714285714286,6
2024-01-11,44,Food Stall,Laksa,Lunch,"rice noodles, fish broth, tamarind, shrimp paste, cucumber, mint",4.5,11.93,17.49,4,0,0,Sunny,3,0,11,1,5.559999999999999,1.4660519698239731,12.989999999999998,0.7427101200686106,184.0,131.33333333333337,138.78571428571428,6
2024-01-11,47,Food Stall,Teh Tarik,Breakfast,"black tea, condensed milk, evaporated milk",0.9,2.54,2.46,461,0,0,Cloudy,3,0,11,1,-0.08000000000000007,0.968503937007874,1.56,0.6341463414634146,865.3333333333334,602.5555555555557,598.9285714285714,3
2024-01-11,47,Food Stall,Teh Tarik,Breakfast,"black tea, condensed milk, evaporated milk",0.9,1.96,2.38,630,0,0,Sunny,3,0,11,1,0.41999999999999993,1.2142857142857142,1.48,0.6218487394957983,865.3333333333334,602.5555555555557,598.9285714285714,3
2024-01-11,48,Casual Dining,Chicken Rice,Lunch,"chicken, rice, ginger, garlic, chili sauce, cucumber",4.0,10.29,20.86,144,0,0,Rainy,3,0,11,1,10.57,2.0272108843537415,16.86,0.8082454458293384,18.0,197.33333333333334,181.79166666666666,6
2024-01-11,49,Kopitiam,Char Kway Teow,Lunch,"flat rice noodles, prawns, cockles, bean sprouts, chives, soy sauce",5.0,12.89,19.05,3,0,0,Cloudy,3,0,11,1,6.16,1.47788983708301,14.05,0.7375328083989502,257.0,165.61111111111111,168.90476190476193,6
2024-01-12,1,Food Stall,Beef Rendang,Dinner,"beef, coconut milk, galangal, lemongrass, spices, chili",9.0,21.35,29.47,211,0,0,Sunny,4,0,12,1,8.119999999999997,1.380327868852459,20.47,0.6946046827281982,80.0,72.33333333333333,89.71428571428571,6
2024-01-12,8,Casual Dining,Chicken Chop,Lunch,"chicken thigh, black pepper sauce, fries, coleslaw",8.0,21.89,42.73,100,1,1,Sunny,4,0,12,1,20.839999999999996,1.952032891731384,34.73,0.8127779077931195,254.33333333333334,230.44444444444446,212.69047619047618,4
2024-01-12,10,Fine Dining,Chicken Chop,Dinner,"chicken thigh, black pepper sauce, fries, coleslaw",8.0,38.01,59.99,84,0,0,Sunny,4,0,12,1,21.980000000000004,1.5782688766114181,51.99,0.8666444407401234,254.33333333333334,230.44444444444446,212.69047619047618,4
2024-01-12,12,Cafe,Teh Tarik,Dinner,"black tea, condensed milk, evaporated milk",0.9,3.08,3.61,354,0,0,Cloudy,4,0,12,1,0.5299999999999998,1.172077922077922,2.71,0.7506925207756233,513.75,524.6944444444445,597.0833333333333,3
2024-01-12,14,Food Stall,Cendol,Lunch,"rice flour jelly, coconut milk, palm sugar, red beans",2.0,4.75,7.54,229,0,0,Sunny,4,0,12,1,2.79,1.5873684210526315,5.54,0.7347480106100795,208.5,261.1666666666667,261.75,4
2024-01-12,14,Food Stall,Nasi Lemak,Lunch,"rice, coconut milk, sambal, anchovies, egg, peanuts",2.5,6.15,5.59,380,1,0,Rainy,4,0,12,1,-0.5600000000000005,0.9089430894308942,3.09,0.552772808586762,323.75,193.9166666666667,326.80952380952385,6
2024-01-12,17,Food Stall,Laksa,Lunch,"rice noodles, fish broth, tamarind, shrimp paste, cucumber, mint",4.5,11.81,9.19,414,1,0,Cloudy,4,0,12,1,-2.620000000000001,0.7781541066892463,4.6899999999999995,0.5103373231773667,4.0,110.00000000000004,128.92857142857142,6
2024-01-12,19,Casual Dining,Chicken Rice,Lunch,"chicken, rice, ginger, garlic, chili sauce, cucumber",4.0,10.23,24.75,0,0,0,Sunny,4,0,12,1,14.52,2.4193548387096775,20.75,0.8383838383838383,83.0,110.33333333333333,179.625,6
2024-01-12,21,Casual Dining,Iced Lemon Tea,Lunch,"black tea, lemon, sugar syrup",1.2,3.86,5.58,398,0,0,Sunny,4,0,12,1,1.7200000000000002,1.4455958549222798,4.38,0.7849462365591398,315.0,260.8888888888889,359.4523809523809,3
2024-01-12,24,Casual Dining,Cendol,Lunch,"rice flour jelly, coconut milk, palm sugar, red beans",2.0,5.99,11.35,130,0,0,Cloudy,4,0,12,1,5.359999999999999,1.8948247078464107,9.35,0.8237885462555066,208.5,261.1666666666667,261.75,4
2024-01-12,31,Food Stall,Laksa,Lunch,"rice noodles, fish broth, tamarind, shrimp paste, cucumber, mint",4.5,12.43,19.12,73,0,0,Cloudy,4,0,12,1,6.690000000000001,1.5382139983909897,14.620000000000001,0.7646443514644352,4.0,110.00000000000004,128.92857142857142,6
2024-01-12,32,Fine Dining,Spaghetti Carbonara,Lunch,"spaghetti, eggs, cheese, beef bacon, black pepper",9.0,43.62,68.87,181,0,0,Cloudy,4,0,12,1,25.250000000000007,1.57886290692343,59.870000000000005,0.8693190068244518,154.0,103.33333333333341,123.42857142857143,5
2024-01-12,32,Fine Dining,Spaghetti Carbonara,Dinner,"spaghetti, eggs, cheese, beef bacon, black pepper",9.0,45.42,72.92,0,0,0,Cloudy,4,0,12,1,27.5,1.6054601497137824,63.92,0.8765770707624795,154.0,103.33333333333341,123.42857142857143,5
2024-01-12,33,Cafe,Chicken Chop,Dinner,"chicken thigh, black pepper sauce, fries, coleslaw",8.0,27.14,42.37,65,0,0,Rainy,4,0,12,1,15.229999999999997,1.5611643330876934,34.37,0.8111871607269294,254.33333333333334,230.44444444444446,212.69047619047618,4
2024-01-12,35,Food Stall,Chicken Rice,Dinner,"chicken, rice, ginger, garlic, chili sauce, cucumber",4.0,9.55,12.84,192,0,0,Cloudy,4,0,12,1,3.289999999999999,1.344502617801047,8.84,0.6884735202492211,83.0,110.33333333333333,179.625,6
2024-01-12,35,Food Stall,Chicken Rice,Dinner,"chicken, rice, ginger, garlic, chili sauce, cucumber",4.0,9.12,14.81,110,0,0,Sunny,4,0,12,1,5.690000000000001,1.62390350877193,10.81,0.7299122214719784,83.0,110.33333333333333,179.625,6
2024-01-12,37,Food Stall,Chicken Rice,Lunch,"chicken, rice, ginger, garlic, chili sauce, cucumber",4.0,8.03,11.11,378,0,0,Sunny,4,0,12,1,3.08,1.3835616438356164,7.109999999999999,0.63996399639964,83.0,110.33333333333333,179.625,6
2024-01-12,38,Fine Dining,Mushroom Soup,Lunch,"mushrooms, cream, onion, garlic, vegetable broth",3.5,19.47,24.82,0,0,0,Sunny,4,0,12,1,5.350000000000001,1.2747817154596817,21.32,0.8589846897663175,92.0,63.66666666666671,78.54761904761905,5
2024-01-12,40,Food Stall,Teh Tarik,Breakfast,"black tea, condensed milk, evaporated milk",0.9,1.63,2.45,593,0,0,Sunny,4,0,12,1,0.8200000000000003,1.503067484662577,1.5500000000000003,0.6326530612244898,513.75,524.6944444444445,597.0833333333333,3
2024-01-12,43,Casual Dining,Beef Rendang,Dinner,"beef, coconut milk, galangal, lemongrass, spices, chili",9.0,28.58,54.48,0,0,0,Sunny,4,0,12,1,25.9,1.9062281315605318,45.48,0.8348017621145374,80.0,72.33333333333333,89.71428571428571,6
2024-01-12,44,Food Stall,Laksa,Lunch,"rice noodles, fish broth, tamarind, shrimp paste, cucumber, mint",4.5,9.83,9.75,387,1,0,Sunny,4,0,12,1,-0.08000000000000007,0.9918616480162767,5.25,0.5384615384615384,4.0,110.00000000000004,128.92857142857142,6
2024-01-12,49,Kopitiam,Cendol,Lunch,"rice flour jelly, coconut milk, palm sugar, red beans",2.0,5.09,5.28,279,1,0,Cloudy,4,0,12,1,0.1900000000000004,1.037328094302554,3.2800000000000002,0.6212121212121212,208.5,261.1666666666667,261.75,4
2024-01-13,3,Cafe,Nasi Lemak,Lunch,"rice, coconut milk, sambal, anchovies, egg, peanuts",2.5,7.72,11.09,502,0,0,Sunny,5,1,13,1,3.37,1.4365284974093264,8.59,0.7745716862037872,380.0,284.25000000000006,309.2380952380953,6
2024-01-13,3,Cafe,Spaghetti Carbonara,Lunch,"spaghetti, eggs, cheese, beef bacon, black pepper",9.0,32.1,52.06,83,0,0,Cloudy,5,1,13,1,19.96,1.6218068535825545,43.06,0.8271225509028045,90.5,106.50000000000007,119.21428571428571,5
2024-01-13,5,Cafe,Kaya Toast Set,Breakfast,"white bread, kaya, butter, soft-boiled eggs",2.8,9.07,9.57,631,0,0,Rainy,5,1,13,1,0.5,1.0551267916207276,6.7700000000000005,0.7074190177638454,398.6,450.1166666666668,480.2666666666667,4
2024-01-13,9,Casual Dining,Spaghetti Carbonara,Dinner,"spaghetti, eggs, cheese, beef bacon, black pepper",9.0,26.89,28.02,273,1,0,Cloudy,5,1,13,1,1.129999999999999,1.0420230568984752,19.02,0.6788008565310493,90.5,106.50000000000007,119.21428571428571,5
2024-01-13,15,Food Stall,Beef Rendang,Dinner,"beef, coconut milk, galangal, lemongrass, spices, chili",9.0,18.94,27.84,269,0,0,Sunny,5,1,13,1,8.899999999999999,1.4699049630411827,18.84,0.6767241379310345,105.5,87.5,90.92857142857143,6
2024-01-13,15,Food Stall,Teh Tarik,Dinner,"black tea, condensed milk, evaporated milk",0.9,1.86,2.5,655,0,0,Sunny,5,1,13,1,0.6399999999999999,1.3440860215053763,1.6,0.64,473.5,617.5277777777778,606.6309523809524,3
2024-01-13,16,Food Stall,Roti Canai,Breakfast,"flour, ghee, egg, water, curry",0.8,1.87,2.73,468,0,0,Cloudy,5,1,13,1,0.8599999999999999,1.459893048128342,1.93,0.7069597069597069,385.3333333333333,354.2777777777778,401.83333333333337,5
2024-01-13,16,Food Stall,Roti Canai,Dinner,"flour, ghee, egg, water, curry",0.8,1.66,2.06,470,0,0,Cloudy,5,1,13,1,0.40000000000000013,1.2409638554216869,1.26,0.6116504854368932,385.3333333333333,354.2777777777778,401.83333333333337,5
2024-01-13,19,Casual Dining,Teh Tarik,Lunch,"black tea, condensed milk, evaporated milk",0.9,2.93,3.52,1023,1,0,Rainy,5,1,13,1,0.5899999999999999,1.2013651877133105,2.62,0.7443181818181819,473.5,617.5277777777778,606.6309523809524,3
2024-01-13,24,Casual Dining,Kaya Toast Set,Breakfast,"white bread, kaya, butter, soft-boiled eggs",2.8,9.92,12.68,544,0,0,Sunny,5,1,13,1,2.76,1.278225806451613,9.879999999999999,0.779179810725552,398.6,450.1166666666668,480.2666666666667,4
2024-01-13,24,Casual Dining,Kaya Toast Set,Breakfast,"white bread, kaya, butter, soft-boiled eggs",2.8,9.73,13.62,426,0,0,Cloudy,5,1,13,1,3.889999999999999,1.3997944501541622,10.82,0.7944199706314244,398.6,450.1166666666668,480.2666666666667,4
2024-01-13,25,Fine Dining,Beef Rendang,Lunch,"beef, coconut milk, galangal, lemongrass, spices, chili",9.0,46.87,81.91,102,0,0,Sunny,5,1,13,1,35.04,1.7475997439726905,72.91,0.8901233060676352,105.5,87.5,90.92857142857143,6
2024-01-13,29,Food Stall,Teh Tarik,Lunch,"black tea, condensed milk, evaporated milk",0.9,2.1,2.35,1059,1,0,Rainy,5,1,13,1,0.25,1.119047619047619,1.4500000000000002,0.6170212765957447,473.5,617.5277777777778,606.6309523809524,3
2024-01-13,30,Cafe,Chicken Chop,Dinner,"chicken thigh, black pepper sauce, fries, coleslaw",8.0,27.41,33.26,170,0,0,Cloudy,5,1,13,1,5.849999999999998,1.2134257570229843,25.259999999999998,0.7594708358388454,83.0,206.11111111111111,197.26190476190476,4
2024-01-13,31,Food Stall,Cendol,Lunch,"rice flour jelly, coconut milk, palm sugar, red beans",2.0,4.84,7.48,218,0,0,Cloudy,5,1,13,1,2.6400000000000006,1.5454545454545456,5.48,0.732620320855615,212.66666666666666,288.38888888888886,269.0595238095238,4
2024-01-13,35,Food Stall,Cendol,Lunch,"rice flour jelly, coconut milk, palm sugar, red beans",2.0,4.64,6.09,298,0,0,Sunny,5,1,13,1,1.4500000000000002,1.3125,4.09,0.6715927750410509,212.66666666666666,288.38888888888886,269.0595238095238,4
2024-01-13,35,Food Stall,Cendol,Dinner,"rice flour jelly, coconut milk, palm sugar, red beans",2.0,4.22,6.84,240,0,0,Sunny,5,1,13,1,2.62,1.6208530805687205,4.84,0.7076023391812866,212.66666666666666,288.38888888888886,269.0595238095238,4
2024-01-13,37,Food Stall,Char Kway Teow,Lunch,"flat rice noodles, prawns, cockles, bean sprouts, chives, soy sauce",5.0,11.96,17.94,125,0,0,Sunny,5,1,13,1,5.98,1.5,12.940000000000001,0.7212931995540691,3.0,109.16666666666667,135.61904761904762,6
2024-01-13,41,Cafe,Mushroom Soup,Lunch,"mushrooms, cream, onion, garlic, vegetable broth",3.5,12.13,15.41,195,0,0,Sunny,5,1,13,1,3.2799999999999994,1.27040395713108,11.91,0.7728747566515249,0.0,30.666666666666703,48.547619047619044,5
2024-01-13,42,Fine Dining,Iced Lemon Tea,Breakfast,"black tea, lemon, sugar syrup",1.2,7.22,4.86,921,1,0,Sunny,5,1,13,1,-2.3599999999999994,0.6731301939058172,3.66,0.7530864197530864,398.0,295.6666666666667,390.0952380952381,3
2024-01-13,45,Food Stall,Chicken Rice,Lunch,"chicken, rice, ginger, garlic, chili sauce, cucumber",4.0,7.5,8.64,479,1,0,Sunny,5,1,13,1,1.1400000000000006,1.1520000000000001,4.640000000000001,0.5370370370370371,170.0,90.33333333333333,173.91666666666666,6
2024-01-13,50,Food Stall,Roti Canai,Breakfast,"flour, ghee, egg, water, curry",0.8,1.99,2.67,480,0,0,Rainy,5,1,13,1,0.6799999999999999,1.3417085427135678,1.8699999999999999,0.7003745318352059,385.3333333333333,354.2777777777778,401.83333333333337,5
2024-01-13,50,Food Stall,Tandoori Chicken,Dinner,"chicken, yogurt, tandoori masala, ginger, garlic",7.0,18.72,23.06,236,0,0,Sunny,5,1,13,1,4.34,1.231837606837607,16.06,0.6964440589765828,178.0,76.58333333333339,131.75,5
2024-01-14,4,Cafe,Beef Rendang,Dinner,"beef, coconut milk, galangal, lemongrass, spices, chili",9.0,27.29,47.04,83,0,0,Sunny,6,1,14,1,19.75,1.7237083180652253,38.04,0.8086734693877551,185.5,123.66666666666667,106.5,6
2024-01-14,6,Fine Dining,Iced Lemon Tea,Dinner,"black tea, lemon, sugar syrup",1.2,5.16,6.62,292,0,0,Sunny,6,1,14,1,1.46,1.2829457364341086,5.42,0.8187311178247734,921.0,544.6666666666666,473.09523809523813,3
2024-01-14,6,Fine Dining,Mushroom Soup,Lunch,"mushrooms, cream, onion, garlic, vegetable broth",3.5,14.26,30.01,100,0,0,Cloudy,6,1,14,1,15.750000000000002,2.1044880785413747,26.51,0.8833722092635788,195.0,95.6666666666667,71.19047619047619,5
2024-01-14,7,Casual Dining,Chicken Chop,Dinner,"chicken thigh, black pepper sauce, fries, coleslaw",8.0,22.55,43.34,134,0,0,Sunny,6,1,14,1,20.790000000000003,1.9219512195121953,35.34,0.8154130133825566,170.0,169.11111111111111,215.83333333333331,4
2024-01-14,8,Casual Dining,Iced Lemon Tea,Dinner,"black tea, lemon, sugar syrup",1.2,3.03,5.5,322,0,0,Sunny,6,1,14,1,2.47,1.8151815181518154,4.3,0.7818181818181817,921.0,544.6666666666666,473.09523809523813,3
2024-01-14,8,Casual Dining,Mushroom Soup,Dinner,"mushrooms, cream, onion, garlic, vegetable broth",3.5,9.05,19.38,0,0,0,Cloudy,6,1,14,1,10.329999999999998,2.1414364640883976,15.879999999999999,0.8194014447884417,195.0,95.6666666666667,71.19047619047619,5
2024-01-14,13,Food Stall,Kaya Toast Set,Breakfast,"white bread, kaya, butter, soft-boiled eggs",2.8,5.09,9.56,456,0,0,Rainy,6,1,14,1,4.470000000000001,1.8781925343811396,6.760000000000001,0.7071129707112971,533.6666666666666,477.75555555555565,488.14761904761906,4
2024-01-14,14,Food Stall,Cendol,Lunch,"rice flour jelly, coconut milk, palm sugar, red beans",2.0,4.75,6.91,176,0,0,Cloudy,6,1,14,1,2.16,1.454736842105263,4.91,0.7105643994211288,252.0,224.38888888888889,252.38095238095235,4
2024-01-14,16,Food Stall,Tandoori Chicken,Dinner,"chicken, yogurt, tandoori masala, ginger, garlic",7.0,13.9,24.32,149,0,0,Sunny,6,1,14,1,10.42,1.749640287769784,17.32,0.712171052631579,236.0,138.00000000000006,148.60714285714286,5
2024-01-14,24,Casual Dining,Chicken Rice,Dinner,"chicken, rice, ginger, garlic, chili sauce, cucumber",4.0,12.85,10.87,349,1,0,Sunny,6,1,14,1,-1.9800000000000004,0.8459143968871595,6.869999999999999,0.6320147194112236,479.0,244.0,220.66666666666666,6
2024-01-14,25,Fine Dining,Spaghetti Carbonara,Dinner,"spaghetti, eggs, cheese, beef bacon, black pepper",9.0,43.69,61.38,289,0,1,Sunny,6,1,14,1,17.690000000000005,1.4048981460288397,52.38,0.8533724340175953,178.0,140.8333333333334,120.07142857142857,5
2024-01-14,30,Cafe,Mushroom Soup,Dinner,"mushrooms, cream, onion, garlic, vegetable broth",3.5,11.56,18.42,0,0,0,Sunny,6,1,14,1,6.860000000000001,1.5934256055363323,14.920000000000002,0.8099891422366993,195.0,95.6666666666667,71.19047619047619,5
2024-01-14,31,Food Stall,Cendol,Lunch,"rice flour jelly, coconut milk, palm sugar, red beans",2.0,4.44,6.41,229,0,0,Sunny,6,1,14,1,1.9699999999999998,1.4436936936936935,4.41,0.6879875195007801,252.0,224.38888888888889,252.38095238095235,4
2024-01-14,31,Food Stall,Teh Tarik,Dinner,"black tea, condensed milk, evaporated milk",0.9,2.14,2.85,675,0,0,Sunny,6,1,14,1,0.71,1.3317757009345794,1.9500000000000002,0.6842105263157895,912.3333333333334,633.1944444444445,628.25,3
2024-01-14,33,Cafe,Cendol,Lunch,"rice flour jelly, coconut milk, palm sugar, red beans",2.0,6.39,6.15,567,1,0,Sunny,6,1,14,1,-0.23999999999999932,0.9624413145539907,4.15,0.6747967479674797,252.0,224.38888888888889,252.38095238095235,4
2024-01-14,34,Casual Dining,Cendol,Dinner,"rice flour jelly, coconut milk, palm sugar, red beans",2.0,5.22,6.88,494,1,0,Sunny,6,1,14,1,1.6600000000000001,1.318007662835249,4.88,0.7093023255813954,252.0,224.38888888888889,252.38095238095235,4
2024-01-14,34,Casual Dining,Chicken Rice,Dinner,"chicken, rice, ginger, garlic, chili sauce, cucumber",4.0,12.64,20.69,239,0,0,Sunny,6,1,14,1,8.05,1.6368670886075949,16.69,0.8066698888351861,479.0,244.0,220.66666666666666,6
2024-01-14,34,Casual Dining,Teh Tarik,Breakfast,"black tea, condensed milk, evaporated milk",0.9,3.09,4.44,648,0,0,Rainy,6,1,14,1,1.3500000000000005,1.4368932038834954,3.5400000000000005,0.7972972972972974,912.3333333333334,633.1944444444445,628.25,3
2024-01-14,40,Food Stall,Beef Rendang,Lunch,"beef, coconut milk, galangal, lemongrass, spices, chili",9.0,21.68,32.35,79,0,0,Rainy,6,1,14,1,10.670000000000002,1.492158671586716,23.35,0.7217928902627512,185.5,123.66666666666667,106.5,6
2024-01-14,41,Cafe,Teh Tarik,Dinner,"black tea, condensed milk, evaporated milk",0.9,3.22,3.78,465,0,0,Rainy,6,1,14,1,0.5599999999999996,1.1739130434782608,2.88,0.7619047619047619,912.3333333333334,633.1944444444445,628.25,3
2024-01-14,43,Casual Dining,Iced Lemon Tea,Dinner,"black tea, lemon, sugar syrup",1.2,3.38,4.88,444,0,0,Sunny,6,1,14,1,1.5,1.4437869822485208,3.6799999999999997,0.7540983606557377,921.0,544.6666666666666,473.09523809523813,3
2024-01-14,46,Casual Dining,Iced Lemon Tea,Lunch,"black tea, lemon, sugar syrup",1.2,3.52,3.7,731,1,0,Sunny,6,1,14,1,0.18000000000000016,1.0511363636363638,2.5,0.6756756756756757,921.0,544.6666666666666,473.09523809523813,3
2024-01-14,47,Food Stall,Cendol,Lunch,"rice flour jelly, coconut milk, palm sugar, red beans",2.0,4.77,3.8,565,1,0,Sunny,6,1,14,1,-0.9699999999999998,0.7966457023060797,1.7999999999999998,0.47368421052631576,252.0,224.38888888888889,252.38095238095235,4
2024-01-14,49,Kopitiam,Kaya Toast Set,Breakfast,"white bread, kaya, butter, soft-boiled eggs",2.8,6.91,9.01,740,0,1,Cloudy,6,1,14,1,2.0999999999999996,1.3039073806078147,6.21,0.6892341842397336,533.6666666666666,477.75555555555565,488.14761904761906,4
2024-01-14,49,Kopitiam,Kaya Toast Set,Breakfast,"white bread, kaya, butter, soft-boiled eggs",2.8,6.93,9.55,432,0,0,Rainy,6,1,14,1,2.620000000000001,1.3780663780663782,6.750000000000001,0.7068062827225131,533.6666666666666,477.75555555555565,488.14761904761906,4
2024-01-15,1,Food Stall,Kaya Toast Set,Breakfast,"white bread, kaya, butter, soft-boiled eggs",2.8,6.42,5.69,1068,1,0,Sunny,0,0,15,1,-0.7299999999999995,0.8862928348909658,2.8900000000000006,0.5079086115992971,542.6666666666666,491.64444444444445,510.4428571428571,4
2024-01-15,3,Cafe,Teh Tarik,Dinner,"black tea, condensed milk, evaporated milk",0.9,2.86,3.42,662,0,0,Sunny,0,0,15,1,0.56,1.1958041958041958,2.52,0.736842105263158,596.0,660.6111111111112,614.75,3
2024-01-15,6,Fine Dining,Iced Lemon Tea,Lunch,"black tea, lemon, sugar syrup",1.2,5.3,8.03,454,0,0,Cloudy,0,0,15,1,2.7299999999999995,1.5150943396226415,6.829999999999999,0.8505603985056039,447.25,588.75,429.702380952381,3
2024-01-15,13,Food Stall,Kaya Toast Set,Breakfast,"white bread, kaya, butter, soft-boiled eggs",2.8,6.94,9.38,596,0,0,Sunny,0,0,15,1,2.4400000000000004,1.3515850144092219,6.580000000000001,0.7014925373134329,542.6666666666666,491.64444444444445,510.4428571428571,4
2024-01-15,14,Food Stall,Nasi Lemak,Breakfast,"rice, coconut milk, sambal, anchovies, egg, peanuts",2.5,5.82,7.57,570,0,0,Cloudy,0,0,15,1,1.75,1.3006872852233677,5.07,0.6697490092470277,502.0,401.9166666666667,329.42857142857144,6
2024-01-15,17,Food Stall,Laksa,Lunch,"rice noodles, fish broth, tamarind, shrimp paste, cucumber, mint",4.5,10.53,12.68,294,0,0,Cloudy,0,0,15,1,2.1500000000000004,1.204178537511871,8.18,0.6451104100946372,291.3333333333333,159.7777777777778,138.04761904761907,6
2024-01-15,17,Food Stall,Teh Tarik,Dinner,"black tea, condensed milk, evaporated milk",0.9,1.91,1.56,1079,1,0,Cloudy,0,0,15,1,-0.34999999999999987,0.8167539267015708,0.66,0.4230769230769231,596.0,660.6111111111112,614.75,3
2024-01-15,18,Food Stall,Roti Canai,Breakfast,"flour, ghee, egg, water, curry",0.8,1.87,2.15,905,0,1,Sunny,0,0,15,1,0.2799999999999998,1.1497326203208555,1.3499999999999999,0.627906976744186,472.6666666666667,403.66666666666674,407.2142857142857,5
2024-01-15,21,Casual Dining,Spaghetti Carbonara,Lunch,"spaghetti, eggs, cheese, beef bacon, black pepper",9.0,31.8,36.52,326,0,0,Sunny,0,0,15,1,4.720000000000002,1.1484276729559748,27.520000000000003,0.7535596933187295,289.0,185.8333333333334,146.21428571428572,5
2024-01-15,23,Fine Dining,Nasi Lemak,Lunch,"rice, coconut milk, sambal, anchovies, egg, peanuts",2.5,10.78,16.67,550,0,0,Cloudy,0,0,15,1,5.890000000000002,1.5463821892393323,14.170000000000002,0.8500299940011998,502.0,401.9166666666667,329.42857142857144,6
2024-01-15,23,Fine Dining,Nasi Lemak,Lunch,"rice, coconut milk, sambal, anchovies, egg, peanuts",2.5,14.97,16.51,287,0,0,Sunny,0,0,15,1,1.540000000000001,1.102872411489646,14.010000000000002,0.8485766202301636,502.0,401.9166666666667,329.42857142857144,6
2024-01-15,27,Food Stall,Tandoori Chicken,Dinner,"chicken, yogurt, tandoori masala, ginger, garlic",7.0,14.82,23.43,178,0,0,Sunny,0,0,15,1,8.61,1.5809716599190282,16.43,0.7012377294067434,149.0,187.66666666666674,165.67857142857142,5
2024-01-15,29,Food Stall,Teh Tarik,Breakfast,"black tea, condensed milk, evaporated milk",0.9,1.92,2.35,820,0,0,Cloudy,0,0,15,1,0.43000000000000016,1.2239583333333335,1.4500000000000002,0.6170212765957447,596.0,660.6111111111112,614.75,3
2024-01-15,30,Cafe,Kaya Toast Set,Breakfast,"white bread, kaya, butter, soft-boiled eggs",2.8,9.89,12.07,448,0,0,Cloudy,0,0,15,1,2.1799999999999997,1.2204246713852376,9.27,0.7680198840099419,542.6666666666666,491.64444444444445,510.4428571428571,4
2024-01-15,31,Food Stall,Kaya Toast Set,Breakfast,"white bread, kaya, butter, soft-boiled eggs",2.8,6.27,8.22,578,0,0,Cloudy,0,0,15,1,1.950000000000001,1.3110047846889954,5.420000000000001,0.659367396593674,542.6666666666666,491.64444444444445,510.4428571428571,4
2024-01-15,32,Fine Dining,Iced Lemon Tea,Breakfast,"black tea, lemon, sugar syrup",1.2,6.07,8.21,447,0,0,Rainy,0,0,15,1,2.1400000000000006,1.3525535420098846,7.010000000000001,0.853836784409257,447.25,588.75,429.702380952381,3
2024-01-15,32,Fine Dining,Iced Lemon Tea,Breakfast,"black tea, lemon, sugar syrup",1.2,5.69,7.53,633,0,1,Cloudy,0,0,15,1,1.8399999999999999,1.3233743409490333,6.33,0.8406374501992032,447.25,588.75,429.702380952381,3
2024-01-15,35,Food Stall,Char Kway Teow,Dinner,"flat rice noodles, prawns, cockles, bean sprouts, chives, soy sauce",5.0,10.55,14.24,362,0,0,Cloudy,0,0,15,1,3.6899999999999995,1.3497630331753554,9.24,0.648876404494382,125.0,128.33333333333334,123.90476190476191,6
2024-01-15,36,Food Stall,Roti Canai,Breakfast,"flour, ghee, egg, water, curry",0.8,1.95,2.59,600,0,0,Sunny,0,0,15,1,0.6399999999999999,1.3282051282051281,1.7899999999999998,0.6911196911196911,472.6666666666667,403.66666666666674,407.2142857142857,5
2024-01-15,37,Food Stall,Kaya Toast Set,Breakfast,"white bread, kaya, butter, soft-boiled eggs",2.8,5.01,8.85,681,0,0,Sunny,0,0,15,1,3.84,1.7664670658682635,6.05,0.6836158192090396,542.6666666666666,491.64444444444445,510.4428571428571,4
2024-01-15,39,Casual Dining,Mushroom Soup,Dinner,"mushrooms, cream, onion, garlic, vegetable broth",3.5,9.1,22.44,108,0,1,Rainy,0,0,15,1,13.340000000000002,2.465934065934066,18.94,0.8440285204991087,33.333333333333336,76.11111111111116,69.38095238095238,5
2024-01-15,40,Food Stall,Cendol,Dinner,"rice flour jelly, coconut milk, palm sugar, red beans",2.0,4.27,5.67,350,0,0,Sunny,0,0,15,1,1.4000000000000004,1.3278688524590165,3.67,0.6472663139329806,406.2,290.2888888888889,274.05238095238093,4
2024-01-15,42,Fine Dining,Iced Lemon Tea,Dinner,"black tea, lemon, sugar syrup",1.2,6.44,7.24,331,0,0,Cloudy,0,0,15,1,0.7999999999999998,1.124223602484472,6.04,0.8342541436464088,447.25,588.75,429.702380952381,3
2024-01-15,42,Fine Dining,Spaghetti Carbonara,Dinner,"spaghetti, eggs, cheese, beef bacon, black pepper",9.0,51.41,66.97,190,0,0,Cloudy,0,0,15,1,15.560000000000002,1.3026648511962653,57.97,0.8656114678214125,289.0,185.8333333333334,146.21428571428572,5
2024-01-15,43,Casual Dining,Chicken Chop,Dinner,"chicken thigh, black pepper sauce, fries, coleslaw",8.0,28.23,44.73,207,0,1,Sunny,0,0,15,1,16.499999999999996,1.5844845908607863,36.73,0.8211491169237648,134.0,129.0,209.83333333333331,4
2024-01-15,46,Casual Dining,Iced Lemon Tea,Dinner,"black tea, lemon, sugar syrup",1.2,3.78,4.98,340,0,0,Cloudy,0,0,15,1,1.2000000000000006,1.3174603174603177,3.7800000000000002,0.7590361445783133,447.25,588.75,429.702380952381,3
2024-01-15,48,Casual Dining,Cendol,Dinner,"rice flour jelly, coconut milk, palm sugar, red beans",2.0,6.36,9.76,299,0,0,Sunny,0,0,15,1,3.3999999999999995,1.5345911949685533,7.76,0.7950819672131147,406.2,290.2888888888889,274.05238095238093,4
2024-01-15,49,Kopitiam,Chicken Rice,Lunch,"chicken, rice, ginger, garlic, chili sauce, cucumber",4.0,12.44,12.87,353,0,0,Cloudy,0,0,15,1,0.4299999999999997,1.0345659163987138,8.87,0.6891996891996892,294.0,314.3333333333333,231.14285714285714,6
2024-01-16,1,Food Stall,Beef Rendang,Dinner,"beef, coconut milk, galangal, lemongrass, spices, chili",9.0,19.79,32.82,181,0,0,Sunny,1,0,16,1,13.030000000000001,1.6584133400707428,23.82,0.7257769652650823,81.0,124.0,100.71428571428571,6
2024-01-16,2,Food Stall,Roti Canai,Dinner,"flour, ghee, egg, water, curry",0.8,1.48,2.85,159,0,0,Sunny,1,0,16,1,1.37,1.9256756756756757,2.05,0.719298245614035,752.5,536.8333333333334,463.2142857142857,5
2024-01-16,2,Food Stall,Tandoori Chicken,Dinner,"chicken, yogurt, tandoori masala, ginger, garlic",7.0,16.44,32.02,0,0,0,Rainy,1,0,16,1,15.580000000000002,1.9476885644768858,25.020000000000003,0.7813866333541537,178.0,187.66666666666674,156.10714285714286,5
2024-01-16,5,Cafe,Chicken Chop,Dinner,"chicken thigh, black pepper sauce, fries, coleslaw",8.0,28.82,26.13,209,1,0,Rainy,1,0,16,1,-2.6900000000000013,0.9066620402498264,18.13,0.6938384998086491,207.0,170.33333333333334,183.61904761904765,4
2024-01-16,5,Cafe,Teh Tarik,Dinner,"black tea, condensed milk, evaporated milk",0.9,3.19,3.93,461,0,0,Cloudy,1,0,16,1,0.7400000000000002,1.2319749216300941,3.0300000000000002,0.7709923664122138,853.6666666666666,787.3333333333334,629.9404761904761,3
2024-01-16,8,Casual Dining,Teh Tarik,Lunch,"black tea, condensed milk, evaporated milk",0.9,2.15,3.52,405,0,0,Sunny,1,0,16,1,1.37,1.6372093023255814,2.62,0.7443181818181819,853.6666666666666,787.3333333333334,629.9404761904761,3
2024-01-16,9,Casual Dining,Beef Rendang,Lunch,"beef, coconut milk, galangal, lemongrass, spices, chili",9.0,25.9,56.46,63,0,0,Sunny,1,0,16,1,30.560000000000002,2.17992277992278,47.46,0.8405951115834219,81.0,124.0,100.71428571428571,6
2024-01-16,9,Casual Dining,Chicken Chop,Dinner,"chicken thigh, black pepper sauce, fries, coleslaw",8.0,25.5,46.17,145,0,1,Cloudy,1,0,16,1,20.67,1.8105882352941176,38.17,0.8267273121074291,207.0,170.33333333333334,183.61904761904765,4
2024-01-16,12,Cafe,Spaghetti Carbonara,Dinner,"spaghetti, eggs, cheese, beef bacon, black pepper",9.0,32.84,40.52,44,0,0,Cloudy,1,0,16,1,7.68,1.2338611449451888,31.520000000000003,0.7778874629812439,258.0,241.66666666666674,160.78571428571428,5
2024-01-16,13,Food Stall,Beef Rendang,Dinner,"beef, coconut milk, galangal, lemongrass, spices, chili",9.0,16.57,31.23,178,0,0,Cloudy,1,0,16,1,14.66,1.884731442365721,22.23,0.7118155619596542,81.0,124.0,100.71428571428571,6
2024-01-16,16,Food Stall,Roti Canai,Breakfast,"flour, ghee, egg, water, curry",0.8,1.59,2.86,279,0,0,Rainy,1,0,16,1,1.2699999999999998,1.7987421383647797,2.0599999999999996,0.7202797202797202,752.5,536.8333333333334,463.2142857142857,5
2024-01-16,16,Food Stall,Tandoori Chicken,Dinner,"chicken, yogurt, tandoori masala, ginger, garlic",7.0,14.49,26.75,181,0,0,Rainy,1,0,16,1,12.26,1.8461007591442373,19.75,0.7383177570093458,178.0,187.66666666666674,156.10714285714286,5
2024-01-16,18,Food Stall,Roti Canai,Breakfast,"flour, ghee, egg, water, curry",0.8,2.06,2.58,350,0,0,Cloudy,1,0,16,1,0.52,1.2524271844660195,1.78,0.689922480620155,752.5,536.8333333333334,463.2142857142857,5
2024-01-16,19,Casual Dining,Chicken Rice,Lunch,"chicken, rice, ginger, garlic, chili sauce, cucumber",4.0,13.77,20.76,191,0,0,Cloudy,1,0,16,1,6.990000000000002,1.507625272331155,16.76,0.8073217726396917,353.0,375.3333333333333,232.42857142857142,6
2024-01-16,20,Casual Dining,Beef Rendang,Dinner,"beef, coconut milk, galangal, lemongrass, spices, chili",9.0,26.83,41.07,189,0,0,Cloudy,1,0,16,1,14.240000000000002,1.5307491613865079,32.07,0.7808619430241052,81.0,124.0,100.71428571428571,6
2024-01-16,20,Casual Dining,Spaghetti Carbonara,Lunch,"spaghetti, eggs, cheese, beef bacon, black pepper",9.0,24.41,42.96,169,0,0,Cloudy,1,0,16,1,18.55,1.7599344530929948,33.96,0.7905027932960894,258.0,241.66666666666674,160.78571428571428,5
2024-01-16,21,Casual Dining,Cendol,Dinner,"rice flour jelly, coconut milk, palm sugar, red beans",2.0,5.08,11.51,218,0,0,Sunny,1,0,16,1,6.43,2.265748031496063,9.51,0.8262380538662033,324.5,327.56666666666666,282.6952380952381,4
2024-01-16,21,Casual Dining,Chicken Chop,Dinner,"chicken thigh, black pepper sauce, fries, coleslaw",8.0,19.43,40.86,281,0,0,Cloudy,1,0,16,1,21.43,2.1029336078229544,32.86,0.8042094958394518,207.0,170.33333333333334,183.61904761904765,4
2024-01-16,24,Casual Dining,Chicken Rice,Lunch,"chicken, rice, ginger, garlic, chili sauce, cucumber",4.0,11.42,14.22,324,1,0,Rainy,1,0,16,1,2.8000000000000007,1.245183887915937,10.22,0.7187060478199719,353.0,375.3333333333333,232.42857142857142,6
2024-01-16,29,Food Stall,Char Kway Teow,Lunch,"flat rice noodles, prawns, cockles, bean sprouts, chives, soy sauce",5.0,12.74,16.95,179,0,0,Sunny,1,0,16,1,4.209999999999999,1.3304552590266876,11.95,0.7050147492625368,362.0,163.33333333333334,169.61904761904765,6
2024-01-16,30,Cafe,Mushroom Soup,Lunch,"mushrooms, cream, onion, garlic, vegetable broth",3.5,11.68,15.87,0,0,0,Sunny,1,0,16,1,4.1899999999999995,1.3587328767123288,12.37,0.7794580970384373,108.0,112.11111111111116,75.33333333333334,5
2024-01-16,30,Cafe,Teh Tarik,Lunch,"black tea, condensed milk, evaporated milk",0.9,3.69,3.44,508,0,0,Sunny,1,0,16,1,-0.25,0.9322493224932249,2.54,0.7383720930232558,853.6666666666666,787.3333333333334,629.9404761904761,3
2024-01-16,30,Cafe,Teh Tarik,Dinner,"black tea, condensed milk, evaporated milk",0.9,2.84,3.62,185,0,0,Cloudy,1,0,16,1,0.7800000000000002,1.2746478873239437,2.72,0.7513812154696133,853.6666666666666,787.3333333333334,629.9404761904761,3
2024-01-16,33,Cafe,Teh Tarik,Lunch,"black tea, condensed milk, evaporated milk",0.9,2.65,3.97,491,0,0,Sunny,1,0,16,1,1.3200000000000003,1.49811320754717,3.0700000000000003,0.7732997481108312,853.6666666666666,787.3333333333334,629.9404761904761,3
2024-01-16,36,Food Stall,Roti Canai,Breakfast,"flour, ghee, egg, water, curry",0.8,2.09,2.59,576,0,0,Sunny,1,0,16,1,0.5,1.2392344497607655,1.7899999999999998,0.6911196911196911,752.5,536.8333333333334,463.2142857142857,5
2024-01-16,36,Food Stall,Roti Canai,Breakfast,"flour, ghee, egg, water, curry",0.8,1.93,1.76,789,1,0,Cloudy,1,0,16,1,-0.16999999999999993,0.9119170984455959,0.96,0.5454545454545454,752.5,536.8333333333334,463.2142857142857,5
2024-01-16,36,Food Stall,Tandoori Chicken,Dinner,"chicken, yogurt, tandoori masala, ginger, garlic",7.0,16.03,21.35,187,0,0,Rainy,1,0,16,1,5.32,1.3318777292576418,14.350000000000001,0.6721311475409836,178.0,187.66666666666674,156.10714285714286,5
2024-01-16,37,Food Stall,Kaya Toast Set,Breakfast,"white bread, kaya, butter, soft-boiled eggs",2.8,6.56,10.94,181,0,0,Rainy,1,0,16,1,4.38,1.6676829268292683,8.14,0.7440585009140769,674.2,583.5111111111113,518.3761904761906,4
2024-01-16,37,Food Stall,Teh Tarik,Breakfast,"black tea, condensed milk, evaporated milk",0.9,1.91,2.05,1091,1,0,Sunny,1,0,16,1,0.1399999999999999,1.0732984293193717,1.15,0.5609756097560976,853.6666666666666,787.3333333333334,629.9404761904761,3
2024-01-16,39,Casual Dining,Teh Tarik,Breakfast,"black tea, condensed milk, evaporated milk",0.9,2.8,4.13,438,0,0,Rainy,1,0,16,1,1.33,1.475,3.23,0.7820823244552059,853.6666666666666,787.3333333333334,629.9404761904761,3
2024-01-16,41,Cafe,Teh Tarik,Dinner,"black tea, condensed milk, evaporated milk",0.9,2.72,3.34,377,0,0,Sunny,1,0,16,1,0.6199999999999997,1.227941176470588,2.44,0.7305389221556886,853.6666666666666,787.3333333333334,629.9404761904761,3
2024-01-16,45,Food Stall,Char Kway Teow,Dinner,"flat rice noodles, prawns, cockles, bean sprouts, chives, soy sauce",5.0,9.93,18.71,100,0,0,Sunny,1,0,16,1,8.780000000000001,1.8841893252769386,13.71,0.7327632282202031,362.0,163.33333333333334,169.61904761904765,6
2024-01-16,46,Casual Dining,Kaya Toast Set,Breakfast,"white bread, kaya, butter, soft-boiled eggs",2.8,9.64,12.19,369,0,0,Sunny,1,0,16,1,2.549999999999999,1.2645228215767634,9.39,0.7703035274815423,674.2,583.5111111111113,518.3761904761906,4
2024-01-16,46,Casual Dining,Spaghetti Carbonara,Dinner,"spaghetti, eggs, cheese, beef bacon, black pepper",9.0,23.74,49.3,192,0,0,Sunny,1,0,16,1,25.56,2.076663858466723,40.3,0.8174442190669371,258.0,241.66666666666674,160.78571428571428,5
2024-01-16,47,Food Stall,Kaya Toast Set,Breakfast,"white bread, kaya, butter, soft-boiled eggs",2.8,7.11,5.45,719,1,0,Cloudy,1,0,16,1,-1.6600000000000001,0.7665260196905767,2.6500000000000004,0.48623853211009177,674.2,583.5111111111113,518.3761904761906,4
2024-01-17,6,Fine Dining,Spaghetti Carbonara,Dinner,"spaghetti, eggs, cheese, beef bacon, black pepper",9.0,35.13,81.9,0,0,0,Sunny,2,0,17,1,46.77,2.33134073441503,72.9,0.8901098901098902,135.0,227.3333333333334,168.5,5
2024-01-17,9,Casual Dining,Nasi Lemak,Lunch,"rice, coconut milk, sambal, anchovies, egg, peanuts",2.5,7.77,8.08,509,1,0,Sunny,2,0,17,1,0.3100000000000005,1.03989703989704,5.58,0.6905940594059405,469.0,450.3333333333333,338.2857142857143,6
2024-01-17,13,Food Stall,Cendol,Dinner,"rice flour jelly, coconut milk, palm sugar, red beans",2.0,5.1,7.91,91,0,0,Cloudy,2,0,17,1,2.8100000000000005,1.5509803921568628,5.91,0.7471554993678887,218.0,316.23333333333335,295.12380952380954,4
2024-01-17,13,Food Stall,Nasi Lemak,Breakfast,"rice, coconut milk, sambal, anchovies, egg, peanuts",2.5,6.1,10.06,190,0,0,Sunny,2,0,17,1,3.960000000000001,1.6491803278688526,7.5600000000000005,0.7514910536779325,469.0,450.3333333333333,338.2857142857143,6
2024-01-17,18,Food Stall,Roti Canai,Dinner,"flour, ghee, egg, water, curry",0.8,2.01,3.16,224,0,0,Sunny,2,0,17,1,1.1500000000000004,1.5721393034825872,2.3600000000000003,0.7468354430379748,430.6,551.9222222222223,452.08571428571435,5
2024-01-17,19,Casual Dining,Chicken Rice,Dinner,"chicken, rice, ginger, garlic, chili sauce, cucumber",4.0,12.77,20.73,351,0,0,Sunny,2,0,17,1,7.960000000000001,1.6233359436178545,16.73,0.8070429329474192,257.5,301.5,236.35714285714286,6
2024-01-17,23,Fine Dining,Mushroom Soup,Lunch,"mushrooms, cream, onion, garlic, vegetable broth",3.5,19.22,30.47,0,0,0,Rainy,2,0,17,1,11.25,1.585327783558793,26.97,0.8851329176238923,0.0,47.11111111111115,61.1904761904762,5
2024-01-17,26,Food Stall,Beef Rendang,Lunch,"beef, coconut milk, galangal, lemongrass, spices, chili",9.0,22.25,32.63,107,0,0,Sunny,2,0,17,1,10.380000000000003,1.4665168539325844,23.630000000000003,0.7241802022678517,152.75,139.75,105.96428571428571,6
2024-01-17,27,Food Stall,Roti Canai,Breakfast,"flour, ghee, egg, water, curry",0.8,1.49,2.4,372,0,0,Sunny,2,0,17,1,0.9099999999999999,1.610738255033557,1.5999999999999999,0.6666666666666666,430.6,551.9222222222223,452.08571428571435,5
2024-01-17,27,Food Stall,Tandoori Chicken,Dinner,"chicken, yogurt, tandoori masala, ginger, garlic",7.0,17.03,24.33,0,0,0,Cloudy,2,0,17,1,7.299999999999997,1.4286553141514973,17.33,0.7122893547061241,122.66666666666667,149.88888888888894,130.77380952380952,5
2024-01-17,28,Fine Dining,Spaghetti Carbonara,Dinner,"spaghetti, eggs, cheese, beef bacon, black pepper",9.0,46.52,49.52,191,1,1,Cloudy,2,0,17,1,3.0,1.064488392089424,40.52,0.8182552504038773,135.0,227.3333333333334,168.5,5
2024-01-17,29,Food Stall,Chicken Rice,Lunch,"chicken, rice, ginger, garlic, chili sauce, cucumber",4.0,9.42,15.57,202,0,0,Sunny,2,0,17,1,6.15,1.6528662420382165,11.57,0.7430956968529223,257.5,301.5,236.35714285714286,6
2024-01-17,32,Fine Dining,Mushroom Soup,Lunch,"mushrooms, cream, onion, garlic, vegetable broth",3.5,15.63,26.43,171,0,0,Sunny,2,0,17,1,10.799999999999999,1.6909788867562379,22.93,0.8675747256905032,0.0,47.11111111111115,61.1904761904762,5
2024-01-17,32,Fine Dining,Spaghetti Carbonara,Dinner,"spaghetti, eggs, cheese, beef bacon, black pepper",9.0,37.81,64.99,0,0,0,Sunny,2,0,17,1,27.179999999999993,1.7188574451203382,55.989999999999995,0.8615171564856131,135.0,227.3333333333334,168.5,5
2024-01-17,38,Fine Dining,Nasi Lemak,Breakfast,"rice, coconut milk, sambal, anchovies, egg, peanuts",2.5,15.06,15.23,161,0,0,Sunny,2,0,17,1,0.16999999999999993,1.0112881806108898,12.73,0.8358502954694682,469.0,450.3333333333333,338.2857142857143,6
2024-01-17,42,Fine Dining,Nasi Lemak,Breakfast,"rice, coconut milk, sambal, anchovies, egg, peanuts",2.5,12.08,14.19,404,0,0,Rainy,2,0,17,1,2.1099999999999994,1.1746688741721854,11.69,0.8238195912614518,469.0,450.3333333333333,338.2857142857143,6
2024-01-17,43,Casual Dining,Teh Tarik,Dinner,"black tea, condensed milk, evaporated milk",0.9,3.05,4.33,274,0,0,Sunny,2,0,17,1,1.2800000000000002,1.419672131147541,3.43,0.792147806004619,494.5,648.0555555555555,672.7261904761905,3
2024-01-17,45,Food Stall,Cendol,Dinner,"rice flour jelly, coconut milk, palm sugar, red beans",2.0,4.25,6.86,252,0,0,Sunny,2,0,17,1,2.6100000000000003,1.6141176470588237,4.86,0.7084548104956269,218.0,316.23333333333335,295.12380952380954,4
2024-01-17,45,Food Stall,Char Kway Teow,Lunch,"flat rice noodles, prawns, cockles, bean sprouts, chives, soy sauce",5.0,12.57,17.27,0,0,0,Rainy,2,0,17,1,4.699999999999999,1.3739061256961018,12.27,0.7104806022003474,139.5,208.83333333333334,160.90476190476193,6
2024-01-17,47,Food Stall,Teh Tarik,Dinner,"black tea, condensed milk, evaporated milk",0.9,2.12,3.02,286,0,0,Sunny,2,0,17,1,0.8999999999999999,1.4245283018867925,2.12,0.7019867549668874,494.5,648.0555555555555,672.7261904761905,3
2024-01-17,49,Kopitiam,Cendol,Dinner,"rice flour jelly, coconut milk, palm sugar, red beans",2.0,5.08,6.81,135,0,0,Cloudy,2,0,17,1,1.7299999999999995,1.340551181102362,4.81,0.7063142437591776,218.0,316.23333333333335,295.12380952380954,4
2024-01-17,49,Kopitiam,Chicken Rice,Lunch,"chicken, rice, ginger, garlic, chili sauce, cucumber",4.0,10.75,15.92,137,0,0,Sunny,2,0,17,1,5.17,1.4809302325581395,11.92,0.7487437185929648,257.5,301.5,236.35714285714286,6
2024-01-18,1,Food Stall,Nasi Lemak,Breakfast,"rice, coconut milk, sambal, anchovies, egg, peanuts",2.5,4.42,8.16,263,0,0,Sunny,3,0,18,1,3.74,1.8461538461538463,5.66,0.6936274509803921,316.0,429.0,321.25,6
2024-01-18,4,Cafe,Nasi Lemak,Breakfast,"rice, coconut milk, sambal, anchovies, egg, peanuts",2.5,10.19,7.31,652,1,0,Sunny,3,0,18,1,-2.88,0.7173699705593719,4.81,0.6580027359781122,316.0,429.0,321.25,6
2024-01-18,7,Casual Dining,Chicken Chop,Dinner,"chicken thigh, black pepper sauce, fries, coleslaw",8.0,25.28,48.86,0,0,0,Cloudy,3,0,18,1,23.58,1.932753164556962,40.86,0.8362668849774867,211.66666666666666,184.2222222222222,191.57142857142858,4
2024-01-18,7,Casual Dining,Kaya Toast Set,Breakfast,"white bread, kaya, butter, soft-boiled eggs",2.8,7.67,18.82,122,0,0,Sunny,3,0,18,1,11.15,2.453715775749674,16.02,0.851222104144527,423.0,546.6222222222223,503.41190476190474,4
2024-01-18,7,Casual Dining,Spaghetti Carbonara,Dinner,"spaghetti, eggs, cheese, beef bacon, black pepper",9.0,23.31,51.77,52,0,1,Rainy,3,0,18,1,28.460000000000004,2.220935220935221,42.77,0.8261541433262507,63.666666666666664,152.2222222222223,166.88095238095238,5
2024-01-18,8,Casual Dining,Kaya Toast Set,Breakfast,"white bread, kaya, butter, soft-boiled eggs",2.8,7.98,14.02,384,0,0,Sunny,3,0,18,1,6.039999999999999,1.756892230576441,11.219999999999999,0.8002853067047075,423.0,546.6222222222223,503.41190476190474,4
2024-01-18,9,Casual Dining,Beef Rendang,Lunch,"beef, coconut milk, galangal, lemongrass, spices, chili",9.0,32.1,47.86,136,0,0,Sunny,3,0,18,1,15.759999999999998,1.4909657320872274,38.86,0.8119515252820727,107.0,113.58333333333333,112.67857142857143,6
2024-01-18,13,Food Stall,Teh Tarik,Breakfast,"black tea, condensed milk, evaporated milk",0.9,2.13,2.4,883,0,1,Sunny,3,0,18,1,0.27,1.1267605633802817,1.5,0.625,280.0,542.7222222222223,589.1071428571429,3
2024-01-18,14,Food Stall,Beef Rendang,Lunch,"beef, coconut milk, galangal, lemongrass, spices, chili",9.0,20.06,34.27,0,0,0,Cloudy,3,0,18,1,14.210000000000004,1.7083748753738786,25.270000000000003,0.7373796323314853,107.0,113.58333333333333,112.67857142857143,6
2024-01-18,18,Food Stall,Roti Canai,Dinner,"flour, ghee, egg, water, curry",0.8,1.59,2.83,126,0,0,Sunny,3,0,18,1,1.24,1.779874213836478,2.0300000000000002,0.7173144876325089,298.0,493.7000000000001,430.9428571428572,5
2024-01-18,20,Casual Dining,Cendol,Dinner,"rice flour jelly, coconut milk, palm sugar, red beans",2.0,6.84,9.2,287,0,0,Cloudy,3,0,18,1,2.3599999999999994,1.3450292397660817,7.199999999999999,0.782608695652174,159.33333333333334,233.94444444444446,254.45714285714283,4
2024-01-18,22,Food Stall,Tandoori Chicken,Dinner,"chicken, yogurt, tandoori masala, ginger, garlic",7.0,15.03,24.22,81,1,0,Sunny,3,0,18,1,9.19,1.6114437791084497,17.22,0.7109826589595376,0.0,100.22222222222229,123.38095238095238,5
2024-01-18,23,Fine Dining,Beef Rendang,Dinner,"beef, coconut milk, galangal, lemongrass, spices, chili",9.0,52.26,66.79,78,0,0,Sunny,3,0,18,1,14.530000000000008,1.2780329123612708,57.790000000000006,0.865249288815691,107.0,113.58333333333333,112.67857142857143,6
2024-01-18,23,Fine Dining,Iced Lemon Tea,Lunch,"black tea, lemon, sugar syrup",1.2,6.89,9.53,121,0,0,Sunny,3,0,18,1,2.6399999999999997,1.3831640058055152,8.33,0.8740818467995803,441.0,603.0833333333334,427.1309523809524,3
2024-01-18,24,Casual Dining,Cendol,Dinner,"rice flour jelly, coconut milk, palm sugar, red beans",2.0,6.44,11.7,233,0,0,Cloudy,3,0,18,1,5.259999999999999,1.8167701863354035,9.7,0.829059829059829,159.33333333333334,233.94444444444446,254.45714285714283,4
2024-01-18,25,Fine Dining,Nasi Lemak,Breakfast,"rice, coconut milk, sambal, anchovies, egg, peanuts",2.5,12.22,10.63,645,1,0,Sunny,3,0,18,1,-1.5899999999999999,0.869885433715221,8.13,0.7648165569143932,316.0,429.0,321.25,6
2024-01-18,27,Food Stall,Tandoori Chicken,Dinner,"chicken, yogurt, tandoori masala, ginger, garlic",7.0,15.78,24.98,100,0,0,Rainy,3,0,18,1,9.200000000000001,1.5830164765525983,17.98,0.7197758206565252,0.0,100.22222222222229,123.38095238095238,5
2024-01-18,33,Cafe,Mushroom Soup,Dinner,"mushrooms, cream, onion, garlic, vegetable broth",3.5,12.0,11.89,239,1,0,Sunny,3,0,18,1,-0.10999999999999943,0.9908333333333333,8.39,0.7056349873843566,85.5,64.50000000000004,73.40476190476191,5
2024-01-18,34,Casual Dining,Cendol,Dinner,"rice flour jelly, coconut milk, palm sugar, red beans",2.0,5.4,10.3,252,0,0,Cloudy,3,0,18,1,4.9,1.9074074074074074,8.3,0.8058252427184466,159.33333333333334,233.94444444444446,254.45714285714283,4
2024-01-18,34,Casual Dining,Kaya Toast Set,Breakfast,"white bread, kaya, butter, soft-boiled eggs",2.8,9.09,11.59,356,0,0,Cloudy,3,0,18,1,2.5,1.275027502750275,8.79,0.7584124245038826,423.0,546.6222222222223,503.41190476190474,4
2024-01-18,41,Cafe,Spaghetti Carbonara,Dinner,"spaghetti, eggs, cheese, beef bacon, black pepper",9.0,33.43,46.98,202,0,0,Cloudy,3,0,18,1,13.549999999999997,1.4053245587795393,37.98,0.8084291187739463,63.666666666666664,152.2222222222223,166.88095238095238,5
2024-01-18,41,Cafe,Teh Tarik,Breakfast,"black tea, condensed milk, evaporated milk",0.9,2.6,2.57,863,1,0,Sunny,3,0,18,1,-0.03000000000000025,0.9884615384615384,1.67,0.6498054474708171,280.0,542.7222222222223,589.1071428571429,3
2024-01-18,43,Casual Dining,Beef Rendang,Lunch,"beef, coconut milk, galangal, lemongrass, spices, chili",9.0,28.34,33.72,170,1,0,Cloudy,3,0,18,1,5.379999999999999,1.1898376852505292,24.72,0.7330960854092526,107.0,113.58333333333333,112.67857142857143,6
2024-01-18,47,Food Stall,Laksa,Lunch,"rice noodles, fish broth, tamarind, shrimp paste, cucumber, mint",4.5,10.04,8.6,396,1,0,Cloudy,3,0,18,1,-1.4399999999999995,0.8565737051792829,4.1,0.4767441860465116,294.0,196.44444444444449,148.04761904761904,6
2024-01-18,48,Casual Dining,Teh Tarik,Dinner,"black tea, condensed milk, evaporated milk",0.9,2.4,3.67,280,0,0,Sunny,3,0,18,1,1.27,1.5291666666666668,2.77,0.7547683923705722,280.0,542.7222222222223,589.1071428571429,3
2024-01-19,3,Cafe,Iced Lemon Tea,Lunch,"black tea, lemon, sugar syrup",1.2,4.0,6.81,21,0,0,Sunny,4,0,19,1,2.8099999999999996,1.7025,5.609999999999999,0.8237885462555066,121.0,336.4166666666667,402.4642857142857,3
2024-01-19,3,Cafe,Spaghetti Carbonara,Lunch,"spaghetti, eggs, cheese, beef bacon, black pepper",9.0,31.37,44.52,160,0,0,Cloudy,4,0,19,1,13.150000000000002,1.4191903092126237,35.52,0.7978436657681941,127.0,108.55555555555561,163.02380952380955,5
2024-01-19,4,Cafe,Spaghetti Carbonara,Dinner,"spaghetti, eggs, cheese, beef bacon, black pepper",9.0,34.48,45.92,99,0,0,Cloudy,4,0,19,1,11.440000000000005,1.3317865429234341,36.92,0.804006968641115,127.0,108.55555555555561,163.02380952380955,5
2024-01-19,5,Cafe,Kaya Toast Set,Breakfast,"white bread, kaya, butter, soft-boiled eggs",2.8,9.03,8.27,908,1,0,Rainy,4,0,19,1,-0.7599999999999998,0.9158361018826136,5.47,0.6614268440145102,287.3333333333333,461.51111111111123,480.0666666666666,4
2024-01-19,6,Fine Dining,Mushroom Soup,Lunch,"mushrooms, cream, onion, garlic, vegetable broth",3.5,15.15,20.43,96,1,0,Cloudy,4,0,19,1,5.279999999999999,1.3485148514851484,16.93,0.8286833088595204,239.0,108.1666666666667,94.40476190476191,5
2024-01-19,7,Casual Dining,Chicken Chop,Lunch,"chicken thigh, black pepper sauce, fries, coleslaw",8.0,20.02,33.28,205,1,0,Rainy,4,0,19,1,13.260000000000002,1.6623376623376624,25.28,0.7596153846153846,0.0,139.55555555555554,151.42857142857142,4
2024-01-19,9,Casual Dining,Kaya Toast Set,Breakfast,"white bread, kaya, butter, soft-boiled eggs",2.8,9.45,11.82,251,0,0,Cloudy,4,0,19,1,2.370000000000001,1.250793650793651,9.02,0.7631133671742808,287.3333333333333,461.51111111111123,480.0666666666666,4
2024-01-19,12,Cafe,Iced Lemon Tea,Lunch,"black tea, lemon, sugar syrup",1.2,3.77,6.15,216,0,0,Cloudy,4,0,19,1,2.3800000000000003,1.6312997347480107,4.95,0.8048780487804877,121.0,336.4166666666667,402.4642857142857,3
2024-01-19,13,Food Stall,Nasi Lemak,Breakfast,"rice, coconut milk, sambal, anchovies, egg, peanuts",2.5,5.07,7.54,419,0,0,Sunny,4,0,19,1,2.4699999999999998,1.487179487179487,5.04,0.6684350132625995,520.0,435.0,379.9642857142857,6
2024-01-19,13,Food Stall,Nasi Lemak,Lunch,"rice, coconut milk, sambal, anchovies, egg, peanuts",2.5,6.08,5.32,650,1,0,Rainy,4,0,19,1,-0.7599999999999998,0.875,2.8200000000000003,0.5300751879699248,520.0,435.0,379.9642857142857,6
2024-01-19,19,Casual Dining,Cendol,Lunch,"rice flour jelly, coconut milk, palm sugar, red beans",2.0,5.83,12.93,107,0,0,Sunny,4,0,19,1,7.1,2.2178387650085765,10.93,0.8453209590100541,257.3333333333333,211.55555555555554,261.43333333333334,4
2024-01-19,19,Casual Dining,Char Kway Teow,Lunch,"flat rice noodles, prawns, cockles, bean sprouts, chives, soy sauce",5.0,17.43,25.73,66,0,0,Sunny,4,0,19,1,8.3,1.4761904761904763,20.73,0.805674310143801,0.0,167.16666666666666,136.28571428571428,6
2024-01-19,21,Casual Dining,Iced Lemon Tea,Breakfast,"black tea, lemon, sugar syrup",1.2,2.98,6.35,193,0,0,Sunny,4,0,19,1,3.3699999999999997,2.1308724832214763,5.1499999999999995,0.8110236220472441,121.0,336.4166666666667,402.4642857142857,3
2024-01-19,22,Food Stall,Roti Canai,Dinner,"flour, ghee, egg, water, curry",0.8,1.81,1.77,438,1,0,Sunny,4,0,19,1,-0.040000000000000036,0.9779005524861878,0.97,0.5480225988700564,126.0,284.86666666666673,402.58571428571435,5
2024-01-19,23,Fine Dining,Mushroom Soup,Dinner,"mushrooms, cream, onion, garlic, vegetable broth",3.5,15.24,17.76,278,1,0,Sunny,4,0,19,1,2.5200000000000014,1.1653543307086616,14.260000000000002,0.802927927927928,239.0,108.1666666666667,94.40476190476191,5
2024-01-19,24,Casual Dining,Teh Tarik,Lunch,"black tea, condensed milk, evaporated milk",0.9,2.79,4.15,298,0,0,Cloudy,4,0,19,1,1.3600000000000003,1.4874551971326166,3.2500000000000004,0.783132530120482,675.3333333333334,483.2777777777778,612.1904761904763,3
2024-01-19,28,Fine Dining,Iced Lemon Tea,Breakfast,"black tea, lemon, sugar syrup",1.2,7.09,7.25,214,0,0,Cloudy,4,0,19,1,0.16000000000000014,1.0225669957686883,6.05,0.8344827586206897,121.0,336.4166666666667,402.4642857142857,3
2024-01-19,28,Fine Dining,Iced Lemon Tea,Breakfast,"black tea, lemon, sugar syrup",1.2,6.15,8.52,336,0,0,Rainy,4,0,19,1,2.369999999999999,1.3853658536585365,7.319999999999999,0.8591549295774648,121.0,336.4166666666667,402.4642857142857,3
2024-01-19,29,Food Stall,Char Kway Teow,Dinner,"flat rice noodles, prawns, cockles, bean sprouts, chives, soy sauce",5.0,9.94,22.96,103,0,0,Cloudy,4,0,19,1,13.020000000000001,2.3098591549295775,17.96,0.7822299651567944,0.0,167.16666666666666,136.28571428571428,6
2024-01-19,29,Food Stall,Char Kway Teow,Lunch,"flat rice noodles, prawns, cockles, bean sprouts, chives, soy sauce",5.0,9.31,17.87,161,0,0,Sunny,4,0,19,1,8.56,1.9194414607948442,12.870000000000001,0.7202014549524343,0.0,167.16666666666666,136.28571428571428,6
2024-01-19,32,Fine Dining,Iced Lemon Tea,Lunch,"black tea, lemon, sugar syrup",1.2,5.76,9.46,191,0,0,Cloudy,4,0,19,1,3.700000000000001,1.6423611111111114,8.260000000000002,0.8731501057082454,121.0,336.4166666666667,402.4642857142857,3
2024-01-19,32,Fine Dining,Spaghetti Carbonara,Lunch,"spaghetti, eggs, cheese, beef bacon, black pepper",9.0,44.13,81.76,0,0,0,Sunny,4,0,19,1,37.63,1.8527079084523,72.76,0.889921722113503,127.0,108.55555555555561,163.02380952380955,5
2024-01-19,35,Food Stall,Chicken Rice,Dinner,"chicken, rice, ginger, garlic, chili sauce, cucumber",4.0,8.32,14.4,111,0,0,Rainy,4,0,19,1,6.08,1.7307692307692308,10.4,0.7222222222222222,230.0,280.1666666666667,266.64285714285717,6
2024-01-19,35,Food Stall,Kaya Toast Set,Breakfast,"white bread, kaya, butter, soft-boiled eggs",2.8,6.42,7.99,324,0,0,Sunny,4,0,19,1,1.5700000000000003,1.2445482866043613,5.19,0.6495619524405507,287.3333333333333,461.51111111111123,480.0666666666666,4
2024-01-19,36,Food Stall,Roti Canai,Breakfast,"flour, ghee, egg, water, curry",0.8,2.11,2.54,431,0,0,Cloudy,4,0,19,1,0.43000000000000016,1.2037914691943128,1.74,0.6850393700787402,126.0,284.86666666666673,402.58571428571435,5
2024-01-19,37,Food Stall,Kaya Toast Set,Breakfast,"white bread, kaya, butter, soft-boiled eggs",2.8,6.9,7.67,362,0,0,Sunny,4,0,19,1,0.7699999999999996,1.1115942028985506,4.87,0.6349413298565841,287.3333333333333,461.51111111111123,480.0666666666666,4
2024-01-19,39,Casual Dining,Teh Tarik,Breakfast,"black tea, condensed milk, evaporated milk",0.9,2.28,4.44,436,0,0,Rainy,4,0,19,1,2.1600000000000006,1.9473684210526319,3.5400000000000005,0.7972972972972974,675.3333333333334,483.2777777777778,612.1904761904763,3
2024-01-19,41,Cafe,Chicken Chop,Lunch,"chicken thigh, black pepper sauce, fries, coleslaw",8.0,27.36,38.43,47,0,0,Cloudy,4,0,19,1,11.07,1.4046052631578947,30.43,0.7918293000260214,0.0,139.55555555555554,151.42857142857142,4
2024-01-19,41,Cafe,Chicken Chop,Lunch,"chicken thigh, black pepper sauce, fries, coleslaw",8.0,32.53,45.37,77,0,0,Sunny,4,0,19,1,12.839999999999996,1.3947125730095296,37.37,0.823672029975755,0.0,139.55555555555554,151.42857142857142,4
2024-01-19,41,Cafe,Iced Lemon Tea,Dinner,"black tea, lemon, sugar syrup",1.2,3.53,4.44,565,1,1,Cloudy,4,0,19,1,0.9100000000000006,1.257790368271955,3.24,0.7297297297297297,121.0,336.4166666666667,402.4642857142857,3
2024-01-19,41,Cafe,Iced Lemon Tea,Lunch,"black tea, lemon, sugar syrup",1.2,4.13,3.2,511,1,0,Sunny,4,0,19,1,-0.9299999999999997,0.7748184019370461,2.0,0.625,121.0,336.4166666666667,402.4642857142857,3
2024-01-19,41,Cafe,Spaghetti Carbonara,Lunch,"spaghetti, eggs, cheese, beef bacon, black pepper",9.0,29.31,41.17,212,0,0,Rainy,4,0,19,1,11.860000000000003,1.4046400545888775,32.17,0.7813942190915716,127.0,108.55555555555561,163.02380952380955,5
2024-01-19,43,Casual Dining,Mushroom Soup,Lunch,"mushrooms, cream, onion, garlic, vegetable broth",3.5,11.61,19.54,164,0,0,Sunny,4,0,19,1,7.93,1.6830318690783808,16.04,0.8208802456499488,239.0,108.1666666666667,94.40476190476191,5
2024-01-19,44,Food Stall,Laksa,Lunch,"rice noodles, fish broth, tamarind, shrimp paste, cucumber, mint",4.5,9.53,16.78,134,0,0,Cloudy,4,0,19,1,7.250000000000002,1.7607555089192028,12.280000000000001,0.7318235995232419,396.0,327.11111111111114,197.04761904761904,6
2024-01-19,44,Food Stall,Teh Tarik,Dinner,"black tea, condensed milk, evaporated milk",0.9,2.02,2.52,321,0,0,Sunny,4,0,19,1,0.5,1.2475247524752475,1.62,0.6428571428571429,675.3333333333334,483.2777777777778,612.1904761904763,3
2024-01-19,45,Food Stall,Cendol,Lunch,"rice flour jelly, coconut milk, palm sugar, red beans",2.0,4.24,9.14,122,0,0,Sunny,4,0,19,1,4.9,2.155660377358491,7.140000000000001,0.7811816192560175,257.3333333333333,211.55555555555554,261.43333333333334,4
2024-01-19,46,Casual Dining,Spaghetti Carbonara,Dinner,"spaghetti, eggs, cheese, beef bacon, black pepper",9.0,23.09,30.86,259,1,0,Rainy,4,0,19,1,7.77,1.3365093113902122,21.86,0.7083603370058328,127.0,108.55555555555561,163.02380952380955,5
2024-01-19,49,Kopitiam,Kaya Toast Set,Breakfast,"white bread, kaya, butter, soft-boiled eggs",2.8,7.62,8.14,438,0,0,Cloudy,4,0,19,1,0.5200000000000005,1.068241469816273,5.340000000000001,0.6560196560196561,287.3333333333333,461.51111111111123,480.0666666666666,4
2024-01-19,49,Kopitiam,Teh Tarik,Lunch,"black tea, condensed milk, evaporated milk",0.9,2.12,2.94,535,0,0,Sunny,4,0,19,1,0.8199999999999998,1.3867924528301885,2.04,0.6938775510204082,675.3333333333334,483.2777777777778,612.1904761904763,3
2024-01-20,1,Food Stall,Teh Tarik,Lunch,"black tea, condensed milk, evaporated milk",0.9,2.05,3.08,678,0,0,Cloudy,5,1,20,1,1.0300000000000002,1.5024390243902441,2.18,0.7077922077922079,397.5,450.9444444444445,601.3333333333334,3
2024-01-20,3,Cafe,Cendol,Dinner,"rice flour jelly, coconut milk, palm sugar, red beans",2.0,7.82,6.15,635,1,0,Rainy,5,1,20,1,-1.67,0.7864450127877238,4.15,0.6747967479674797,114.5,177.05555555555554,247.40952380952382,4
2024-01-20,7,Casual Dining,Mushroom Soup,Dinner,"mushrooms, cream, onion, garlic, vegetable broth",3.5,11.21,20.12,24,0,0,Sunny,5,1,20,1,8.91,1.7948260481712757,16.62,0.8260437375745527,179.33333333333334,167.94444444444449,120.02380952380953,5
2024-01-20,9,Casual Dining,Spaghetti Carbonara,Lunch,"spaghetti, eggs, cheese, beef bacon, black pepper",9.0,27.31,29.79,344,1,0,Cloudy,5,1,20,1,2.4800000000000004,1.0908092273892347,20.79,0.6978851963746223,146.0,112.22222222222229,170.95238095238096,5
2024-01-20,10,Fine Dining,Nasi Lemak,Breakfast,"rice, coconut milk, sambal, anchovies, egg, peanuts",2.5,12.84,14.04,674,0,1,Cloudy,5,1,20,1,1.1999999999999993,1.0934579439252337,11.54,0.8219373219373219,534.5,456.8333333333333,435.0357142857143,6
2024-01-20,10,Fine Dining,Spaghetti Carbonara,Dinner,"spaghetti, eggs, cheese, beef bacon, black pepper",9.0,44.27,67.72,158,0,0,Cloudy,5,1,20,1,23.449999999999996,1.529704088547549,58.72,0.8670998227997637,146.0,112.22222222222229,170.95238095238096,5
2024-01-20,14,Food Stall,Kaya Toast Set,Breakfast,"white bread, kaya, butter, soft-boiled eggs",2.8,7.3,7.88,575,0,0,Cloudy,5,1,20,1,0.5800000000000001,1.0794520547945206,5.08,0.6446700507614214,456.6,388.9777777777779,473.7238095238095,4
2024-01-20,16,Food Stall,Roti Canai,Breakfast,"flour, ghee, egg, water, curry",0.8,1.84,2.05,723,0,0,Sunny,5,1,20,1,0.20999999999999974,1.1141304347826086,1.2499999999999998,0.6097560975609756,434.5,286.16666666666674,414.22857142857146,5
2024-01-20,17,Food Stall,Kaya Toast Set,Breakfast,"white bread, kaya, butter, soft-boiled eggs",2.8,7.3,6.69,716,1,0,Cloudy,5,1,20,1,-0.6099999999999994,0.9164383561643836,3.8900000000000006,0.5814648729446936,456.6,388.9777777777779,473.7238095238095,4
2024-01-20,18,Food Stall,Roti Canai,Dinner,"flour, ghee, egg, water, curry",0.8,1.96,2.45,407,0,0,Sunny,5,1,20,1,0.4900000000000002,1.2500000000000002,1.6500000000000001,0.673469387755102,434.5,286.16666666666674,414.22857142857146,5
2024-01-20,18,Food Stall,Tandoori Chicken,Dinner,"chicken, yogurt, tandoori masala, ginger, garlic",7.0,15.25,17.14,374,1,0,Rainy,5,1,20,1,1.8900000000000006,1.1239344262295083,10.14,0.5915985997666278,90.5,71.05555555555561,136.3095238095238,5
2024-01-20,25,Fine Dining,Mushroom Soup,Dinner,"mushrooms, cream, onion, garlic, vegetable broth",3.5,17.64,24.45,243,0,0,Sunny,5,1,20,1,6.809999999999999,1.3860544217687074,20.95,0.8568507157464212,179.33333333333334,167.94444444444449,120.02380952380953,5
2024-01-20,26,Food Stall,Kaya Toast Set,Breakfast,"white bread, kaya, butter, soft-boiled eggs",2.8,4.97,7.47,451,0,0,Rainy,5,1,20,1,2.5,1.5030181086519114,4.67,0.6251673360107095,456.6,388.9777777777779,473.7238095238095,4
2024-01-20,28,Fine Dining,Chicken Chop,Lunch,"chicken thigh, black pepper sauce, fries, coleslaw",8.0,43.99,65.13,105,0,0,Cloudy,5,1,20,1,21.139999999999993,1.4805637644919298,57.129999999999995,0.8771687394441885,109.66666666666667,107.1111111111111,130.76190476190476,4
2024-01-20,30,Cafe,Spaghetti Carbonara,Lunch,"spaghetti, eggs, cheese, beef bacon, black pepper",9.0,32.93,40.71,251,0,0,Cloudy,5,1,20,1,7.780000000000001,1.236258730640753,31.71,0.7789240972733972,146.0,112.22222222222229,170.95238095238096,5
2024-01-20,32,Fine Dining,Spaghetti Carbonara,Lunch,"spaghetti, eggs, cheese, beef bacon, black pepper",9.0,41.43,77.32,52,0,0,Sunny,5,1,20,1,35.88999999999999,1.8662804730871347,68.32,0.8836006207966891,146.0,112.22222222222229,170.95238095238096,5
2024-01-20,36,Food Stall,Tandoori Chicken,Dinner,"chicken, yogurt, tandoori masala, ginger, garlic",7.0,16.59,30.13,50,0,0,Sunny,5,1,20,1,13.54,1.8161543098251958,23.13,0.7676734152007966,90.5,71.05555555555561,136.3095238095238,5
2024-01-20,39,Casual Dining,Mushroom Soup,Dinner,"mushrooms, cream, onion, garlic, vegetable broth",3.5,10.46,12.02,312,1,0,Cloudy,5,1,20,1,1.5599999999999987,1.1491395793499042,8.52,0.7088186356073212,179.33333333333334,167.94444444444449,120.02380952380953,5
2024-01-20,42,Fine Dining,Spaghetti Carbonara,Lunch,"spaghetti, eggs, cheese, beef bacon, black pepper",9.0,41.26,48.79,283,0,0,Sunny,5,1,20,1,7.530000000000001,1.1825012118274358,39.79,0.8155359704857553,146.0,112.22222222222229,170.95238095238096,5
2024-01-20,43,Casual Dining,Chicken Chop,Lunch,"chicken thigh, black pepper sauce, fries, coleslaw",8.0,22.48,34.39,253,0,0,Cloudy,5,1,20,1,11.91,1.5298042704626333,26.39,0.7673742366967141,109.66666666666667,107.1111111111111,130.76190476190476,4
2024-01-20,43,Casual Dining,Teh Tarik,Lunch,"black tea, condensed milk, evaporated milk",0.9,3.0,3.64,1190,1,0,Cloudy,5,1,20,1,0.6400000000000001,1.2133333333333334,2.74,0.7527472527472527,397.5,450.9444444444445,601.3333333333334,3
2024-01-20,44,Food Stall,Laksa,Lunch,"rice noodles, fish broth, tamarind, shrimp paste, cucumber, mint",4.5,10.17,12.26,308,0,0,Sunny,5,1,20,1,2.09,1.2055063913470994,7.76,0.632952691680261,134.0,274.66666666666674,206.47619047619045,6
2024-01-20,45,Food Stall,Char Kway Teow,Dinner,"flat rice noodles, prawns, cockles, bean sprouts, chives, soy sauce",5.0,9.76,16.43,396,0,0,Cloudy,5,1,20,1,6.67,1.6834016393442623,11.43,0.6956786366402922,110.0,83.16666666666667,142.35714285714286,6
2024-01-20,47,Food Stall,Laksa,Lunch,"rice noodles, fish broth, tamarind, shrimp paste, cucumber, mint",4.5,11.33,13.96,352,0,0,Rainy,5,1,20,1,2.630000000000001,1.2321270962047661,9.46,0.6776504297994269,134.0,274.66666666666674,206.47619047619045,6
2024-01-20,50,Food Stall,Roti Canai,Dinner,"flour, ghee, egg, water, curry",0.8,1.91,2.19,416,0,0,Sunny,5,1,20,1,0.28,1.1465968586387434,1.39,0.634703196347032,434.5,286.16666666666674,414.22857142857146,5
2024-01-21,2,Food Stall,Tandoori Chicken,Dinner,"chicken, yogurt, tandoori masala, ginger, garlic",7.0,13.24,20.44,272,0,0,Sunny,6,1,21,1,7.200000000000001,1.54380664652568,13.440000000000001,0.6575342465753425,212.0,100.83333333333339,141.16666666666669,5
2024-01-21,10,Fine Dining,Nasi Lemak,Lunch,"rice, coconut milk, sambal, anchovies, egg, peanuts",2.5,14.76,13.63,391,0,0,Sunny,6,1,21,1,-1.129999999999999,0.9234417344173442,11.13,0.8165810711665444,674.0,576.1666666666666,485.07142857142856,6
2024-01-21,14,Food Stall,Cendol,Dinner,"rice flour jelly, coconut milk, palm sugar, red beans",2.0,4.28,4.27,409,1,0,Sunny,6,1,21,1,-0.010000000000000675,0.997663551401869,2.2699999999999996,0.5316159250585479,635.0,335.6111111111111,302.12380952380954,4
2024-01-21,15,Food Stall,Cendol,Lunch,"rice flour jelly, coconut milk, palm sugar, red beans",2.0,3.89,5.75,326,0,0,Cloudy,6,1,21,1,1.8599999999999999,1.4781491002570695,3.75,0.6521739130434783,635.0,335.6111111111111,302.12380952380954,4
2024-01-21,16,Food Stall,Tandoori Chicken,Dinner,"chicken, yogurt, tandoori masala, ginger, garlic",7.0,16.53,27.14,0,0,0,Sunny,6,1,21,1,10.61,1.6418632788868723,20.14,0.74207811348563,212.0,100.83333333333339,141.16666666666669,5
2024-01-21,19,Casual Dining,Teh Tarik,Lunch,"black tea, condensed milk, evaporated milk",0.9,2.36,3.66,377,0,0,Cloudy,6,1,21,1,1.3000000000000003,1.5508474576271187,2.7600000000000002,0.7540983606557378,934.0,668.9444444444445,604.4285714285714,3
2024-01-21,20,Casual Dining,Chicken Chop,Lunch,"chicken thigh, black pepper sauce, fries, coleslaw",8.0,20.36,48.56,100,0,0,Cloudy,6,1,21,1,28.200000000000003,2.3850687622789786,40.56,0.8352553542009885,179.0,96.22222222222221,144.47619047619045,4
2024-01-21,20,Casual Dining,Nasi Lemak,Lunch,"rice, coconut milk, sambal, anchovies, egg, peanuts",2.5,7.7,8.25,691,1,0,Cloudy,6,1,21,1,0.5499999999999998,1.0714285714285714,5.75,0.696969696969697,674.0,576.1666666666666,485.07142857142856,6
2024-01-21,20,Casual Dining,Spaghetti Carbonara,Dinner,"spaghetti, eggs, cheese, beef bacon, black pepper",9.0,25.18,48.42,69,0,0,Rainy,6,1,21,1,23.240000000000002,1.9229547259729944,39.42,0.8141263940520446,217.6,163.5333333333334,176.6095238095238,5
2024-01-21,21,Casual Dining,Cendol,Lunch,"rice flour jelly, coconut milk, palm sugar, red beans",2.0,6.12,10.34,272,0,0,Sunny,6,1,21,1,4.22,1.6895424836601307,8.34,0.8065764023210832,635.0,335.6111111111111,302.12380952380954,4
2024-01-21,22,Food Stall,Roti Canai,Breakfast,"flour, ghee, egg, water, curry",0.8,1.74,2.35,506,0,0,Sunny,6,1,21,1,0.6100000000000001,1.3505747126436782,1.55,0.6595744680851063,515.3333333333334,358.61111111111114,432.8,5
2024-01-21,23,Fine Dining,Iced Lemon Tea,Breakfast,"black tea, lemon, sugar syrup",1.2,5.51,6.18,524,0,0,Cloudy,6,1,21,1,0.6699999999999999,1.1215970961887478,4.9799999999999995,0.8058252427184466,280.875,280.9583333333333,417.73214285714283,3
2024-01-21,23,Fine Dining,Spaghetti Carbonara,Lunch,"spaghetti, eggs, cheese, beef bacon, black pepper",9.0,41.71,78.0,89,0,0,Rainy,6,1,21,1,36.29,1.8700551426516423,69.0,0.8846153846153846,217.6,163.5333333333334,176.6095238095238,5
2024-01-21,25,Fine Dining,Chicken Chop,Dinner,"chicken thigh, black pepper sauce, fries, coleslaw",8.0,39.49,54.95,279,0,0,Sunny,6,1,21,1,15.46,1.3914915168397062,46.95,0.8544131028207461,179.0,96.22222222222221,144.47619047619045,4
2024-01-21,25,Fine Dining,Nasi Lemak,Lunch,"rice, coconut milk, sambal, anchovies, egg, peanuts",2.5,12.64,15.73,268,0,0,Sunny,6,1,21,1,3.09,1.2444620253164558,13.23,0.8410680228862047,674.0,576.1666666666666,485.07142857142856,6
2024-01-21,27,Food Stall,Tandoori Chicken,Dinner,"chicken, yogurt, tandoori masala, ginger, garlic",7.0,17.16,32.31,127,0,0,Sunny,6,1,21,1,15.150000000000002,1.882867132867133,25.310000000000002,0.7833488084184463,212.0,100.83333333333339,141.16666666666669,5
2024-01-21,33,Cafe,Mushroom Soup,Lunch,"mushrooms, cream, onion, garlic, vegetable broth",3.5,11.96,17.94,0,0,0,Sunny,6,1,21,1,5.98,1.5,14.440000000000001,0.8049052396878484,193.0,203.77777777777783,119.73809523809526,5
2024-01-21,33,Cafe,Spaghetti Carbonara,Lunch,"spaghetti, eggs, cheese, beef bacon, black pepper",9.0,33.09,40.97,0,0,0,Cloudy,6,1,21,1,7.8799999999999955,1.23813841039589,31.97,0.7803270685867708,217.6,163.5333333333334,176.6095238095238,5
2024-01-21,35,Food Stall,Chicken Rice,Lunch,"chicken, rice, ginger, garlic, chili sauce, cucumber",4.0,9.93,13.48,210,0,0,Sunny,6,1,21,1,3.5500000000000007,1.3575025176233637,9.48,0.7032640949554896,111.0,199.5,270.64285714285717,6
2024-01-21,38,Fine Dining,Chicken Chop,Lunch,"chicken thigh, black pepper sauce, fries, coleslaw",8.0,45.18,67.36,93,0,0,Rainy,6,1,21,1,22.18,1.4909251881363434,59.36,0.8812351543942993,179.0,96.22222222222221,144.47619047619045,4
2024-01-21,42,Fine Dining,Beef Rendang,Lunch,"beef, coconut milk, galangal, lemongrass, spices, chili",9.0,50.6,55.59,155,0,0,Sunny,6,1,21,1,4.990000000000002,1.0986166007905138,46.59,0.8381003777657853,96.0,118.58333333333333,115.39285714285714,6
2024-01-21,46,Casual Dining,Chicken Chop,Dinner,"chicken thigh, black pepper sauce, fries, coleslaw",8.0,20.46,46.68,197,0,0,Rainy,6,1,21,1,26.22,2.2815249266862168,38.68,0.8286203941730934,179.0,96.22222222222221,144.47619047619045,4
2024-01-21,47,Food Stall,Teh Tarik,Lunch,"black tea, condensed milk, evaporated milk",0.9,2.0,2.16,1193,1,0,Cloudy,6,1,21,1,0.16000000000000014,1.08,1.2600000000000002,0.5833333333333334,934.0,668.9444444444445,604.4285714285714,3
2024-01-21,48,Casual Dining,Chicken Rice,Dinner,"chicken, rice, ginger, garlic, chili sauce, cucumber",4.0,13.84,21.7,248,0,0,Sunny,6,1,21,1,7.859999999999999,1.5679190751445087,17.7,0.815668202764977,111.0,199.5,270.64285714285717,6
2024-01-21,49,Kopitiam,Cendol,Lunch,"rice flour jelly, coconut milk, palm sugar, red beans",2.0,5.28,5.1,607,1,1,Sunny,6,1,21,1,-0.1800000000000006,0.9659090909090908,3.0999999999999996,0.6078431372549019,635.0,335.6111111111111,302.12380952380954,4
2024-01-21,49,Kopitiam,Chicken Rice,Dinner,"chicken, rice, ginger, garlic, chili sauce, cucumber",4.0,8.82,15.74,378,0,0,Cloudy,6,1,21,1,6.92,1.784580498866213,11.74,0.7458703939008895,111.0,199.5,270.64285714285717,6
2024-01-21,50,Food Stall,Tandoori Chicken,Dinner,"chicken, yogurt, tandoori masala, ginger, garlic",7.0,13.7,31.87,111,0,0,Sunny,6,1,21,1,18.17,2.326277372262774,24.87,0.7803577031691246,212.0,100.83333333333339,141.16666666666669,5
2024-01-22,1,Food Stall,Beef Rendang,Dinner,"beef, coconut milk, galangal, lemongrass, spices, chili",9.0,20.46,20.66,325,1,0,Sunny,0,0,22,1,0.1999999999999993,1.0097751710654936,11.66,0.564375605033882,155.0,119.33333333333333,126.10714285714286,6
2024-01-22,1,Food Stall,Cendol,Dinner,"rice flour jelly, coconut milk, palm sugar, red beans",2.0,4.41,6.89,260,0,0,Cloudy,0,0,22,1,2.4799999999999995,1.5623582766439907,4.89,0.7097242380261248,403.5,384.3333333333333,301.73809523809524,4
2024-01-22,2,Food Stall,Tandoori Chicken,Dinner,"chicken, yogurt, tandoori masala, ginger, garlic",7.0,16.27,18.76,284,1,0,Rainy,0,0,22,1,2.490000000000002,1.153042409342348,11.760000000000002,0.6268656716417911,127.5,143.3333333333334,125.66666666666667,5
2024-01-22,8,Casual Dining,Chicken Chop,Lunch,"chicken thigh, black pepper sauce, fries, coleslaw",8.0,22.06,30.25,350,1,0,Rainy,0,0,22,1,8.190000000000001,1.3712601994560292,22.25,0.7355371900826446,167.25,151.9722222222222,144.08333333333331,4
2024-01-22,9,Casual Dining,Nasi Lemak,Breakfast,"rice, coconut milk, sambal, anchovies, egg, peanuts",2.5,8.01,9.61,594,1,0,Sunny,0,0,22,1,1.5999999999999996,1.1997503121098627,7.109999999999999,0.7398543184183143,450.0,552.8333333333334,495.07142857142856,6
2024-01-22,13,Food Stall,Teh Tarik,Lunch,"black tea, condensed milk, evaporated milk",0.9,1.69,2.9,270,0,0,Sunny,0,0,22,1,1.21,1.7159763313609468,2.0,0.6896551724137931,785.0,705.5,631.4285714285714,3
2024-01-22,19,Casual Dining,Kaya Toast Set,Breakfast,"white bread, kaya, butter, soft-boiled eggs",2.8,7.5,13.77,410,0,0,Rainy,0,0,22,1,6.27,1.8359999999999999,10.969999999999999,0.7966594045025417,580.6666666666666,441.53333333333336,499.7333333333333,4
2024-01-22,21,Casual Dining,Kaya Toast Set,Breakfast,"white bread, kaya, butter, soft-boiled eggs",2.8,7.77,14.34,389,0,0,Sunny,0,0,22,1,6.57,1.8455598455598456,11.54,0.804741980474198,580.6666666666666,441.53333333333336,499.7333333333333,4
2024-01-22,23,Fine Dining,Beef Rendang,Lunch,"beef, coconut milk, galangal, lemongrass, spices, chili",9.0,46.36,68.82,147,0,0,Cloudy,0,0,22,1,22.459999999999994,1.484469370146678,59.81999999999999,0.8692240627724499,155.0,119.33333333333333,126.10714285714286,6
2024-01-22,26,Food Stall,Beef Rendang,Lunch,"beef, coconut milk, galangal, lemongrass, spices, chili",9.0,17.35,20.14,349,1,0,Cloudy,0,0,22,1,2.789999999999999,1.160806916426513,11.14,0.5531281032770606,155.0,119.33333333333333,126.10714285714286,6
2024-01-22,30,Cafe,Chicken Chop,Dinner,"chicken thigh, black pepper sauce, fries, coleslaw",8.0,26.19,40.03,0,0,0,Sunny,0,0,22,1,13.84,1.5284459717449408,32.03,0.8001498875843118,167.25,151.9722222222222,144.08333333333331,4
2024-01-22,30,Cafe,Mushroom Soup,Lunch,"mushrooms, cream, onion, garlic, vegetable broth",3.5,13.07,19.29,0,0,0,Cloudy,0,0,22,1,6.219999999999999,1.4758990053557766,15.79,0.8185588387765682,0.0,124.11111111111116,114.97619047619047,5
2024-01-22,32,Fine Dining,Iced Lemon Tea,Dinner,"black tea, lemon, sugar syrup",1.2,6.57,9.62,118,0,0,Sunny,0,0,22,1,3.049999999999999,1.4642313546423134,8.42,0.8752598752598754,524.0,308.625,447.5892857142857,3
2024-01-22,33,Cafe,Spaghetti Carbonara,Dinner,"spaghetti, eggs, cheese, beef bacon, black pepper",9.0,26.83,35.94,139,0,0,Cloudy,0,0,22,1,9.11,1.3395452851285874,26.939999999999998,0.7495826377295493,52.666666666666664,138.75555555555565,142.84761904761905,5
2024-01-22,34,Casual Dining,Char Kway Teow,Lunch,"flat rice noodles, prawns, cockles, bean sprouts, chives, soy sauce",5.0,14.97,28.98,45,0,0,Cloudy,0,0,22,1,14.01,1.9358717434869739,23.98,0.8274672187715666,396.0,168.66666666666666,162.21428571428572,6
2024-01-22,34,Casual Dining,Kaya Toast Set,Breakfast,"white bread, kaya, butter, soft-boiled eggs",2.8,7.83,13.44,371,0,0,Cloudy,0,0,22,1,5.609999999999999,1.7164750957854404,10.64,0.7916666666666667,580.6666666666666,441.53333333333336,499.7333333333333,4
2024-01-22,36,Food Stall,Tandoori Chicken,Dinner,"chicken, yogurt, tandoori masala, ginger, garlic",7.0,16.54,28.0,92,0,0,Cloudy,0,0,22,1,11.46,1.6928657799274487,21.0,0.75,127.5,143.3333333333334,125.66666666666667,5
2024-01-22,37,Food Stall,Char Kway Teow,Lunch,"flat rice noodles, prawns, cockles, bean sprouts, chives, soy sauce",5.0,10.97,18.48,0,0,0,Sunny,0,0,22,1,7.51,1.6845943482224248,13.48,0.7294372294372294,396.0,168.66666666666666,162.21428571428572,6
2024-01-22,39,Casual Dining,Spaghetti Carbonara,Dinner,"spaghetti, eggs, cheese, beef bacon, black pepper",9.0,25.6,35.38,150,1,0,Sunny,0,0,22,1,9.780000000000001,1.38203125,26.380000000000003,0.7456189937817976,52.666666666666664,138.75555555555565,142.84761904761905,5
2024-01-22,40,Food Stall,Nasi Lemak,Breakfast,"rice, coconut milk, sambal, anchovies, egg, peanuts",2.5,6.15,5.28,566,1,0,Sunny,0,0,22,1,-0.8700000000000001,0.8585365853658536,2.7800000000000002,0.5265151515151515,450.0,552.8333333333334,495.07142857142856,6
2024-01-22,44,Food Stall,Kaya Toast Set,Breakfast,"white bread, kaya, butter, soft-boiled eggs",2.8,5.9,6.38,817,1,0,Sunny,0,0,22,1,0.47999999999999954,1.0813559322033897,3.58,0.5611285266457681,580.6666666666666,441.53333333333336,499.7333333333333,4
2024-01-23,1,Food Stall,Nasi Lemak,Breakfast,"rice, coconut milk, sambal, anchovies, egg, peanuts",2.5,5.4,9.18,187,0,0,Sunny,1,0,23,1,3.7799999999999994,1.6999999999999997,6.68,0.7276688453159041,580.0,568.0,506.2142857142857,6
2024-01-23,2,Food Stall,Roti Canai,Breakfast,"flour, ghee, egg, water, curry",0.8,2.02,2.08,460,0,1,Sunny,1,0,23,1,0.06000000000000005,1.0297029702970297,1.28,0.6153846153846154,506.0,485.2777777777778,437.56190476190477,5
2024-01-23,3,Cafe,Chicken Chop,Lunch,"chicken thigh, black pepper sauce, fries, coleslaw",8.0,30.85,38.97,82,0,0,Rainy,1,0,23,1,8.119999999999997,1.2632090761750405,30.97,0.7947138824736977,175.0,173.75,149.94047619047618,4
2024-01-23,3,Cafe,Mushroom Soup,Lunch,"mushrooms, cream, onion, garlic, vegetable broth",3.5,14.29,15.65,62,0,0,Sunny,1,0,23,1,1.3600000000000012,1.0951714485654305,12.15,0.7763578274760383,0.0,64.33333333333337,99.54761904761904,5
2024-01-23,8,Casual Dining,Chicken Chop,Lunch,"chicken thigh, black pepper sauce, fries, coleslaw",8.0,24.89,40.73,240,0,0,Sunny,1,0,23,1,15.839999999999996,1.636400160707111,32.73,0.8035845813896391,175.0,173.75,149.94047619047618,4
2024-01-23,16,Food Stall,Roti Canai,Breakfast,"flour, ghee, egg, water, curry",0.8,1.77,2.14,473,0,0,Cloudy,1,0,23,1,0.3700000000000001,1.2090395480225988,1.34,0.6261682242990654,506.0,485.2777777777778,437.56190476190477,5
2024-01-23,16,Food Stall,Tandoori Chicken,Dinner,"chicken, yogurt, tandoori masala, ginger, garlic",7.0,17.88,17.21,160,1,0,Sunny,1,0,23,1,-0.6699999999999982,0.9625279642058167,10.21,0.5932597327135387,188.0,175.8333333333334,131.23809523809524,5
2024-01-23,18,Food Stall,Tandoori Chicken,Dinner,"chicken, yogurt, tandoori masala, ginger, garlic",7.0,15.53,30.76,30,0,0,Cloudy,1,0,23,1,15.230000000000002,1.9806825499034129,23.76,0.7724317295188556,188.0,175.8333333333334,131.23809523809524,5
2024-01-23,19,Casual Dining,Cendol,Lunch,"rice flour jelly, coconut milk, palm sugar, red beans",2.0,5.86,12.17,17,0,0,Cloudy,1,0,23,1,6.31,2.07679180887372,10.17,0.8356614626129828,260.0,432.8333333333333,292.5238095238095,4
2024-01-23,25,Fine Dining,Spaghetti Carbonara,Lunch,"spaghetti, eggs, cheese, beef bacon, black pepper",9.0,49.27,78.22,127,0,0,Sunny,1,0,23,1,28.949999999999996,1.5875786482646639,69.22,0.8849399130657121,144.5,138.25555555555562,126.63333333333333,5
2024-01-23,34,Casual Dining,Chicken Rice,Dinner,"chicken, rice, ginger, garlic, chili sauce, cucumber",4.0,10.83,20.55,132,0,0,Cloudy,1,0,23,1,9.72,1.8975069252077563,16.55,0.805352798053528,278.6666666666667,206.55555555555557,286.1666666666667,6
2024-01-23,35,Food Stall,Chicken Rice,Lunch,"chicken, rice, ginger, garlic, chili sauce, cucumber",4.0,8.05,15.35,240,0,0,Sunny,1,0,23,1,7.299999999999999,1.9068322981366457,11.35,0.739413680781759,278.6666666666667,206.55555555555557,286.1666666666667,6
2024-01-23,39,Casual Dining,Teh Tarik,Lunch,"black tea, condensed milk, evaporated milk",0.9,2.81,3.51,677,0,1,Sunny,1,0,23,1,0.6999999999999997,1.2491103202846974,2.61,0.7435897435897436,270.0,663.0,548.047619047619,3
2024-01-23,42,Fine Dining,Chicken Chop,Dinner,"chicken thigh, black pepper sauce, fries, coleslaw",8.0,33.99,42.12,176,1,0,Sunny,1,0,23,1,8.129999999999995,1.2391879964695498,34.12,0.8100664767331434,175.0,173.75,149.94047619047618,4
2024-01-23,43,Casual Dining,Chicken Chop,Lunch,"chicken thigh, black pepper sauce, fries, coleslaw",8.0,24.93,43.03,46,0,0,Rainy,1,0,23,1,18.1,1.726032892097874,35.03,0.8140831977689984,175.0,173.75,149.94047619047618,4
2024-01-23,46,Casual Dining,Cendol,Dinner,"rice flour jelly, coconut milk, palm sugar, red beans",2.0,6.6,9.65,256,0,0,Cloudy,1,0,23,1,3.0500000000000007,1.4621212121212122,7.65,0.7927461139896373,260.0,432.8333333333333,292.5238095238095,4
2024-01-23,47,Food Stall,Teh Tarik,Dinner,"black tea, condensed milk, evaporated milk",0.9,2.47,3.23,255,0,0,Rainy,1,0,23,1,0.7599999999999998,1.3076923076923075,2.33,0.7213622291021672,270.0,663.0,548.047619047619,3
2024-01-23,49,Kopitiam,Kaya Toast Set,Breakfast,"white bread, kaya, butter, soft-boiled eggs",2.8,6.77,8.27,423,0,0,Cloudy,1,0,23,1,1.5,1.2215657311669128,5.47,0.6614268440145102,496.75,511.33888888888896,494.45952380952383,4
2024-01-24,3,Cafe,Chicken Chop,Lunch,"chicken thigh, black pepper sauce, fries, coleslaw",8.0,23.8,34.91,260,0,0,Sunny,2,0,24,1,11.109999999999996,1.4668067226890755,26.909999999999997,0.7708393010598682,136.0,159.41666666666666,139.79761904761904,4
2024-01-24,5,Cafe,Spaghetti Carbonara,Dinner,"spaghetti, eggs, cheese, beef bacon, black pepper",9.0,31.82,49.63,67,0,0,Rainy,2,0,24,1,17.810000000000002,1.5597108736643621,40.63,0.8186580697158976,127.0,108.05555555555561,125.49047619047619,5
2024-01-24,10,Fine Dining,Nasi Lemak,Breakfast,"rice, coconut milk, sambal, anchovies, egg, peanuts",2.5,14.47,16.23,269,0,0,Cloudy,2,0,24,1,1.7599999999999998,1.1216309606081547,13.73,0.8459642637091805,187.0,405.6666666666667,465.92857142857144,6
2024-01-24,10,Fine Dining,Nasi Lemak,Breakfast,"rice, coconut milk, sambal, anchovies, egg, peanuts",2.5,9.9,13.78,348,0,0,Rainy,2,0,24,1,3.879999999999999,1.3919191919191918,11.28,0.818577648766328,187.0,405.6666666666667,465.92857142857144,6
2024-01-24,11,Food Stall,Kaya Toast Set,Breakfast,"white bread, kaya, butter, soft-boiled eggs",2.8,7.97,8.55,426,0,0,Sunny,2,0,24,1,0.580000000000001,1.0727728983688833,5.750000000000001,0.672514619883041,423.0,500.1388888888889,477.36428571428576,4
2024-01-24,11,Food Stall,Laksa,Lunch,"rice noodles, fish broth, tamarind, shrimp paste, cucumber, mint",4.5,12.92,15.65,86,0,0,Sunny,2,0,24,1,2.7300000000000004,1.2113003095975232,11.15,0.7124600638977636,330.0,286.66666666666674,233.33333333333331,6
2024-01-24,13,Food Stall,Kaya Toast Set,Breakfast,"white bread, kaya, butter, soft-boiled eggs",2.8,6.61,9.58,397,0,0,Sunny,2,0,24,1,2.9699999999999998,1.4493192133131618,6.78,0.7077244258872651,423.0,500.1388888888889,477.36428571428576,4
2024-01-24,13,Food Stall,Nasi Lemak,Breakfast,"rice, coconut milk, sambal, anchovies, egg, peanuts",2.5,5.91,10.04,133,0,0,Sunny,2,0,24,1,4.129999999999999,1.6988155668358713,7.539999999999999,0.750996015936255,187.0,405.6666666666667,465.92857142857144,6
2024-01-24,15,Food Stall,Beef Rendang,Lunch,"beef, coconut milk, galangal, lemongrass, spices, chili",9.0,17.58,39.48,12,0,0,Rainy,2,0,24,1,21.9,2.2457337883959045,30.479999999999997,0.7720364741641337,273.6666666666667,174.8888888888889,150.13095238095238,6
2024-01-24,15,Food Stall,Teh Tarik,Dinner,"black tea, condensed milk, evaporated milk",0.9,2.1,3.09,318,0,0,Sunny,2,0,24,1,0.9899999999999998,1.4714285714285713,2.19,0.7087378640776699,466.0,507.0,543.9761904761905,3
2024-01-24,17,Food Stall,Laksa,Lunch,"rice noodles, fish broth, tamarind, shrimp paste, cucumber, mint",4.5,10.27,13.52,153,0,0,Rainy,2,0,24,1,3.25,1.3164556962025316,9.02,0.6671597633136095,330.0,286.66666666666674,233.33333333333331,6
2024-01-24,18,Food Stall,Roti Canai,Breakfast,"flour, ghee, egg, water, curry",0.8,1.51,2.19,358,0,0,Sunny,2,0,24,1,0.6799999999999999,1.4503311258278144,1.39,0.634703196347032,466.5,495.9444444444445,396.70476190476194,5
2024-01-24,18,Food Stall,Tandoori Chicken,Dinner,"chicken, yogurt, tandoori masala, ginger, garlic",7.0,17.3,29.11,43,0,0,Sunny,2,0,24,1,11.809999999999999,1.682658959537572,22.11,0.7595328065956716,95.0,136.8333333333334,119.3809523809524,5
2024-01-24,20,Casual Dining,Spaghetti Carbonara,Dinner,"spaghetti, eggs, cheese, beef bacon, black pepper",9.0,31.04,55.86,48,0,0,Cloudy,2,0,24,1,24.82,1.7996134020618557,46.86,0.8388829215896885,127.0,108.05555555555561,125.49047619047619,5
2024-01-24,21,Casual Dining,Iced Lemon Tea,Breakfast,"black tea, lemon, sugar syrup",1.2,4.02,6.42,230,0,0,Cloudy,2,0,24,1,2.4000000000000004,1.5970149253731345,5.22,0.8130841121495327,118.0,307.625,407.5892857142857,3
2024-01-24,22,Food Stall,Tandoori Chicken,Dinner,"chicken, yogurt, tandoori masala, ginger, garlic",7.0,16.03,16.53,197,1,0,Rainy,2,0,24,1,0.5,1.0311915159076732,9.530000000000001,0.5765275257108288,95.0,136.8333333333334,119.3809523809524,5
2024-01-24,27,Food Stall,Tandoori Chicken,Dinner,"chicken, yogurt, tandoori masala, ginger, garlic",7.0,18.0,16.22,336,1,0,Sunny,2,0,24,1,-1.7800000000000011,0.9011111111111111,9.219999999999999,0.5684340320591862,95.0,136.8333333333334,119.3809523809524,5
2024-01-24,29,Food Stall,Cendol,Lunch,"rice flour jelly, coconut milk, palm sugar, red beans",2.0,3.61,7.09,101,0,0,Sunny,2,0,24,1,3.48,1.9639889196675901,5.09,0.7179125528913963,136.5,266.6666666666667,280.88095238095235,4
2024-01-24,39,Casual Dining,Spaghetti Carbonara,Lunch,"spaghetti, eggs, cheese, beef bacon, black pepper",9.0,28.71,49.72,163,0,0,Sunny,2,0,24,1,21.009999999999998,1.7318007662835249,40.72,0.8189863234111021,127.0,108.05555555555561,125.49047619047619,5
2024-01-24,41,Cafe,Cendol,Dinner,"rice flour jelly, coconut milk, palm sugar, red beans",2.0,6.56,10.04,61,0,0,Sunny,2,0,24,1,3.4799999999999995,1.5304878048780488,8.04,0.8007968127490039,136.5,266.6666666666667,280.88095238095235,4
2024-01-24,42,Fine Dining,Mushroom Soup,Lunch,"mushrooms, cream, onion, garlic, vegetable broth",3.5,14.92,26.64,115,0,0,Sunny,2,0,24,1,11.72,1.7855227882037534,23.14,0.8686186186186187,62.0,20.666666666666703,108.4047619047619,5
2024-01-24,43,Casual Dining,Iced Lemon Tea,Dinner,"black tea, lemon, sugar syrup",1.2,3.32,5.79,154,0,0,Sunny,2,0,24,1,2.47,1.743975903614458,4.59,0.7927461139896372,118.0,307.625,407.5892857142857,3
2024-01-24,43,Casual Dining,Teh Tarik,Lunch,"black tea, condensed milk, evaporated milk",0.9,2.34,3.48,395,0,0,Sunny,2,0,24,1,1.1400000000000001,1.4871794871794872,2.58,0.7413793103448276,466.0,507.0,543.9761904761905,3
2024-01-24,44,Food Stall,Cendol,Dinner,"rice flour jelly, coconut milk, palm sugar, red beans",2.0,5.43,6.55,141,0,0,Cloudy,2,0,24,1,1.12,1.2062615101289136,4.55,0.6946564885496184,136.5,266.6666666666667,280.88095238095235,4
2024-01-24,45,Food Stall,Kaya Toast Set,Breakfast,"white bread, kaya, butter, soft-boiled eggs",2.8,6.72,7.52,347,0,0,Sunny,2,0,24,1,0.7999999999999998,1.119047619047619,4.72,0.6276595744680851,423.0,500.1388888888889,477.36428571428576,4
2024-01-24,46,Casual Dining,Teh Tarik,Breakfast,"black tea, condensed milk, evaporated milk",0.9,3.13,4.01,445,0,0,Sunny,2,0,24,1,0.8799999999999999,1.2811501597444088,3.11,0.7755610972568578,466.0,507.0,543.9761904761905,3
2024-01-25,3,Cafe,Chicken Chop,Dinner,"chicken thigh, black pepper sauce, fries, coleslaw",8.0,30.64,28.33,296,0,0,Rainy,3,0,25,1,-2.3100000000000023,0.9246083550913837,20.33,0.7176138369219908,260.0,190.33333333333334,146.70238095238096,4
2024-01-25,4,Cafe,Cendol,Dinner,"rice flour jelly, coconut milk, palm sugar, red beans",2.0,7.35,10.03,21,0,0,Sunny,3,0,25,1,2.6799999999999997,1.364625850340136,8.03,0.8005982053838484,101.0,165.83333333333334,272.5476190476191,4
2024-01-25,4,Cafe,Iced Lemon Tea,Breakfast,"black tea, lemon, sugar syrup",1.2,4.4,3.96,520,0,0,Cloudy,3,0,25,1,-0.4400000000000004,0.8999999999999999,2.76,0.6969696969696969,192.0,278.0,303.44642857142856,3
2024-01-25,6,Fine Dining,Mushroom Soup,Dinner,"mushrooms, cream, onion, garlic, vegetable broth",3.5,19.57,30.96,112,0,0,Cloudy,3,0,25,1,11.39,1.5820132856412876,27.46,0.8869509043927649,115.0,59.000000000000036,112.6190476190476,5
2024-01-25,6,Fine Dining,Mushroom Soup,Dinner,"mushrooms, cream, onion, garlic, vegetable broth",3.5,15.15,28.58,72,0,0,Cloudy,3,0,25,1,13.429999999999998,1.8864686468646863,25.08,0.8775367389783065,115.0,59.000000000000036,112.6190476190476,5
2024-01-25,6,Fine Dining,Spaghetti Carbonara,Lunch,"spaghetti, eggs, cheese, beef bacon, black pepper",9.0,36.81,58.28,193,0,0,Sunny,3,0,25,1,21.47,1.5832654170062483,49.28,0.8455730954015099,92.66666666666667,121.38888888888896,129.63333333333335,5
2024-01-25,6,Fine Dining,Spaghetti Carbonara,Dinner,"spaghetti, eggs, cheese, beef bacon, black pepper",9.0,49.91,60.88,277,0,1,Sunny,3,0,25,1,10.970000000000006,1.2197956321378483,51.88,0.8521681997371879,92.66666666666667,121.38888888888896,129.63333333333335,5
2024-01-25,10,Fine Dining,Mushroom Soup,Dinner,"mushrooms, cream, onion, garlic, vegetable broth",3.5,19.1,24.96,10,0,0,Sunny,3,0,25,1,5.859999999999999,1.306806282722513,21.46,0.8597756410256411,115.0,59.000000000000036,112.6190476190476,5
2024-01-25,16,Food Stall,Roti Canai,Breakfast,"flour, ghee, egg, water, curry",0.8,1.49,2.26,555,0,0,Sunny,3,0,25,1,0.7699999999999998,1.5167785234899327,1.4599999999999997,0.6460176991150441,358.0,443.50000000000006,386.3333333333333,5
2024-01-25,16,Food Stall,Tandoori Chicken,Dinner,"chicken, yogurt, tandoori masala, ginger, garlic",7.0,16.05,25.51,2,0,0,Cloudy,3,0,25,1,9.46,1.5894080996884736,18.51,0.7255978047824383,192.0,158.3333333333334,129.28571428571428,5
2024-01-25,18,Food Stall,Tandoori Chicken,Dinner,"chicken, yogurt, tandoori masala, ginger, garlic",7.0,17.6,24.6,113,0,0,Sunny,3,0,25,1,7.0,1.3977272727272727,17.6,0.7154471544715447,192.0,158.3333333333334,129.28571428571428,5
2024-01-25,19,Casual Dining,Char Kway Teow,Lunch,"flat rice noodles, prawns, cockles, bean sprouts, chives, soy sauce",5.0,16.37,28.98,147,0,0,Sunny,3,0,25,1,12.61,1.7703115455100793,23.98,0.8274672187715666,22.5,176.16666666666666,165.0,6
2024-01-25,19,Casual Dining,Char Kway Teow,Lunch,"flat rice noodles, prawns, cockles, bean sprouts, chives, soy sauce",5.0,16.53,22.5,315,0,0,Sunny,3,0,25,1,5.969999999999999,1.3611615245009074,17.5,0.7777777777777778,22.5,176.16666666666666,165.0,6
2024-01-25,20,Casual Dining,Chicken Chop,Dinner,"chicken thigh, black pepper sauce, fries, coleslaw",8.0,23.11,37.9,293,0,0,Sunny,3,0,25,1,14.79,1.6399826914755518,29.9,0.7889182058047494,260.0,190.33333333333334,146.70238095238096,4
2024-01-25,20,Casual Dining,Kaya Toast Set,Breakfast,"white bread, kaya, butter, soft-boiled eggs",2.8,9.63,11.48,438,0,0,Cloudy,3,0,25,1,1.8499999999999996,1.1921079958463137,8.68,0.7560975609756097,390.0,436.5833333333334,436.7642857142857,4
2024-01-25,20,Casual Dining,Mushroom Soup,Dinner,"mushrooms, cream, onion, garlic, vegetable broth",3.5,10.02,22.26,112,0,0,Sunny,3,0,25,1,12.240000000000002,2.221556886227545,18.76,0.8427672955974843,115.0,59.000000000000036,112.6190476190476,5
2024-01-25,25,Fine Dining,Chicken Chop,Lunch,"chicken thigh, black pepper sauce, fries, coleslaw",8.0,38.77,35.03,455,1,0,Cloudy,3,0,25,1,-3.740000000000002,0.9035336600464277,27.03,0.771624322009706,260.0,190.33333333333334,146.70238095238096,4
2024-01-25,26,Food Stall,Beef Rendang,Lunch,"beef, coconut milk, galangal, lemongrass, spices, chili",9.0,18.01,27.96,220,0,0,Cloudy,3,0,25,1,9.95,1.55247084952804,18.96,0.6781115879828327,12.0,146.88888888888889,125.3452380952381,6
2024-01-25,27,Food Stall,Tandoori Chicken,Dinner,"chicken, yogurt, tandoori masala, ginger, garlic",7.0,16.55,25.76,8,0,0,Cloudy,3,0,25,1,9.21,1.5564954682779457,18.76,0.7282608695652174,192.0,158.3333333333334,129.28571428571428,5
2024-01-25,29,Food Stall,Chicken Rice,Lunch,"chicken, rice, ginger, garlic, chili sauce, cucumber",4.0,9.04,8.6,409,1,0,Rainy,3,0,25,1,-0.4399999999999995,0.9513274336283186,4.6,0.5348837209302325,186.0,191.8888888888889,244.30952380952382,6
2024-01-25,30,Cafe,Teh Tarik,Dinner,"black tea, condensed milk, evaporated milk",0.9,2.74,3.87,573,0,0,Cloudy,3,0,25,1,1.13,1.4124087591240875,2.97,0.7674418604651163,386.0,374.00000000000006,559.1190476190476,3
2024-01-25,34,Casual Dining,Kaya Toast Set,Breakfast,"white bread, kaya, butter, soft-boiled eggs",2.8,9.64,14.02,801,0,0,Sunny,3,0,25,1,4.379999999999999,1.454356846473029,11.219999999999999,0.8002853067047075,390.0,436.5833333333334,436.7642857142857,4
2024-01-25,37,Food Stall,Char Kway Teow,Lunch,"flat rice noodles, prawns, cockles, bean sprouts, chives, soy sauce",5.0,11.34,16.71,151,0,0,Sunny,3,0,25,1,5.370000000000001,1.4735449735449737,11.71,0.7007779772591263,22.5,176.16666666666666,165.0,6
2024-01-25,45,Food Stall,Cendol,Lunch,"rice flour jelly, coconut milk, palm sugar, red beans",2.0,4.2,4.03,627,1,0,Sunny,3,0,25,1,-0.16999999999999993,0.9595238095238096,2.0300000000000002,0.5037220843672456,101.0,165.83333333333334,272.5476190476191,4
2024-01-25,46,Casual Dining,Cendol,Lunch,"rice flour jelly, coconut milk, palm sugar, red beans",2.0,6.74,9.94,278,0,0,Sunny,3,0,25,1,3.1999999999999993,1.4747774480712166,7.9399999999999995,0.7987927565392354,101.0,165.83333333333334,272.5476190476191,4
2024-01-25,47,Food Stall,Cendol,Lunch,"rice flour jelly, coconut milk, palm sugar, red beans",2.0,5.16,5.45,565,1,0,Cloudy,3,0,25,1,0.29000000000000004,1.056201550387597,3.45,0.6330275229357798,101.0,165.83333333333334,272.5476190476191,4
2024-01-25,48,Casual Dining,Kaya Toast Set,Breakfast,"white bread, kaya, butter, soft-boiled eggs",2.8,8.29,13.98,430,0,0,Sunny,3,0,25,1,5.690000000000001,1.6863691194209893,11.18,0.7997138769670958,390.0,436.5833333333334,436.7642857142857,4
2024-01-25,50,Food Stall,Roti Canai,Dinner,"flour, ghee, egg, water, curry",0.8,2.08,2.65,500,0,0,Sunny,3,0,25,1,0.5699999999999998,1.2740384615384615,1.8499999999999999,0.6981132075471698,358.0,443.50000000000006,386.3333333333333,5
2024-01-25,50,Food Stall,Roti Canai,Breakfast,"flour, ghee, egg, water, curry",0.8,1.62,2.67,469,0,0,Rainy,3,0,25,1,1.0499999999999998,1.648148148148148,1.8699999999999999,0.7003745318352059,358.0,443.50000000000006,386.3333333333333,5
2024-01-26,4,Cafe,Spaghetti Carbonara,Dinner,"spaghetti, eggs, cheese, beef bacon, black pepper",9.0,34.79,36.99,158,0,0,Sunny,4,0,26,1,2.200000000000003,1.0632365622305262,27.990000000000002,0.7566909975669099,235.0,151.55555555555563,145.06190476190477,5
2024-01-26,6,Fine Dining,Iced Lemon Tea,Breakfast,"black tea, lemon, sugar syrup",1.2,5.24,7.67,315,0,0,Sunny,4,0,26,1,2.4299999999999997,1.463740458015267,6.47,0.8435462842242503,520.0,276.6666666666667,313.8392857142857,3
2024-01-26,6,Fine Dining,Iced Lemon Tea,Lunch,"black tea, lemon, sugar syrup",1.2,6.03,7.47,177,0,0,Sunny,4,0,26,1,1.4399999999999995,1.2388059701492535,6.27,0.8393574297188755,520.0,276.6666666666667,313.8392857142857,3
2024-01-26,6,Fine Dining,Mushroom Soup,Lunch,"mushrooms, cream, onion, garlic, vegetable broth",3.5,15.74,25.77,0,0,0,Rainy,4,0,26,1,10.03,1.6372299872935197,22.27,0.8641831587116803,76.5,84.50000000000004,89.4047619047619,5
2024-01-26,9,Casual Dining,Nasi Lemak,Breakfast,"rice, coconut milk, sambal, anchovies, egg, peanuts",2.5,7.17,13.4,146,0,0,Sunny,4,0,26,1,6.23,1.8688981868898187,10.9,0.8134328358208955,250.0,339.00000000000006,456.5,6
2024-01-26,11,Food Stall,Cendol,Dinner,"rice flour jelly, coconut milk, palm sugar, red beans",2.0,4.34,7.3,115,0,0,Sunny,4,0,26,1,2.96,1.6820276497695852,5.3,0.726027397260274,372.75,203.41666666666666,289.0357142857143,4
2024-01-26,11,Food Stall,Teh Tarik,Breakfast,"black tea, condensed milk, evaporated milk",0.9,1.85,2.64,722,0,0,Sunny,4,0,26,1,0.79,1.427027027027027,1.7400000000000002,0.6590909090909092,573.0,475.00000000000006,544.5,3
2024-01-26,15,Food Stall,Kaya Toast Set,Breakfast,"white bread, kaya, butter, soft-boiled eggs",2.8,6.01,8.58,310,0,0,Sunny,4,0,26,1,2.5700000000000003,1.4276206322795342,5.78,0.6736596736596737,556.3333333333334,456.4444444444445,455.81190476190477,4
2024-01-26,18,Food Stall,Roti Canai,Dinner,"flour, ghee, egg, water, curry",0.8,1.76,1.39,465,1,0,Sunny,4,0,26,1,-0.3700000000000001,0.7897727272727272,0.5899999999999999,0.4244604316546762,508.0,444.16666666666674,416.3333333333333,5
2024-01-26,20,Casual Dining,Beef Rendang,Dinner,"beef, coconut milk, galangal, lemongrass, spices, chili",9.0,29.22,45.09,408,0,0,Sunny,4,0,26,1,15.870000000000005,1.5431211498973307,36.09,0.8003992015968064,220.0,168.55555555555557,145.20238095238096,6
2024-01-26,20,Casual Dining,Iced Lemon Tea,Breakfast,"black tea, lemon, sugar syrup",1.2,3.05,7.76,0,0,0,Cloudy,4,0,26,1,4.71,2.544262295081967,6.56,0.845360824742268,520.0,276.6666666666667,313.8392857142857,3
2024-01-26,23,Fine Dining,Iced Lemon Tea,Lunch,"black tea, lemon, sugar syrup",1.2,5.53,4.08,496,1,0,Rainy,4,0,26,1,-1.4500000000000002,0.7377938517179023,2.88,0.7058823529411764,520.0,276.6666666666667,313.8392857142857,3
2024-01-26,26,Food Stall,Kaya Toast Set,Breakfast,"white bread, kaya, butter, soft-boiled eggs",2.8,6.26,9.69,320,0,0,Rainy,4,0,26,1,3.4299999999999997,1.5479233226837061,6.89,0.7110423116615067,556.3333333333334,456.4444444444445,455.81190476190477,4
2024-01-26,27,Food Stall,Roti Canai,Dinner,"flour, ghee, egg, water, curry",0.8,1.95,2.46,270,0,0,Cloudy,4,0,26,1,0.51,1.2615384615384615,1.66,0.6747967479674797,508.0,444.16666666666674,416.3333333333333,5
2024-01-26,29,Food Stall,Cendol,Dinner,"rice flour jelly, coconut milk, palm sugar, red beans",2.0,5.0,7.88,239,0,0,Rainy,4,0,26,1,2.88,1.576,5.88,0.7461928934010152,372.75,203.41666666666666,289.0357142857143,4
2024-01-26,34,Casual Dining,Cendol,Dinner,"rice flour jelly, coconut milk, palm sugar, red beans",2.0,5.76,12.98,19,0,0,Rainy,4,0,26,1,7.220000000000001,2.2534722222222223,10.98,0.8459167950693375,372.75,203.41666666666666,289.0357142857143,4
2024-01-26,34,Casual Dining,Cendol,Lunch,"rice flour jelly, coconut milk, palm sugar, red beans",2.0,6.52,13.68,110,0,0,Sunny,4,0,26,1,7.16,2.098159509202454,11.68,0.8538011695906432,372.75,203.41666666666666,289.0357142857143,4
2024-01-26,35,Food Stall,Char Kway Teow,Lunch,"flat rice noodles, prawns, cockles, bean sprouts, chives, soy sauce",5.0,11.9,19.29,57,0,0,Cloudy,4,0,26,1,7.389999999999999,1.6210084033613443,14.29,0.7407983411093831,204.33333333333334,207.61111111111111,176.33333333333331,6
2024-01-26,37,Food Stall,Chicken Rice,Dinner,"chicken, rice, ginger, garlic, chili sauce, cucumber",4.0,8.89,13.91,157,0,0,Rainy,4,0,26,1,5.02,1.5646794150731158,9.91,0.7124370956146657,409.0,291.22222222222223,260.73809523809524,6
2024-01-26,40,Food Stall,Cendol,Lunch,"rice flour jelly, coconut milk, palm sugar, red beans",2.0,3.9,6.34,356,0,0,Cloudy,4,0,26,1,2.44,1.6256410256410256,4.34,0.6845425867507886,372.75,203.41666666666666,289.0357142857143,4
2024-01-26,40,Food Stall,Kaya Toast Set,Breakfast,"white bread, kaya, butter, soft-boiled eggs",2.8,5.18,9.35,364,0,0,Sunny,4,0,26,1,4.17,1.805019305019305,6.55,0.7005347593582888,556.3333333333334,456.4444444444445,455.81190476190477,4
2024-01-26,43,Casual Dining,Iced Lemon Tea,Dinner,"black tea, lemon, sugar syrup",1.2,4.14,5.51,280,0,0,Cloudy,4,0,26,1,1.37,1.3309178743961354,4.31,0.7822141560798548,520.0,276.6666666666667,313.8392857142857,3
2024-01-26,44,Food Stall,Kaya Toast Set,Breakfast,"white bread, kaya, butter, soft-boiled eggs",2.8,5.79,9.66,269,0,0,Sunny,4,0,26,1,3.87,1.6683937823834196,6.86,0.7101449275362319,556.3333333333334,456.4444444444445,455.81190476190477,4
2024-01-26,45,Food Stall,Kaya Toast Set,Breakfast,"white bread, kaya, butter, soft-boiled eggs",2.8,5.63,8.51,393,0,0,Rainy,4,0,26,1,2.88,1.5115452930728241,5.71,0.6709753231492362,556.3333333333334,456.4444444444445,455.81190476190477,4
2024-01-26,46,Casual Dining,Mushroom Soup,Dinner,"mushrooms, cream, onion, garlic, vegetable broth",3.5,10.44,13.29,266,1,0,Sunny,4,0,26,1,2.8499999999999996,1.2729885057471264,9.79,0.7366440933032355,76.5,84.50000000000004,89.4047619047619,5
2024-01-26,47,Food Stall,Laksa,Lunch,"rice noodles, fish broth, tamarind, shrimp paste, cucumber, mint",4.5,9.98,20.27,35,0,0,Sunny,4,0,26,1,10.29,2.0310621242484967,15.77,0.7779970399605328,119.5,194.50000000000003,224.11904761904762,6
2024-01-26,48,Casual Dining,Char Kway Teow,Lunch,"flat rice noodles, prawns, cockles, bean sprouts, chives, soy sauce",5.0,15.51,14.18,367,1,0,Sunny,4,0,26,1,-1.33,0.9142488716956803,9.18,0.6473906911142454,204.33333333333334,207.61111111111111,176.33333333333331,6
2024-01-26,49,Kopitiam,Cendol,Lunch,"rice flour jelly, coconut milk, palm sugar, red beans",2.0,4.84,5.97,345,0,0,Sunny,4,0,26,1,1.13,1.2334710743801653,3.9699999999999998,0.6649916247906198,372.75,203.41666666666666,289.0357142857143,4
2024-01-27,4,Cafe,Beef Rendang,Dinner,"beef, coconut milk, galangal, lemongrass, spices, chili",9.0,33.33,27.68,85,1,0,Cloudy,5,1,27,1,-5.649999999999999,0.8304830483048306,18.68,0.6748554913294798,408.0,213.33333333333334,181.66666666666669,6
2024-01-27,4,Cafe,Chicken Chop,Lunch,"chicken thigh, black pepper sauce, fries, coleslaw",8.0,25.56,34.05,289,0,0,Cloudy,5,1,27,1,8.489999999999998,1.3321596244131455,26.049999999999997,0.7650513950073421,348.0,248.0,196.41666666666669,4
2024-01-27,4,Cafe,Chicken Chop,Lunch,"chicken thigh, black pepper sauce, fries, coleslaw",8.0,28.7,39.74,160,0,0,Sunny,5,1,27,1,11.040000000000003,1.3846689895470383,31.740000000000002,0.7986914947156517,348.0,248.0,196.41666666666669,4
2024-01-27,6,Fine Dining,Chicken Chop,Dinner,"chicken thigh, black pepper sauce, fries, coleslaw",8.0,30.16,55.92,59,0,0,Cloudy,5,1,27,1,25.76,1.854111405835544,47.92,0.8569384835479256,348.0,248.0,196.41666666666669,4
2024-01-27,8,Casual Dining,Kaya Toast Set,Breakfast,"white bread, kaya, butter, soft-boiled eggs",2.8,9.04,12.07,431,0,0,Sunny,5,1,27,1,3.030000000000001,1.3351769911504425,9.27,0.7680198840099419,331.2,425.8444444444445,462.0785714285715,4
2024-01-27,10,Fine Dining,Beef Rendang,Dinner,"beef, coconut milk, galangal, lemongrass, spices, chili",9.0,50.12,55.62,173,0,0,Cloudy,5,1,27,1,5.5,1.1097366320830009,46.62,0.8381877022653722,408.0,213.33333333333334,181.66666666666669,6
2024-01-27,14,Food Stall,Beef Rendang,Dinner,"beef, coconut milk, galangal, lemongrass, spices, chili",9.0,22.26,27.86,201,0,0,Sunny,5,1,27,1,5.599999999999998,1.251572327044025,18.86,0.6769562096195262,408.0,213.33333333333334,181.66666666666669,6
2024-01-27,17,Food Stall,Kaya Toast Set,Breakfast,"white bread, kaya, butter, soft-boiled eggs",2.8,6.05,5.35,716,1,1,Sunny,5,1,27,1,-0.7000000000000002,0.884297520661157,2.55,0.4766355140186916,331.2,425.8444444444445,462.0785714285715,4
2024-01-27,18,Food Stall,Tandoori Chicken,Dinner,"chicken, yogurt, tandoori masala, ginger, garlic",7.0,17.67,26.33,136,0,0,Sunny,5,1,27,1,8.659999999999997,1.4900962082625917,19.33,0.7341435624762628,41.0,109.33333333333339,135.14285714285714,5
2024-01-27,19,Casual Dining,Char Kway Teow,Lunch,"flat rice noodles, prawns, cockles, bean sprouts, chives, soy sauce",5.0,16.72,26.37,210,0,0,Sunny,5,1,27,1,9.650000000000002,1.577153110047847,21.37,0.8103905953735305,212.0,146.2777777777778,154.9047619047619,6
2024-01-27,24,Casual Dining,Cendol,Lunch,"rice flour jelly, coconut milk, palm sugar, red beans",2.0,6.06,9.9,249,0,0,Rainy,5,1,27,1,3.8400000000000007,1.6336633663366338,7.9,0.797979797979798,197.33333333333334,223.69444444444446,300.8690476190476,4
2024-01-27,24,Casual Dining,Chicken Rice,Lunch,"chicken, rice, ginger, garlic, chili sauce, cucumber",4.0,13.56,16.37,270,0,0,Sunny,5,1,27,1,2.8100000000000005,1.207227138643068,12.370000000000001,0.7556505803298718,157.0,250.66666666666666,232.73809523809524,6
2024-01-27,25,Fine Dining,Iced Lemon Tea,Breakfast,"black tea, lemon, sugar syrup",1.2,4.81,7.64,459,0,0,Sunny,5,1,27,1,2.83,1.5883575883575884,6.4399999999999995,0.8429319371727748,253.6,321.8666666666667,287.0678571428571,3
2024-01-27,25,Fine Dining,Nasi Lemak,Breakfast,"rice, coconut milk, sambal, anchovies, egg, peanuts",2.5,10.65,9.01,714,1,0,Sunny,5,1,27,1,-1.6400000000000006,0.8460093896713614,6.51,0.7225305216426193,146.0,194.33333333333337,403.07142857142856,6
2024-01-27,29,Food Stall,Char Kway Teow,Dinner,"flat rice noodles, prawns, cockles, bean sprouts, chives, soy sauce",5.0,8.87,12.02,284,1,0,Sunny,5,1,27,1,3.1500000000000004,1.3551296505073283,7.02,0.5840266222961731,212.0,146.2777777777778,154.9047619047619,6
2024-01-27,29,Food Stall,Char Kway Teow,Lunch,"flat rice noodles, prawns, cockles, bean sprouts, chives, soy sauce",5.0,9.64,14.43,328,0,0,Sunny,5,1,27,1,4.789999999999999,1.496887966804979,9.43,0.6534996534996534,212.0,146.2777777777778,154.9047619047619,6
2024-01-27,33,Cafe,Chicken Chop,Lunch,"chicken thigh, black pepper sauce, fries, coleslaw",8.0,25.91,43.53,84,0,0,Sunny,5,1,27,1,17.62,1.6800463141644153,35.53,0.8162186997473008,348.0,248.0,196.41666666666669,4
2024-01-27,44,Food Stall,Cendol,Dinner,"rice flour jelly, coconut milk, palm sugar, red beans",2.0,4.69,7.13,369,0,0,Cloudy,5,1,27,1,2.4399999999999995,1.5202558635394454,5.13,0.7194950911640954,197.33333333333334,223.69444444444446,300.8690476190476,4
2024-01-27,45,Food Stall,Chicken Rice,Lunch,"chicken, rice, ginger, garlic, chili sauce, cucumber",4.0,7.77,16.16,126,0,0,Sunny,5,1,27,1,8.39,2.07979407979408,12.16,0.7524752475247525,157.0,250.66666666666666,232.73809523809524,6
2024-01-27,45,Food Stall,Teh Tarik,Dinner,"black tea, condensed milk, evaporated milk",0.9,1.69,2.66,438,0,0,Sunny,5,1,27,1,0.9700000000000002,1.5739644970414202,1.7600000000000002,0.6616541353383459,722.0,560.3333333333334,590.8571428571429,3
2024-01-27,46,Casual Dining,Iced Lemon Tea,Dinner,"black tea, lemon, sugar syrup",1.2,3.21,4.83,303,0,0,Sunny,5,1,27,1,1.62,1.5046728971962617,3.63,0.7515527950310559,253.6,321.8666666666667,287.0678571428571,3
2024-01-27,46,Casual Dining,Mushroom Soup,Lunch,"mushrooms, cream, onion, garlic, vegetable broth",3.5,11.46,18.99,188,0,0,Cloudy,5,1,27,1,7.529999999999998,1.657068062827225,15.489999999999998,0.8156924697209057,133.0,108.1666666666667,82.78571428571429,5
2024-01-27,49,Kopitiam,Cendol,Lunch,"rice flour jelly, coconut milk, palm sugar, red beans",2.0,5.87,5.93,282,0,0,Sunny,5,1,27,1,0.05999999999999961,1.010221465076661,3.9299999999999997,0.6627318718381113,197.33333333333334,223.69444444444446,300.8690476190476,4
2024-01-27,50,Food Stall,Tandoori Chicken,Dinner,"chicken, yogurt, tandoori masala, ginger, garlic",7.0,16.77,23.97,110,0,0,Cloudy,5,1,27,1,7.199999999999999,1.4293381037567083,16.97,0.7079682937004589,41.0,109.33333333333339,135.14285714285714,5
2024-01-28,1,Food Stall,Nasi Lemak,Lunch,"rice, coconut milk, sambal, anchovies, egg, peanuts",2.5,5.88,7.55,474,0,0,Rainy,6,1,28,1,1.67,1.284013605442177,5.05,0.6688741721854304,714.0,370.0,428.7142857142857,6
2024-01-28,3,Cafe,Mushroom Soup,Lunch,"mushrooms, cream, onion, garlic, vegetable broth",3.5,11.0,19.36,108,0,0,Rainy,6,1,28,1,8.36,1.76,15.86,0.8192148760330579,188.0,132.50000000000003,82.07142857142857,5
2024-01-28,6,Fine Dining,Spaghetti Carbonara,Lunch,"spaghetti, eggs, cheese, beef bacon, black pepper",9.0,37.54,66.91,63,0,0,Sunny,6,1,28,1,29.369999999999997,1.7823654768247204,57.91,0.865490958003288,158.0,161.88888888888894,146.7761904761905,5
2024-01-28,8,Casual Dining,Cendol,Lunch,"rice flour jelly, coconut milk, palm sugar, red beans",2.0,4.88,8.24,416,0,0,Sunny,6,1,28,1,3.3600000000000003,1.6885245901639345,6.24,0.7572815533980582,300.0,290.02777777777777,253.01190476190476,4
2024-01-28,9,Casual Dining,Cendol,Lunch,"rice flour jelly, coconut milk, palm sugar, red beans",2.0,6.43,10.23,189,0,0,Sunny,6,1,28,1,3.8000000000000007,1.5909797822706067,8.23,0.8044965786901271,300.0,290.02777777777777,253.01190476190476,4
2024-01-28,9,Casual Dining,Spaghetti Carbonara,Lunch,"spaghetti, eggs, cheese, beef bacon, black pepper",9.0,28.91,47.93,0,0,0,Rainy,6,1,28,1,19.02,1.6579038395019023,38.93,0.8122261631546005,158.0,161.88888888888894,146.7761904761905,5
2024-01-28,11,Food Stall,Cendol,Dinner,"rice flour jelly, coconut milk, palm sugar, red beans",2.0,4.95,6.99,242,0,0,Sunny,6,1,28,1,2.04,1.412121212121212,4.99,0.7138769670958512,300.0,290.02777777777777,253.01190476190476,4
2024-01-28,12,Cafe,Teh Tarik,Lunch,"black tea, condensed milk, evaporated milk",0.9,3.61,3.16,926,0,0,Sunny,6,1,28,1,-0.44999999999999973,0.8753462603878117,2.2600000000000002,0.7151898734177216,438.0,577.6666666666667,520.0,3
2024-01-28,13,Food Stall,Kaya Toast Set,Breakfast,"white bread, kaya, butter, soft-boiled eggs",2.8,6.08,9.98,309,0,0,Rainy,6,1,28,1,3.9000000000000004,1.6414473684210527,7.180000000000001,0.7194388777555111,573.5,487.0111111111112,478.7785714285714,4
2024-01-28,14,Food Stall,Teh Tarik,Lunch,"black tea, condensed milk, evaporated milk",0.9,1.69,2.79,730,0,0,Sunny,6,1,28,1,1.1,1.650887573964497,1.8900000000000001,0.6774193548387097,438.0,577.6666666666667,520.0,3
2024-01-28,16,Food Stall,Roti Canai,Dinner,"flour, ghee, egg, water, curry",0.8,1.62,2.43,564,0,0,Sunny,6,1,28,1,0.81,1.5,1.6300000000000001,0.6707818930041153,367.5,411.16666666666674,450.8333333333333,5
2024-01-28,18,Food Stall,Tandoori Chicken,Dinner,"chicken, yogurt, tandoori masala, ginger, garlic",7.0,17.31,22.78,276,0,0,Sunny,6,1,28,1,5.470000000000002,1.3160023108030041,15.780000000000001,0.6927129060579456,123.0,118.66666666666673,139.78571428571428,5
2024-01-28,19,Casual Dining,Char Kway Teow,Lunch,"flat rice noodles, prawns, cockles, bean sprouts, chives, soy sauce",5.0,14.01,24.25,259,0,0,Cloudy,6,1,28,1,10.24,1.730906495360457,19.25,0.7938144329896907,274.0,230.11111111111111,174.11904761904765,6
2024-01-28,24,Casual Dining,Teh Tarik,Dinner,"black tea, condensed milk, evaporated milk",0.9,2.69,4.45,515,0,0,Cloudy,6,1,28,1,1.7600000000000002,1.654275092936803,3.5500000000000003,0.7977528089887641,438.0,577.6666666666667,520.0,3
2024-01-28,27,Food Stall,Roti Canai,Breakfast,"flour, ghee, egg, water, curry",0.8,1.71,2.56,466,0,0,Rainy,6,1,28,1,0.8500000000000001,1.497076023391813,1.76,0.6875,367.5,411.16666666666674,450.8333333333333,5
2024-01-28,28,Fine Dining,Chicken Chop,Dinner,"chicken thigh, black pepper sauce, fries, coleslaw",8.0,42.48,60.34,87,0,0,Sunny,6,1,28,1,17.860000000000007,1.4204331450094163,52.34,0.8674179648657607,148.0,252.0,201.89285714285714,4
2024-01-28,29,Food Stall,Kaya Toast Set,Breakfast,"white bread, kaya, butter, soft-boiled eggs",2.8,6.02,9.57,428,0,0,Rainy,6,1,28,1,3.5500000000000007,1.5897009966777411,6.7700000000000005,0.7074190177638454,573.5,487.0111111111112,478.7785714285714,4
2024-01-28,30,Cafe,Beef Rendang,Dinner,"beef, coconut milk, galangal, lemongrass, spices, chili",9.0,32.84,46.71,217,0,0,Sunny,6,1,28,1,13.869999999999997,1.4223507917174176,37.71,0.8073217726396917,153.0,260.3333333333333,188.23809523809524,6
2024-01-28,39,Casual Dining,Teh Tarik,Breakfast,"black tea, condensed milk, evaporated milk",0.9,2.92,4.16,693,0,0,Rainy,6,1,28,1,1.2400000000000002,1.4246575342465755,3.2600000000000002,0.7836538461538461,438.0,577.6666666666667,520.0,3
2024-01-28,40,Food Stall,Teh Tarik,Breakfast,"black tea, condensed milk, evaporated milk",0.9,1.87,2.95,564,0,0,Cloudy,6,1,28,1,1.08,1.5775401069518717,2.0500000000000003,0.6949152542372882,438.0,577.6666666666667,520.0,3
2024-01-28,44,Food Stall,Cendol,Dinner,"rice flour jelly, coconut milk, palm sugar, red beans",2.0,5.43,7.16,272,0,0,Sunny,6,1,28,1,1.7300000000000004,1.3186003683241254,5.16,0.7206703910614525,300.0,290.02777777777777,253.01190476190476,4
2024-01-28,44,Food Stall,Kaya Toast Set,Breakfast,"white bread, kaya, butter, soft-boiled eggs",2.8,7.8,5.95,817,1,0,Sunny,6,1,28,1,-1.8499999999999996,0.7628205128205129,3.1500000000000004,0.5294117647058824,573.5,487.0111111111112,478.7785714285714,4
2024-01-28,45,Food Stall,Teh Tarik,Dinner,"black tea, condensed milk, evaporated milk",0.9,1.98,2.81,367,0,0,Rainy,6,1,28,1,0.8300000000000001,1.4191919191919193,1.9100000000000001,0.6797153024911032,438.0,577.6666666666667,520.0,3
2024-01-28,46,Casual Dining,Cendol,Lunch,"rice flour jelly, coconut milk, palm sugar, red beans",2.0,6.8,7.86,536,1,0,Sunny,6,1,28,1,1.0600000000000005,1.1558823529411766,5.86,0.7455470737913487,300.0,290.02777777777777,253.01190476190476,4
2024-01-28,47,Food Stall,Kaya Toast Set,Breakfast,"white bread, kaya, butter, soft-boiled eggs",2.8,6.77,7.39,716,0,0,Cloudy,6,1,28,1,0.6200000000000001,1.0915805022156573,4.59,0.6211096075778079,573.5,487.0111111111112,478.7785714285714,4
2024-01-28,49,Kopitiam,Cendol,Lunch,"rice flour jelly, coconut milk, palm sugar, red beans",2.0,5.21,3.99,607,1,0,Sunny,6,1,28,1,-1.2199999999999998,0.7658349328214972,1.9900000000000002,0.4987468671679198,300.0,290.02777777777777,253.01190476190476,4
2024-01-29,10,Fine Dining,Iced Lemon Tea,Lunch,"black tea, lemon, sugar syrup",1.2,4.82,7.79,222,0,0,Sunny,0,0,29,1,2.9699999999999998,1.6161825726141077,6.59,0.8459563543003851,381.0,384.8666666666666,324.2107142857143,3
2024-01-29,10,Fine Dining,Mushroom Soup,Dinner,"mushrooms, cream, onion, garlic, vegetable broth",3.5,17.08,28.06,93,0,0,Cloudy,0,0,29,1,10.98,1.642857142857143,24.56,0.8752672843905915,108.0,143.00000000000003,97.5,5
2024-01-29,10,Fine Dining,Mushroom Soup,Dinner,"mushrooms, cream, onion, garlic, vegetable broth",3.5,18.64,15.96,270,1,0,Sunny,0,0,29,1,-2.6799999999999997,0.8562231759656652,12.46,0.7807017543859649,108.0,143.00000000000003,97.5,5
2024-01-29,11,Food Stall,Kaya Toast Set,Breakfast,"white bread, kaya, butter, soft-boiled eggs",2.8,6.66,8.97,212,0,0,Rainy,0,0,29,1,2.3100000000000005,1.3468468468468469,6.170000000000001,0.6878483835005574,567.5,490.7333333333334,476.89761904761906,4
2024-01-29,13,Food Stall,Beef Rendang,Dinner,"beef, coconut milk, galangal, lemongrass, spices, chili",9.0,19.24,37.77,73,0,0,Cloudy,0,0,29,1,18.530000000000005,1.9630977130977134,28.770000000000003,0.7617156473391581,217.0,259.3333333333333,205.52380952380955,6
2024-01-29,15,Food Stall,Beef Rendang,Lunch,"beef, coconut milk, galangal, lemongrass, spices, chili",9.0,20.27,35.46,40,0,0,Cloudy,0,0,29,1,15.190000000000001,1.7493833251110016,26.46,0.7461928934010152,217.0,259.3333333333333,205.52380952380955,6
2024-01-29,15,Food Stall,Nasi Lemak,Breakfast,"rice, coconut milk, sambal, anchovies, egg, peanuts",2.5,5.43,7.45,311,0,0,Sunny,0,0,29,1,2.0200000000000005,1.3720073664825048,4.95,0.6644295302013423,474.0,444.6666666666667,400.14285714285717,6
2024-01-29,17,Food Stall,Kaya Toast Set,Breakfast,"white bread, kaya, butter, soft-boiled eggs",2.8,7.34,8.91,298,0,0,Sunny,0,0,29,1,1.5700000000000003,1.2138964577656677,6.11,0.6857463524130191,567.5,490.7333333333334,476.89761904761906,4
2024-01-29,18,Food Stall,Roti Canai,Breakfast,"flour, ghee, egg, water, curry",0.8,1.94,2.49,247,0,0,Rainy,0,0,29,1,0.5500000000000003,1.2835051546391754,1.6900000000000002,0.678714859437751,515.0,463.50000000000006,462.3333333333333,5
2024-01-29,20,Casual Dining,Beef Rendang,Lunch,"beef, coconut milk, galangal, lemongrass, spices, chili",9.0,25.65,45.32,240,0,0,Sunny,0,0,29,1,19.67,1.766861598440546,36.32,0.8014121800529568,217.0,259.3333333333333,205.52380952380955,6
2024-01-29,21,Casual Dining,Iced Lemon Tea,Breakfast,"black tea, lemon, sugar syrup",1.2,3.52,4.66,585,1,0,Sunny,0,0,29,1,1.1400000000000001,1.3238636363636365,3.46,0.7424892703862661,381.0,384.8666666666666,324.2107142857143,3
2024-01-29,21,Casual Dining,Mushroom Soup,Dinner,"mushrooms, cream, onion, garlic, vegetable broth",3.5,9.23,23.1,25,0,0,Cloudy,0,0,29,1,13.870000000000001,2.5027085590465874,19.6,0.8484848484848485,108.0,143.00000000000003,97.5,5
2024-01-29,25,Fine Dining,Mushroom Soup,Lunch,"mushrooms, cream, onion, garlic, vegetable broth",3.5,15.05,31.52,65,0,0,Cloudy,0,0,29,1,16.47,2.0943521594684382,28.02,0.8889593908629442,108.0,143.00000000000003,97.5,5
2024-01-29,28,Fine Dining,Iced Lemon Tea,Lunch,"black tea, lemon, sugar syrup",1.2,5.85,8.61,202,0,0,Sunny,0,0,29,1,2.76,1.471794871794872,7.409999999999999,0.8606271777003484,381.0,384.8666666666666,324.2107142857143,3
2024-01-29,28,Fine Dining,Nasi Lemak,Lunch,"rice, coconut milk, sambal, anchovies, egg, peanuts",2.5,11.41,17.44,391,0,1,Cloudy,0,0,29,1,6.030000000000001,1.5284837861524978,14.940000000000001,0.856651376146789,474.0,444.6666666666667,400.14285714285717,6
2024-01-29,28,Fine Dining,Nasi Lemak,Breakfast,"rice, coconut milk, sambal, anchovies, egg, peanuts",2.5,13.39,18.1,246,0,0,Sunny,0,0,29,1,4.710000000000001,1.3517550410754295,15.600000000000001,0.861878453038674,474.0,444.6666666666667,400.14285714285717,6
2024-01-29,28,Fine Dining,Spaghetti Carbonara,Lunch,"spaghetti, eggs, cheese, beef bacon, black pepper",9.0,39.07,63.16,190,0,0,Sunny,0,0,29,1,24.089999999999996,1.6165856155618121,54.16,0.8575047498416719,31.5,141.50000000000009,120.19047619047618,5
2024-01-29,32,Fine Dining,Spaghetti Carbonara,Lunch,"spaghetti, eggs, cheese, beef bacon, black pepper",9.0,38.98,38.62,241,1,0,Sunny,0,0,29,1,-0.35999999999999943,0.9907644946126218,29.619999999999997,0.7669601242879337,31.5,141.50000000000009,120.19047619047618,5
2024-01-29,42,Fine Dining,Nasi Lemak,Lunch,"rice, coconut milk, sambal, anchovies, egg, peanuts",2.5,12.7,11.65,687,1,1,Rainy,0,0,29,1,-1.049999999999999,0.9173228346456693,9.15,0.7854077253218884,474.0,444.6666666666667,400.14285714285717,6
2024-01-29,45,Food Stall,Teh Tarik,Breakfast,"black tea, condensed milk, evaporated milk",0.9,1.7,2.68,402,0,0,Cloudy,0,0,29,1,0.9800000000000002,1.5764705882352943,1.7800000000000002,0.664179104477612,632.5,597.5000000000001,498.2142857142857,3
2024-01-29,47,Food Stall,Kaya Toast Set,Breakfast,"white bread, kaya, butter, soft-boiled eggs",2.8,5.87,7.76,422,0,0,Sunny,0,0,29,1,1.8899999999999997,1.321976149914821,4.96,0.6391752577319588,567.5,490.7333333333334,476.89761904761906,4
2024-01-29,49,Kopitiam,Chicken Rice,Lunch,"chicken, rice, ginger, garlic, chili sauce, cucumber",4.0,11.91,13.69,231,1,0,Rainy,0,0,29,1,1.7799999999999994,1.1494542401343408,9.69,0.7078159240321402,198.0,254.66666666666666,224.23809523809524,6
2024-01-30,1,Food Stall,Beef Rendang,Dinner,"beef, coconut milk, galangal, lemongrass, spices, chili",9.0,18.03,38.84,17,0,0,Sunny,1,0,30,1,20.810000000000002,2.1541874653355517,29.840000000000003,0.7682801235839342,117.66666666666667,162.55555555555557,200.1904761904762,6
2024-01-30,1,Food Stall,Beef Rendang,Lunch,"beef, coconut milk, galangal, lemongrass, spices, chili",9.0,22.13,21.3,399,1,1,Sunny,1,0,30,1,-0.8299999999999983,0.9624943515589698,12.3,0.5774647887323944,117.66666666666667,162.55555555555557,200.1904761904762,6
2024-01-30,3,Cafe,Cendol,Dinner,"rice flour jelly, coconut milk, palm sugar, red beans",2.0,7.83,6.65,409,0,1,Sunny,1,0,30,1,-1.1799999999999997,0.8492975734355045,4.65,0.6992481203007519,377.0,291.44444444444446,249.2261904761905,4
2024-01-30,7,Casual Dining,Teh Tarik,Dinner,"black tea, condensed milk, evaporated milk",0.9,2.69,3.64,511,0,1,Sunny,1,0,30,1,0.9500000000000002,1.3531598513011154,2.74,0.7527472527472527,402.0,490.8333333333334,517.0714285714286,3
2024-01-30,8,Casual Dining,Iced Lemon Tea,Breakfast,"black tea, lemon, sugar syrup",1.2,3.81,5.37,499,0,0,Sunny,1,0,30,1,1.56,1.4094488188976377,4.17,0.776536312849162,336.3333333333333,323.64444444444445,332.1333333333333,3
2024-01-30,9,Casual Dining,Mushroom Soup,Dinner,"mushrooms, cream, onion, garlic, vegetable broth",3.5,10.98,15.17,215,1,0,Cloudy,1,0,30,1,4.1899999999999995,1.3816029143897997,11.67,0.7692814765985497,113.25,136.4166666666667,113.67857142857143,5
2024-01-30,10,Fine Dining,Beef Rendang,Lunch,"beef, coconut milk, galangal, lemongrass, spices, chili",9.0,43.28,80.04,115,0,0,Sunny,1,0,30,1,36.760000000000005,1.8493530499075788,71.04,0.8875562218890555,117.66666666666667,162.55555555555557,200.1904761904762,6
2024-01-30,10,Fine Dining,Nasi Lemak,Breakfast,"rice, coconut milk, sambal, anchovies, egg, peanuts",2.5,11.22,14.59,404,0,0,Cloudy,1,0,30,1,3.369999999999999,1.3003565062388591,12.09,0.8286497601096642,408.75,532.25,394.25,6
2024-01-30,13,Food Stall,Kaya Toast Set,Breakfast,"white bread, kaya, butter, soft-boiled eggs",2.8,5.51,8.39,363,0,1,Sunny,1,0,30,1,2.880000000000001,1.5226860254083485,5.590000000000001,0.66626936829559,310.6666666666667,483.8888888888889,450.3142857142857,4
2024-01-30,15,Food Stall,Beef Rendang,Lunch,"beef, coconut milk, galangal, lemongrass, spices, chili",9.0,18.15,22.64,229,1,0,Cloudy,1,0,30,1,4.490000000000002,1.247382920110193,13.64,0.6024734982332156,117.66666666666667,162.55555555555557,200.1904761904762,6
2024-01-30,15,Food Stall,Nasi Lemak,Lunch,"rice, coconut milk, sambal, anchovies, egg, peanuts",2.5,5.77,7.58,144,0,0,Cloudy,1,0,30,1,1.8100000000000005,1.3136915077989602,5.08,0.6701846965699209,408.75,532.25,394.25,6
2024-01-30,16,Food Stall,Tandoori Chicken,Dinner,"chicken, yogurt, tandoori masala, ginger, garlic",7.0,17.78,24.72,145,0,0,Sunny,1,0,30,1,6.939999999999998,1.3903262092238469,17.72,0.7168284789644013,276.0,146.6666666666667,148.92857142857142,5
2024-01-30,17,Food Stall,Teh Tarik,Dinner,"black tea, condensed milk, evaporated milk",0.9,1.84,3.46,152,0,0,Rainy,1,0,30,1,1.6199999999999999,1.8804347826086956,2.56,0.7398843930635839,402.0,490.8333333333334,517.0714285714286,3
2024-01-30,18,Food Stall,Roti Canai,Dinner,"flour, ghee, egg, water, curry",0.8,1.99,2.56,312,0,0,Sunny,1,0,30,1,0.5700000000000001,1.2864321608040201,1.76,0.6875,247.0,376.50000000000006,424.0,5
2024-01-30,21,Casual Dining,Cendol,Dinner,"rice flour jelly, coconut milk, palm sugar, red beans",2.0,6.3,6.7,342,1,0,Sunny,1,0,30,1,0.40000000000000036,1.0634920634920635,4.7,0.7014925373134329,377.0,291.44444444444446,249.2261904761905,4
2024-01-30,22,Food Stall,Tandoori Chicken,Dinner,"chicken, yogurt, tandoori masala, ginger, garlic",7.0,13.12,26.3,50,0,0,Sunny,1,0,30,1,13.180000000000001,2.0045731707317076,19.3,0.7338403041825096,276.0,146.6666666666667,148.92857142857142,5
2024-01-30,28,Fine Dining,Beef Rendang,Lunch,"beef, coconut milk, galangal, lemongrass, spices, chili",9.0,47.46,43.3,148,1,0,Rainy,1,0,30,1,-4.160000000000004,0.9123472397808681,34.3,0.7921478060046189,117.66666666666667,162.55555555555557,200.1904761904762,6
2024-01-30,28,Fine Dining,Chicken Chop,Lunch,"chicken thigh, black pepper sauce, fries, coleslaw",8.0,42.22,68.26,76,0,0,Sunny,1,0,30,1,26.040000000000006,1.6167693036475606,60.260000000000005,0.8828010547905069,87.0,194.33333333333334,188.75,4
2024-01-30,32,Fine Dining,Iced Lemon Tea,Lunch,"black tea, lemon, sugar syrup",1.2,5.05,6.47,394,0,0,Sunny,1,0,30,1,1.42,1.2811881188118812,5.27,0.8145285935085007,336.3333333333333,323.64444444444445,332.1333333333333,3
2024-01-30,37,Food Stall,Char Kway Teow,Dinner,"flat rice noodles, prawns, cockles, bean sprouts, chives, soy sauce",5.0,11.48,18.8,105,0,0,Rainy,1,0,30,1,7.32,1.637630662020906,13.8,0.7340425531914894,259.0,248.33333333333334,211.11904761904765,6
2024-01-30,38,Fine Dining,Spaghetti Carbonara,Lunch,"spaghetti, eggs, cheese, beef bacon, black pepper",9.0,41.16,68.88,110,0,1,Cloudy,1,0,30,1,27.72,1.6734693877551021,59.879999999999995,0.8693379790940766,215.5,135.00000000000009,143.45238095238096,5
2024-01-30,40,Food Stall,Beef Rendang,Lunch,"beef, coconut milk, galangal, lemongrass, spices, chili",9.0,17.58,28.64,277,0,0,Cloudy,1,0,30,1,11.060000000000002,1.629124004550626,19.64,0.6857541899441341,117.66666666666667,162.55555555555557,200.1904761904762,6
2024-01-30,43,Casual Dining,Teh Tarik,Lunch,"black tea, condensed milk, evaporated milk",0.9,2.44,4.47,470,0,0,Sunny,1,0,30,1,2.03,1.831967213114754,3.57,0.7986577181208053,402.0,490.8333333333334,517.0714285714286,3
2024-01-30,44,Food Stall,Kaya Toast Set,Breakfast,"white bread, kaya, butter, soft-boiled eggs",2.8,6.63,9.19,319,0,0,Sunny,1,0,30,1,2.5599999999999996,1.3861236802413273,6.39,0.6953210010881393,310.6666666666667,483.8888888888889,450.3142857142857,4
2024-01-30,46,Casual Dining,Kaya Toast Set,Breakfast,"white bread, kaya, butter, soft-boiled eggs",2.8,8.4,12.95,493,0,0,Sunny,1,0,30,1,4.549999999999999,1.5416666666666665,10.149999999999999,0.7837837837837838,310.6666666666667,483.8888888888889,450.3142857142857,4
2024-01-30,46,Casual Dining,Teh Tarik,Lunch,"black tea, condensed milk, evaporated milk",0.9,2.78,4.19,341,0,0,Rainy,1,0,30,1,1.4100000000000006,1.5071942446043167,3.2900000000000005,0.7852028639618139,402.0,490.8333333333334,517.0714285714286,3
2024-01-31,1,Food Stall,Kaya Toast Set,Breakfast,"white bread, kaya, butter, soft-boiled eggs",2.8,5.61,9.05,139,0,0,Rainy,2,0,31,1,3.4400000000000004,1.6131907308377897,6.250000000000001,0.6906077348066298,391.6666666666667,423.2777777777778,445.83809523809526,4
2024-01-31,3,Cafe,Kaya Toast Set,Breakfast,"white bread, kaya, butter, soft-boiled eggs",2.8,10.59,12.98,248,0,0,Cloudy,2,0,31,1,2.3900000000000006,1.2256846081208688,10.18,0.7842835130970723,391.6666666666667,423.2777777777778,445.83809523809526,4
2024-01-31,3,Cafe,Teh Tarik,Lunch,"black tea, condensed milk, evaporated milk",0.9,3.6,3.19,520,0,0,Cloudy,2,0,31,1,-0.41000000000000014,0.8861111111111111,2.29,0.7178683385579937,368.5,467.66666666666674,503.14285714285717,3
2024-01-31,10,Fine Dining,Chicken Chop,Dinner,"chicken thigh, black pepper sauce, fries, coleslaw",8.0,40.3,62.29,165,0,0,Cloudy,2,0,31,1,21.990000000000002,1.5456575682382134,54.29,0.8715684700593996,76.0,103.66666666666667,175.71428571428572,4
2024-01-31,10,Fine Dining,Mushroom Soup,Lunch,"mushrooms, cream, onion, garlic, vegetable broth",3.5,18.8,27.45,66,0,0,Cloudy,2,0,31,1,8.649999999999999,1.4601063829787233,23.95,0.8724954462659381,215.0,145.4166666666667,135.53571428571428,5
2024-01-31,12,Cafe,Iced Lemon Tea,Breakfast,"black tea, lemon, sugar syrup",1.2,3.73,4.73,376,0,0,Sunny,2,0,31,1,1.0000000000000004,1.2680965147453085,3.5300000000000002,0.7463002114164905,446.5,387.9444444444444,321.06190476190477,3
2024-01-31,13,Food Stall,Beef Rendang,Lunch,"beef, coconut milk, galangal, lemongrass, spices, chili",9.0,17.27,38.85,44,0,0,Sunny,2,0,31,1,21.580000000000002,2.2495657209033006,29.85,0.7683397683397684,197.5,177.3888888888889,189.30952380952382,6
2024-01-31,14,Food Stall,Kaya Toast Set,Breakfast,"white bread, kaya, butter, soft-boiled eggs",2.8,5.15,10.59,179,0,0,Sunny,2,0,31,1,5.4399999999999995,2.0563106796116504,7.79,0.7355996222851747,391.6666666666667,423.2777777777778,445.83809523809526,4
2024-01-31,17,Food Stall,Laksa,Lunch,"rice noodles, fish broth, tamarind, shrimp paste, cucumber, mint",4.5,12.39,17.61,96,0,1,Rainy,2,0,31,1,5.219999999999999,1.4213075060532687,13.11,0.7444633730834753,35.0,161.50000000000003,228.54761904761904,6
2024-01-31,21,Casual Dining,Cendol,Dinner,"rice flour jelly, coconut milk, palm sugar, red beans",2.0,6.65,13.13,52,0,0,Rainy,2,0,31,1,6.48,1.974436090225564,11.13,0.8476770753998477,375.5,350.8333333333333,265.7261904761905,4
2024-01-31,22,Food Stall,Roti Canai,Dinner,"flour, ghee, egg, water, curry",0.8,2.11,3.17,205,0,0,Sunny,2,0,31,1,1.06,1.5023696682464456,2.37,0.7476340694006309,312.0,358.00000000000006,396.2857142857143,5
2024-01-31,25,Fine Dining,Chicken Chop,Dinner,"chicken thigh, black pepper sauce, fries, coleslaw",8.0,33.78,46.28,184,1,0,Cloudy,2,0,31,1,12.5,1.3700414446417999,38.28,0.8271391529818496,76.0,103.66666666666667,175.71428571428572,4
2024-01-31,25,Fine Dining,Iced Lemon Tea,Lunch,"black tea, lemon, sugar syrup",1.2,5.71,5.51,332,1,0,Cloudy,2,0,31,1,-0.20000000000000018,0.9649737302977233,4.31,0.7822141560798548,446.5,387.9444444444444,321.06190476190477,3
2024-01-31,26,Food Stall,Beef Rendang,Dinner,"beef, coconut milk, galangal, lemongrass, spices, chili",9.0,19.34,22.04,173,1,0,Cloudy,2,0,31,1,2.6999999999999993,1.139607032057911,13.04,0.5916515426497277,197.5,177.3888888888889,189.30952380952382,6
2024-01-31,26,Food Stall,Nasi Lemak,Breakfast,"rice, coconut milk, sambal, anchovies, egg, peanuts",2.5,5.27,7.8,318,0,0,Cloudy,2,0,31,1,2.5300000000000002,1.4800759013282734,5.3,0.6794871794871795,274.0,385.5833333333333,350.5357142857143,6
2024-01-31,28,Fine Dining,Mushroom Soup,Lunch,"mushrooms, cream, onion, garlic, vegetable broth",3.5,16.72,25.58,158,0,0,Sunny,2,0,31,1,8.86,1.5299043062200957,22.08,0.8631743549648162,215.0,145.4166666666667,135.53571428571428,5
2024-01-31,28,Fine Dining,Mushroom Soup,Lunch,"mushrooms, cream, onion, garlic, vegetable broth",3.5,17.45,25.66,146,0,0,Sunny,2,0,31,1,8.21,1.470487106017192,22.16,0.8636009353078722,215.0,145.4166666666667,135.53571428571428,5
2024-01-31,30,Cafe,Cendol,Lunch,"rice flour jelly, coconut milk, palm sugar, red beans",2.0,5.89,9.05,218,0,0,Sunny,2,0,31,1,3.160000000000001,1.536502546689304,7.050000000000001,0.7790055248618785,375.5,350.8333333333333,265.7261904761905,4
2024-01-31,30,Cafe,Iced Lemon Tea,Breakfast,"black tea, lemon, sugar syrup",1.2,4.53,5.13,358,0,0,Sunny,2,0,31,1,0.5999999999999996,1.1324503311258278,3.9299999999999997,0.7660818713450293,446.5,387.9444444444444,321.06190476190477,3
2024-01-31,30,Cafe,Mushroom Soup,Dinner,"mushrooms, cream, onion, garlic, vegetable broth",3.5,14.95,18.88,38,0,0,Cloudy,2,0,31,1,3.9299999999999997,1.262876254180602,15.379999999999999,0.8146186440677966,215.0,145.4166666666667,135.53571428571428,5
2024-01-31,34,Casual Dining,Chicken Rice,Dinner,"chicken, rice, ginger, garlic, chili sauce, cucumber",4.0,11.3,18.05,125,1,0,Cloudy,2,0,31,1,6.75,1.5973451327433628,14.05,0.778393351800554,231.0,195.33333333333334,224.38095238095238,6
2024-01-31,36,Food Stall,Roti Canai,Dinner,"flour, ghee, egg, water, curry",0.8,1.97,2.8,206,0,0,Sunny,2,0,31,1,0.8299999999999998,1.4213197969543145,1.9999999999999998,0.7142857142857143,312.0,358.00000000000006,396.2857142857143,5
2024-01-31,38,Fine Dining,Chicken Chop,Dinner,"chicken thigh, black pepper sauce, fries, coleslaw",8.0,35.64,59.02,0,0,0,Rainy,2,0,31,1,23.380000000000003,1.6560044893378227,51.02,0.8644527278888512,76.0,103.66666666666667,175.71428571428572,4
2024-01-31,38,Fine Dining,Nasi Lemak,Lunch,"rice, coconut milk, sambal, anchovies, egg, peanuts",2.5,11.22,10.82,381,1,0,Rainy,2,0,31,1,-0.40000000000000036,0.964349376114082,8.32,0.7689463955637708,274.0,385.5833333333333,350.5357142857143,6
2024-01-31,40,Food Stall,Teh Tarik,Dinner,"black tea, condensed milk, evaporated milk",0.9,1.71,2.59,471,0,0,Sunny,2,0,31,1,0.8799999999999999,1.5146198830409356,1.69,0.6525096525096525,368.5,467.66666666666674,503.14285714285717,3
2024-01-31,41,Cafe,Iced Lemon Tea,Breakfast,"black tea, lemon, sugar syrup",1.2,3.36,5.9,234,0,0,Sunny,2,0,31,1,2.5400000000000005,1.7559523809523812,4.7,0.7966101694915254,446.5,387.9444444444444,321.06190476190477,3
2024-01-31,41,Cafe,Teh Tarik,Lunch,"black tea, condensed milk, evaporated milk",0.9,3.2,3.58,363,0,0,Cloudy,2,0,31,1,0.3799999999999999,1.11875,2.68,0.7486033519553073,368.5,467.66666666666674,503.14285714285717,3
2024-01-31,42,Fine Dining,Chicken Chop,Dinner,"chicken thigh, black pepper sauce, fries, coleslaw",8.0,39.55,57.87,107,0,0,Cloudy,2,0,31,1,18.32,1.4632111251580278,49.87,0.8617591152583376,76.0,103.66666666666667,175.71428571428572,4
2024-01-31,43,Casual Dining,Iced Lemon Tea,Dinner,"black tea, lemon, sugar syrup",1.2,3.7,6.67,244,0,0,Sunny,2,0,31,1,2.9699999999999998,1.8027027027027025,5.47,0.8200899550224887,446.5,387.9444444444444,321.06190476190477,3
2024-01-31,46,Casual Dining,Cendol,Dinner,"rice flour jelly, coconut milk, palm sugar, red beans",2.0,7.02,11.57,219,0,0,Sunny,2,0,31,1,4.550000000000001,1.6481481481481484,9.57,0.8271391529818496,375.5,350.8333333333333,265.7261904761905,4
2024-01-31,48,Casual Dining,Chicken Rice,Dinner,"chicken, rice, ginger, garlic, chili sauce, cucumber",4.0,11.44,17.98,291,0,0,Sunny,2,0,31,1,6.540000000000001,1.5716783216783219,13.98,0.7775305895439377,231.0,195.33333333333334,224.38095238095238,6
2024-01-31,48,Casual Dining,Kaya Toast Set,Breakfast,"white bread, kaya, butter, soft-boiled eggs",2.8,7.64,9.31,874,1,0,Sunny,2,0,31,1,1.6700000000000008,1.218586387434555,6.510000000000001,0.6992481203007519,391.6666666666667,423.2777777777778,445.83809523809526,4
2024-01-31,49,Kopitiam,Char Kway Teow,Lunch,"flat rice noodles, prawns, cockles, bean sprouts, chives, soy sauce",5.0,9.97,18.91,295,0,1,Cloudy,2,0,31,1,8.94,1.8966900702106317,13.91,0.7355896351136965,105.0,212.66666666666666,210.40476190476193,6
2024-01-31,50,Food Stall,Tandoori Chicken,Dinner,"chicken, yogurt, tandoori masala, ginger, garlic",7.0,13.95,23.54,253,0,1,Sunny,2,0,31,1,9.59,1.6874551971326166,16.54,0.7026338147833475,97.5,165.50000000000006,144.64285714285714,5
2024-02-01,2,Food Stall,Tandoori Chicken,Dinner,"chicken, yogurt, tandoori masala, ginger, garlic",7.0,14.92,31.05,76,0,0,Cloudy,3,0,1,2,16.130000000000003,2.081099195710456,24.05,0.7745571658615137,253.0,208.8333333333334,153.92857142857142,5
2024-02-01,4,Cafe,Teh Tarik,Lunch,"black tea, condensed milk, evaporated milk",0.9,2.63,3.73,762,0,0,Sunny,3,0,1,2,1.1,1.4182509505703422,2.83,0.7587131367292226,451.3333333333333,407.2777777777778,512.4761904761905,3
2024-02-01,5,Cafe,Mushroom Soup,Lunch,"mushrooms, cream, onion, garlic, vegetable broth",3.5,12.74,13.88,140,0,0,Sunny,3,0,1,2,1.1400000000000006,1.0894819466248038,10.38,0.7478386167146974,102.0,143.4166666666667,133.67857142857142,5
2024-02-01,5,Cafe,Spaghetti Carbonara,Lunch,"spaghetti, eggs, cheese, beef bacon, black pepper",9.0,36.34,26.47,311,1,0,Sunny,3,0,1,2,-9.870000000000005,0.7283984589983489,17.47,0.6599924442765395,110.0,119.00000000000007,138.52380952380955,5
2024-02-01,6,Fine Dining,Chicken Chop,Dinner,"chicken thigh, black pepper sauce, fries, coleslaw",8.0,44.08,69.14,52,0,0,Cloudy,3,0,1,2,25.060000000000002,1.5685117967332125,61.14,0.8842927393693955,114.0,92.33333333333333,167.0,4
2024-02-01,7,Casual Dining,Spaghetti Carbonara,Lunch,"spaghetti, eggs, cheese, beef bacon, black pepper",9.0,26.67,46.1,141,0,0,Cloudy,3,0,1,2,19.43,1.7285339332583427,37.1,0.8047722342733189,110.0,119.00000000000007,138.52380952380955,5
2024-02-01,8,Casual Dining,Chicken Chop,Lunch,"chicken thigh, black pepper sauce, fries, coleslaw",8.0,25.06,36.23,255,0,1,Sunny,3,0,1,2,11.169999999999998,1.445730247406225,28.229999999999997,0.7791885178029258,114.0,92.33333333333333,167.0,4
2024-02-01,8,Casual Dining,Spaghetti Carbonara,Lunch,"spaghetti, eggs, cheese, beef bacon, black pepper",9.0,28.42,58.1,99,0,0,Cloudy,3,0,1,2,29.68,2.044334975369458,49.1,0.8450946643717728,110.0,119.00000000000007,138.52380952380955,5
2024-02-01,9,Casual Dining,Beef Rendang,Lunch,"beef, coconut milk, galangal, lemongrass, spices, chili",9.0,25.27,57.39,107,0,0,Sunny,3,0,1,2,32.120000000000005,2.2710724178868222,48.39,0.8431782540512285,108.5,141.22222222222223,203.0952380952381,6
2024-02-01,9,Casual Dining,Iced Lemon Tea,Lunch,"black tea, lemon, sugar syrup",1.2,3.27,4.25,428,1,0,Cloudy,3,0,1,2,0.98,1.2996941896024465,3.05,0.7176470588235294,308.8,363.87777777777774,348.31904761904764,3
2024-02-01,9,Casual Dining,Nasi Lemak,Lunch,"rice, coconut milk, sambal, anchovies, egg, peanuts",2.5,8.97,9.75,546,0,0,Rainy,3,0,1,2,0.7799999999999994,1.0869565217391304,7.25,0.7435897435897436,349.5,344.0833333333333,373.75,6
2024-02-01,10,Fine Dining,Iced Lemon Tea,Dinner,"black tea, lemon, sugar syrup",1.2,5.47,8.31,346,0,0,Sunny,3,0,1,2,2.8400000000000007,1.5191956124314443,7.11,0.855595667870036,308.8,363.87777777777774,348.31904761904764,3
2024-02-01,14,Food Stall,Cendol,Dinner,"rice flour jelly, coconut milk, palm sugar, red beans",2.0,3.67,5.56,433,0,0,Sunny,3,0,1,2,1.8899999999999997,1.5149863760217983,3.5599999999999996,0.6402877697841727,163.0,305.1666666666667,269.51190476190476,4
2024-02-01,14,Food Stall,Cendol,Dinner,"rice flour jelly, coconut milk, palm sugar, red beans",2.0,4.75,6.52,307,0,0,Sunny,3,0,1,2,1.7699999999999996,1.3726315789473684,4.52,0.6932515337423313,163.0,305.1666666666667,269.51190476190476,4
2024-02-01,14,Food Stall,Kaya Toast Set,Breakfast,"white bread, kaya, butter, soft-boiled eggs",2.8,7.13,8.27,717,0,0,Sunny,3,0,1,2,1.1399999999999997,1.1598877980364657,5.47,0.6614268440145102,360.0,354.11111111111114,441.552380952381,4
2024-02-01,18,Food Stall,Roti Canai,Dinner,"flour, ghee, egg, water, curry",0.8,1.85,2.75,355,0,0,Rainy,3,0,1,2,0.8999999999999999,1.4864864864864864,1.95,0.7090909090909091,205.5,254.8333333333334,359.0,5
2024-02-01,26,Food Stall,Cendol,Dinner,"rice flour jelly, coconut milk, palm sugar, red beans",2.0,3.63,7.32,226,0,0,Sunny,3,0,1,2,3.6900000000000004,2.0165289256198347,5.32,0.726775956284153,163.0,305.1666666666667,269.51190476190476,4
2024-02-01,26,Food Stall,Kaya Toast Set,Breakfast,"white bread, kaya, butter, soft-boiled eggs",2.8,6.67,7.39,654,0,1,Sunny,3,0,1,2,0.7199999999999998,1.1079460269865067,4.59,0.6211096075778079,360.0,354.11111111111114,441.552380952381,4
2024-02-01,30,Cafe,Cendol,Dinner,"rice flour jelly, coconut milk, palm sugar, red beans",2.0,7.69,8.17,407,0,0,Sunny,3,0,1,2,0.47999999999999954,1.0624187256176851,6.17,0.7552019583843329,163.0,305.1666666666667,269.51190476190476,4
2024-02-01,30,Cafe,Iced Lemon Tea,Lunch,"black tea, lemon, sugar syrup",1.2,4.13,4.8,562,0,0,Cloudy,3,0,1,2,0.6699999999999999,1.162227602905569,3.5999999999999996,0.75,308.8,363.87777777777774,348.31904761904764,3
2024-02-01,30,Cafe,Kaya Toast Set,Breakfast,"white bread, kaya, butter, soft-boiled eggs",2.8,11.43,9.34,558,0,0,Rainy,3,0,1,2,-2.09,0.8171478565179353,6.54,0.7002141327623127,360.0,354.11111111111114,441.552380952381,4
2024-02-01,31,Food Stall,Cendol,Lunch,"rice flour jelly, coconut milk, palm sugar, red beans",2.0,3.92,6.98,372,0,0,Rainy,3,0,1,2,3.0600000000000005,1.7806122448979593,4.98,0.7134670487106017,163.0,305.1666666666667,269.51190476190476,4
2024-02-01,34,Casual Dining,Chicken Rice,Lunch,"chicken, rice, ginger, garlic, chili sauce, cucumber",4.0,14.31,19.1,332,0,0,Sunny,3,0,1,2,4.790000000000001,1.3347309573724668,15.100000000000001,0.7905759162303665,208.0,212.33333333333334,238.23809523809524,6
2024-02-01,34,Casual Dining,Chicken Rice,Lunch,"chicken, rice, ginger, garlic, chili sauce, cucumber",4.0,10.91,18.98,526,0,1,Rainy,3,0,1,2,8.07,1.7396883593033914,14.98,0.7892518440463646,208.0,212.33333333333334,238.23809523809524,6
2024-02-01,35,Food Stall,Chicken Rice,Dinner,"chicken, rice, ginger, garlic, chili sauce, cucumber",4.0,7.04,12.19,257,0,0,Rainy,3,0,1,2,5.1499999999999995,1.7315340909090908,8.19,0.671862182116489,208.0,212.33333333333334,238.23809523809524,6
2024-02-01,36,Food Stall,Tandoori Chicken,Dinner,"chicken, yogurt, tandoori masala, ginger, garlic",7.0,13.13,26.51,173,0,0,Cloudy,3,0,1,2,13.38,2.019040365575019,19.51,0.7359486986043002,253.0,208.8333333333334,153.92857142857142,5
2024-02-01,36,Food Stall,Tandoori Chicken,Dinner,"chicken, yogurt, tandoori masala, ginger, garlic",7.0,16.8,17.15,378,1,0,Sunny,3,0,1,2,0.34999999999999787,1.0208333333333333,10.149999999999999,0.5918367346938775,253.0,208.8333333333334,153.92857142857142,5
2024-02-01,38,Fine Dining,Mushroom Soup,Dinner,"mushrooms, cream, onion, garlic, vegetable broth",3.5,15.19,30.12,96,0,0,Rainy,3,0,1,2,14.930000000000001,1.9828834759710336,26.62,0.8837981407702523,102.0,143.4166666666667,133.67857142857142,5
2024-02-01,40,Food Stall,Nasi Lemak,Breakfast,"rice, coconut milk, sambal, anchovies, egg, peanuts",2.5,6.09,6.65,435,0,0,Rainy,3,0,1,2,0.5600000000000005,1.0919540229885059,4.15,0.6240601503759399,349.5,344.0833333333333,373.75,6
2024-02-01,42,Fine Dining,Beef Rendang,Dinner,"beef, coconut milk, galangal, lemongrass, spices, chili",9.0,40.78,66.25,132,0,0,Rainy,3,0,1,2,25.47,1.6245708680725846,57.25,0.8641509433962264,108.5,141.22222222222223,203.0952380952381,6
2024-02-01,44,Food Stall,Kaya Toast Set,Breakfast,"white bread, kaya, butter, soft-boiled eggs",2.8,6.07,9.24,494,0,0,Rainy,3,0,1,2,3.17,1.5222405271828665,6.44,0.696969696969697,360.0,354.11111111111114,441.552380952381,4
2024-02-01,44,Food Stall,Laksa,Lunch,"rice noodles, fish broth, tamarind, shrimp paste, cucumber, mint",4.5,11.19,12.53,305,0,0,Sunny,3,0,1,2,1.3399999999999999,1.1197497765862376,8.03,0.6408619313647247,96.0,83.50000000000004,200.64285714285714,6
2024-02-01,49,Kopitiam,Chicken Rice,Dinner,"chicken, rice, ginger, garlic, chili sauce, cucumber",4.0,10.68,14.27,262,0,0,Rainy,3,0,1,2,3.59,1.3361423220973783,10.27,0.7196916608269096,208.0,212.33333333333334,238.23809523809524,6
2024-02-01,50,Food Stall,Tandoori Chicken,Dinner,"chicken, yogurt, tandoori masala, ginger, garlic",7.0,12.77,25.98,59,0,0,Sunny,3,0,1,2,13.21,2.034455755677369,18.98,0.7305619707467282,253.0,208.8333333333334,153.92857142857142,5
2024-02-02,5,Cafe,Kaya Toast Set,Breakfast,"white bread, kaya, butter, soft-boiled eggs",2.8,9.77,6.65,806,1,0,Rainy,4,0,2,2,-3.119999999999999,0.6806550665301946,3.8500000000000005,0.5789473684210527,605.75,452.47222222222223,448.6119047619048,4
2024-02-02,5,Cafe,Spaghetti Carbonara,Lunch,"spaghetti, eggs, cheese, beef bacon, black pepper",9.0,25.59,53.33,95,0,0,Cloudy,4,0,2,2,27.74,2.0840171942164907,44.33,0.8312394524657791,183.66666666666666,169.72222222222229,146.61904761904762,5
2024-02-02,7,Casual Dining,Cendol,Dinner,"rice flour jelly, coconut milk, palm sugar, red beans",2.0,6.96,12.04,133,0,0,Cloudy,4,0,2,2,5.079999999999999,1.7298850574712643,10.04,0.8338870431893688,349.0,295.8333333333333,304.9404761904762,4
2024-02-02,14,Food Stall,Beef Rendang,Lunch,"beef, coconut milk, galangal, lemongrass, spices, chili",9.0,20.23,34.91,174,0,0,Sunny,4,0,2,2,14.679999999999996,1.7256549678695006,25.909999999999997,0.7421942136923517,119.5,141.83333333333334,188.73809523809524,6
2024-02-02,14,Food Stall,Cendol,Dinner,"rice flour jelly, coconut milk, palm sugar, red beans",2.0,4.85,5.27,284,1,0,Rainy,4,0,2,2,0.41999999999999993,1.0865979381443298,3.2699999999999996,0.6204933586337761,349.0,295.8333333333333,304.9404761904762,4
2024-02-02,14,Food Stall,Teh Tarik,Dinner,"black tea, condensed milk, evaporated milk",0.9,1.94,3.56,210,0,0,Rainy,4,0,2,2,1.62,1.8350515463917527,2.66,0.7471910112359551,762.0,527.2777777777778,539.4761904761905,3
2024-02-02,16,Food Stall,Roti Canai,Dinner,"flour, ghee, egg, water, curry",0.8,1.79,2.0,660,1,0,Sunny,4,0,2,2,0.20999999999999996,1.1173184357541899,1.2,0.6,355.0,290.8333333333334,358.57142857142856,5
2024-02-02,16,Food Stall,Tandoori Chicken,Dinner,"chicken, yogurt, tandoori masala, ginger, garlic",7.0,15.76,24.48,25,0,0,Cloudy,4,0,2,2,8.72,1.5532994923857868,17.48,0.7140522875816994,171.5,174.00000000000009,164.85714285714286,5
2024-02-02,21,Casual Dining,Cendol,Dinner,"rice flour jelly, coconut milk, palm sugar, red beans",2.0,5.35,12.64,0,0,0,Sunny,4,0,2,2,7.290000000000001,2.362616822429907,10.64,0.8417721518987342,349.0,295.8333333333333,304.9404761904762,4
2024-02-02,22,Food Stall,Roti Canai,Breakfast,"flour, ghee, egg, water, curry",0.8,1.77,2.62,316,0,0,Cloudy,4,0,2,2,0.8500000000000001,1.480225988700565,1.82,0.6946564885496184,355.0,290.8333333333334,358.57142857142856,5
2024-02-02,23,Fine Dining,Iced Lemon Tea,Breakfast,"black tea, lemon, sugar syrup",1.2,5.3,7.88,299,0,1,Sunny,4,0,2,2,2.58,1.4867924528301888,6.68,0.8477157360406091,445.3333333333333,400.21111111111117,384.5095238095238,3
2024-02-02,30,Cafe,Mushroom Soup,Lunch,"mushrooms, cream, onion, garlic, vegetable broth",3.5,12.76,20.62,23,0,0,Rainy,4,0,2,2,7.860000000000001,1.615987460815047,17.12,0.8302618816682832,118.0,145.00000000000003,139.60714285714286,5
2024-02-02,30,Cafe,Mushroom Soup,Dinner,"mushrooms, cream, onion, garlic, vegetable broth",3.5,12.09,17.08,134,0,0,Cloudy,4,0,2,2,4.989999999999998,1.4127377998345738,13.579999999999998,0.7950819672131147,118.0,145.00000000000003,139.60714285714286,5
2024-02-02,30,Cafe,Teh Tarik,Breakfast,"black tea, condensed milk, evaporated milk",0.9,3.0,3.17,594,0,0,Rainy,4,0,2,2,0.16999999999999993,1.0566666666666666,2.27,0.7160883280757098,762.0,527.2777777777778,539.4761904761905,3
2024-02-02,40,Food Stall,Nasi Lemak,Lunch,"rice, coconut milk, sambal, anchovies, egg, peanuts",2.5,5.47,9.88,89,0,0,Cloudy,4,0,2,2,4.410000000000001,1.8062157221206583,7.380000000000001,0.7469635627530364,490.5,371.3333333333333,408.10714285714283,6
2024-02-02,46,Casual Dining,Teh Tarik,Breakfast,"black tea, condensed milk, evaporated milk",0.9,2.66,3.6,486,0,0,Cloudy,4,0,2,2,0.94,1.3533834586466165,2.7,0.75,762.0,527.2777777777778,539.4761904761905,3
2024-02-03,2,Food Stall,Roti Canai,Breakfast,"flour, ghee, egg, water, curry",0.8,2.09,2.5,283,0,0,Rainy,5,1,3,2,0.41000000000000014,1.1961722488038278,1.7,0.6799999999999999,488.0,349.50000000000006,355.7142857142857,5
2024-02-03,3,Cafe,Kaya Toast Set,Breakfast,"white bread, kaya, butter, soft-boiled eggs",2.8,10.02,9.7,444,0,0,Sunny,5,1,3,2,-0.3200000000000003,0.968063872255489,6.8999999999999995,0.711340206185567,806.0,590.5833333333334,516.4404761904763,4
2024-02-03,5,Cafe,Teh Tarik,Breakfast,"black tea, condensed milk, evaporated milk",0.9,2.61,3.8,842,0,0,Sunny,5,1,3,2,1.19,1.4559386973180077,2.9,0.7631578947368421,430.0,547.7777777777778,497.76190476190476,3
2024-02-03,7,Casual Dining,Cendol,Lunch,"rice flour jelly, coconut milk, palm sugar, red beans",2.0,6.46,10.78,232,0,0,Sunny,5,1,3,2,4.319999999999999,1.6687306501547987,8.78,0.8144712430426716,139.0,217.0,271.5476190476191,4
2024-02-03,7,Casual Dining,Teh Tarik,Dinner,"black tea, condensed milk, evaporated milk",0.9,2.21,3.64,840,1,0,Cloudy,5,1,3,2,1.4300000000000002,1.647058823529412,2.74,0.7527472527472527,430.0,547.7777777777778,497.76190476190476,3
2024-02-03,9,Casual Dining,Iced Lemon Tea,Dinner,"black tea, lemon, sugar syrup",1.2,3.76,4.64,697,1,0,Sunny,5,1,3,2,0.8799999999999999,1.2340425531914894,3.4399999999999995,0.7413793103448275,299.0,351.0444444444445,352.93809523809523,3
2024-02-03,11,Food Stall,Cendol,Lunch,"rice flour jelly, coconut milk, palm sugar, red beans",2.0,5.67,5.27,414,0,0,Cloudy,5,1,3,2,-0.40000000000000036,0.929453262786596,3.2699999999999996,0.6204933586337761,139.0,217.0,271.5476190476191,4
2024-02-03,11,Food Stall,Cendol,Dinner,"rice flour jelly, coconut milk, palm sugar, red beans",2.0,5.07,6.82,327,0,0,Rainy,5,1,3,2,1.75,1.3451676528599605,4.82,0.7067448680351907,139.0,217.0,271.5476190476191,4
2024-02-03,11,Food Stall,Cendol,Dinner,"rice flour jelly, coconut milk, palm sugar, red beans",2.0,5.06,6.85,257,0,0,Sunny,5,1,3,2,1.79,1.3537549407114624,4.85,0.708029197080292,139.0,217.0,271.5476190476191,4
2024-02-03,11,Food Stall,Teh Tarik,Dinner,"black tea, condensed milk, evaporated milk",0.9,2.23,1.88,839,1,0,Sunny,5,1,3,2,-0.3500000000000001,0.8430493273542601,0.9799999999999999,0.5212765957446808,430.0,547.7777777777778,497.76190476190476,3
2024-02-03,15,Food Stall,Nasi Lemak,Lunch,"rice, coconut milk, sambal, anchovies, egg, peanuts",2.5,5.27,8.48,324,0,0,Cloudy,5,1,3,2,3.210000000000001,1.6091081593927896,5.98,0.7051886792452831,89.0,309.6666666666667,399.9642857142857,6
2024-02-03,18,Food Stall,Tandoori Chicken,Dinner,"chicken, yogurt, tandoori masala, ginger, garlic",7.0,16.28,32.02,91,0,0,Cloudy,5,1,3,2,15.740000000000002,1.9668304668304668,25.020000000000003,0.7813866333541537,25.0,149.8333333333334,141.0,5
2024-02-03,19,Casual Dining,Char Kway Teow,Dinner,"flat rice noodles, prawns, cockles, bean sprouts, chives, soy sauce",5.0,13.36,31.47,100,0,0,Cloudy,5,1,3,2,18.11,2.355538922155689,26.47,0.8411185255799174,295.0,219.66666666666666,195.9761904761905,6
2024-02-03,19,Casual Dining,Chicken Rice,Lunch,"chicken, rice, ginger, garlic, chili sauce, cucumber",4.0,11.27,20.24,330,0,0,Sunny,5,1,3,2,8.969999999999999,1.7959183673469388,16.24,0.8023715415019763,344.25,261.0833333333333,247.60714285714286,6
2024-02-03,20,Casual Dining,Chicken Chop,Dinner,"chicken thigh, black pepper sauce, fries, coleslaw",8.0,22.87,44.0,48,0,0,Cloudy,5,1,3,2,21.13,1.9239177962396152,36.0,0.8181818181818182,153.5,114.5,169.5,4
2024-02-03,20,Casual Dining,Kaya Toast Set,Breakfast,"white bread, kaya, butter, soft-boiled eggs",2.8,9.39,13.68,401,0,0,Rainy,5,1,3,2,4.289999999999999,1.4568690095846644,10.879999999999999,0.7953216374269005,806.0,590.5833333333334,516.4404761904763,4
2024-02-03,23,Fine Dining,Spaghetti Carbonara,Lunch,"spaghetti, eggs, cheese, beef bacon, black pepper",9.0,54.43,60.19,200,0,0,Sunny,5,1,3,2,5.759999999999998,1.1058239941208892,51.19,0.850473500581492,95.0,129.55555555555563,146.95238095238093,5
2024-02-03,30,Cafe,Iced Lemon Tea,Breakfast,"black tea, lemon, sugar syrup",1.2,4.24,4.97,472,0,0,Cloudy,5,1,3,2,0.7299999999999995,1.1721698113207546,3.7699999999999996,0.7585513078470825,299.0,351.0444444444445,352.93809523809523,3
2024-02-03,32,Fine Dining,Spaghetti Carbonara,Dinner,"spaghetti, eggs, cheese, beef bacon, black pepper",9.0,46.21,43.15,185,1,0,Sunny,5,1,3,2,-3.0600000000000023,0.9337805669768448,34.15,0.7914252607184241,95.0,129.55555555555563,146.95238095238093,5
2024-02-03,35,Food Stall,Cendol,Dinner,"rice flour jelly, coconut milk, palm sugar, red beans",2.0,4.71,7.13,324,0,0,Cloudy,5,1,3,2,2.42,1.51380042462845,5.13,0.7194950911640954,139.0,217.0,271.5476190476191,4
2024-02-03,36,Food Stall,Tandoori Chicken,Dinner,"chicken, yogurt, tandoori masala, ginger, garlic",7.0,16.85,25.73,97,0,0,Sunny,5,1,3,2,8.879999999999999,1.5270029673590504,18.73,0.7279440342013214,25.0,149.8333333333334,141.0,5
2024-02-03,37,Food Stall,Kaya Toast Set,Breakfast,"white bread, kaya, butter, soft-boiled eggs",2.8,6.81,9.28,574,0,0,Cloudy,5,1,3,2,2.4699999999999998,1.3627019089574155,6.4799999999999995,0.6982758620689655,806.0,590.5833333333334,516.4404761904763,4
2024-02-03,38,Fine Dining,Iced Lemon Tea,Dinner,"black tea, lemon, sugar syrup",1.2,5.94,4.55,646,1,0,Cloudy,5,1,3,2,-1.3900000000000006,0.7659932659932659,3.3499999999999996,0.7362637362637362,299.0,351.0444444444445,352.93809523809523,3
2024-02-03,38,Fine Dining,Nasi Lemak,Lunch,"rice, coconut milk, sambal, anchovies, egg, peanuts",2.5,13.19,16.25,508,0,0,Rainy,5,1,3,2,3.0600000000000005,1.2319939347990903,13.75,0.8461538461538461,89.0,309.6666666666667,399.9642857142857,6
2024-02-03,46,Casual Dining,Mushroom Soup,Dinner,"mushrooms, cream, onion, garlic, vegetable broth",3.5,11.49,19.51,138,0,0,Cloudy,5,1,3,2,8.020000000000001,1.6979982593559617,16.01,0.8206048180420298,78.5,99.50000000000004,131.82142857142858,5
2024-02-03,46,Casual Dining,Spaghetti Carbonara,Lunch,"spaghetti, eggs, cheese, beef bacon, black pepper",9.0,26.74,50.74,104,0,0,Sunny,5,1,3,2,24.000000000000004,1.8975317875841438,41.74,0.8226251478123768,95.0,129.55555555555563,146.95238095238093,5
2024-02-03,47,Food Stall,Cendol,Lunch,"rice flour jelly, coconut milk, palm sugar, red beans",2.0,5.56,6.35,415,0,0,Sunny,5,1,3,2,0.79,1.1420863309352518,4.35,0.6850393700787402,139.0,217.0,271.5476190476191,4
2024-02-03,47,Food Stall,Laksa,Lunch,"rice noodles, fish broth, tamarind, shrimp paste, cucumber, mint",4.5,11.09,13.62,245,0,0,Sunny,5,1,3,2,2.5299999999999994,1.2281334535617674,9.12,0.6696035242290749,305.0,145.33333333333337,202.21428571428572,6
2024-02-03,48,Casual Dining,Chicken Rice,Dinner,"chicken, rice, ginger, garlic, chili sauce, cucumber",4.0,14.14,15.83,239,1,0,Cloudy,5,1,3,2,1.6899999999999995,1.1195190947666194,11.83,0.7473152242577384,344.25,261.0833333333333,247.60714285714286,6
2024-02-03,50,Food Stall,Tandoori Chicken,Dinner,"chicken, yogurt, tandoori masala, ginger, garlic",7.0,15.86,25.24,55,0,0,Cloudy,5,1,3,2,9.379999999999999,1.5914249684741488,18.24,0.722662440570523,25.0,149.8333333333334,141.0,5
2024-02-04,2,Food Stall,Tandoori Chicken,Dinner,"chicken, yogurt, tandoori masala, ginger, garlic",7.0,15.14,31.95,70,0,0,Sunny,6,1,4,2,16.81,2.1103038309114925,24.95,0.7809076682316118,81.0,92.50000000000006,146.71428571428572,5
2024-02-04,2,Food Stall,Tandoori Chicken,Dinner,"chicken, yogurt, tandoori masala, ginger, garlic",7.0,16.76,21.69,185,0,0,Sunny,6,1,4,2,4.93,1.2941527446300716,14.690000000000001,0.6772706316274781,81.0,92.50000000000006,146.71428571428572,5
2024-02-04,3,Cafe,Iced Lemon Tea,Lunch,"black tea, lemon, sugar syrup",1.2,4.24,5.22,494,0,0,Sunny,6,1,4,2,0.9799999999999995,1.231132075471698,4.02,0.7701149425287356,605.0,449.7777777777778,403.1380952380952,3
2024-02-04,3,Cafe,Nasi Lemak,Breakfast,"rice, coconut milk, sambal, anchovies, egg, peanuts",2.5,8.41,10.97,393,0,0,Sunny,6,1,4,2,2.5600000000000005,1.3043995243757431,8.47,0.772105742935278,416.0,331.83333333333337,357.39285714285717,6
2024-02-04,4,Cafe,Beef Rendang,Lunch,"beef, coconut milk, galangal, lemongrass, spices, chili",9.0,37.34,39.11,179,0,0,Sunny,6,1,4,2,1.769999999999996,1.047402249598286,30.11,0.7698798261314241,174.0,134.0,155.30952380952382,6
2024-02-04,5,Cafe,Iced Lemon Tea,Lunch,"black tea, lemon, sugar syrup",1.2,4.88,4.73,542,0,0,Sunny,6,1,4,2,-0.14999999999999947,0.9692622950819674,3.5300000000000002,0.7463002114164905,605.0,449.7777777777778,403.1380952380952,3
2024-02-04,6,Fine Dining,Chicken Chop,Lunch,"chicken thigh, black pepper sauce, fries, coleslaw",8.0,30.93,47.82,274,0,0,Sunny,6,1,4,2,16.89,1.5460717749757518,39.82,0.8327059807611877,48.0,105.16666666666667,139.21428571428572,4
2024-02-04,9,Casual Dining,Beef Rendang,Lunch,"beef, coconut milk, galangal, lemongrass, spices, chili",9.0,30.57,41.34,154,0,0,Sunny,6,1,4,2,10.770000000000003,1.352306182531894,32.34,0.7822931785195937,174.0,134.0,155.30952380952382,6
2024-02-04,10,Fine Dining,Chicken Chop,Lunch,"chicken thigh, black pepper sauce, fries, coleslaw",8.0,42.16,64.37,87,0,0,Sunny,6,1,4,2,22.210000000000008,1.5268026565464898,56.370000000000005,0.875718502407954,48.0,105.16666666666667,139.21428571428572,4
2024-02-04,12,Cafe,Iced Lemon Tea,Lunch,"black tea, lemon, sugar syrup",1.2,3.42,5.02,308,0,0,Cloudy,6,1,4,2,1.5999999999999996,1.4678362573099415,3.8199999999999994,0.7609561752988048,605.0,449.7777777777778,403.1380952380952,3
2024-02-04,13,Food Stall,Teh Tarik,Breakfast,"black tea, condensed milk, evaporated milk",0.9,2.28,2.74,809,0,0,Sunny,6,1,4,2,0.4600000000000004,1.2017543859649125,1.8400000000000003,0.6715328467153285,840.3333333333334,677.4444444444445,555.2380952380953,3
2024-02-04,15,Food Stall,Beef Rendang,Lunch,"beef, coconut milk, galangal, lemongrass, spices, chili",9.0,21.74,33.85,13,0,0,Sunny,6,1,4,2,12.110000000000003,1.5570377184912605,24.85,0.7341211225997046,174.0,134.0,155.30952380952382,6
2024-02-04,15,Food Stall,Teh Tarik,Breakfast,"black tea, condensed milk, evaporated milk",0.9,1.75,2.06,1492,1,0,Sunny,6,1,4,2,0.31000000000000005,1.1771428571428573,1.1600000000000001,0.5631067961165049,840.3333333333334,677.4444444444445,555.2380952380953,3
2024-02-04,17,Food Stall,Cendol,Lunch,"rice flour jelly, coconut milk, palm sugar, red beans",2.0,4.96,6.02,409,0,0,Cloudy,6,1,4,2,1.0599999999999996,1.2137096774193548,4.02,0.6677740863787375,328.1666666666667,272.0555555555556,290.23809523809524,4
2024-02-04,19,Casual Dining,Char Kway Teow,Dinner,"flat rice noodles, prawns, cockles, bean sprouts, chives, soy sauce",5.0,13.08,13.2,421,1,0,Cloudy,6,1,4,2,0.11999999999999922,1.0091743119266054,8.2,0.6212121212121212,100.0,166.66666666666666,207.04761904761907,6
2024-02-04,20,Casual Dining,Teh Tarik,Dinner,"black tea, condensed milk, evaporated milk",0.9,2.74,4.59,326,0,0,Cloudy,6,1,4,2,1.8499999999999996,1.6751824817518246,3.69,0.803921568627451,840.3333333333334,677.4444444444445,555.2380952380953,3
2024-02-04,22,Food Stall,Tandoori Chicken,Dinner,"chicken, yogurt, tandoori masala, ginger, garlic",7.0,15.03,20.91,261,0,0,Cloudy,6,1,4,2,5.880000000000001,1.3912175648702596,13.91,0.6652319464371115,81.0,92.50000000000006,146.71428571428572,5
2024-02-04,23,Fine Dining,Nasi Lemak,Breakfast,"rice, coconut milk, sambal, anchovies, egg, peanuts",2.5,11.24,16.01,378,0,0,Cloudy,6,1,4,2,4.770000000000001,1.4243772241992885,13.510000000000002,0.8438475952529669,416.0,331.83333333333337,357.39285714285717,6
2024-02-04,30,Cafe,Spaghetti Carbonara,Lunch,"spaghetti, eggs, cheese, beef bacon, black pepper",9.0,29.5,41.85,118,0,0,Sunny,6,1,4,2,12.350000000000001,1.4186440677966101,32.85,0.7849462365591398,163.0,147.22222222222229,136.66666666666666,5
2024-02-04,32,Fine Dining,Chicken Chop,Lunch,"chicken thigh, black pepper sauce, fries, coleslaw",8.0,30.19,55.34,392,0,1,Sunny,6,1,4,2,25.150000000000002,1.8330573037429614,47.34,0.8554391037224431,48.0,105.16666666666667,139.21428571428572,4
2024-02-04,33,Cafe,Teh Tarik,Dinner,"black tea, condensed milk, evaporated milk",0.9,2.5,3.96,544,0,0,Sunny,6,1,4,2,1.46,1.584,3.06,0.7727272727272727,840.3333333333334,677.4444444444445,555.2380952380953,3
2024-02-04,37,Food Stall,Cendol,Lunch,"rice flour jelly, coconut milk, palm sugar, red beans",2.0,4.29,6.37,516,0,0,Sunny,6,1,4,2,2.08,1.4848484848484849,4.37,0.6860282574568289,328.1666666666667,272.0555555555556,290.23809523809524,4
2024-02-04,38,Fine Dining,Beef Rendang,Dinner,"beef, coconut milk, galangal, lemongrass, spices, chili",9.0,41.25,68.87,0,0,0,Cloudy,6,1,4,2,27.620000000000005,1.6695757575757577,59.870000000000005,0.8693190068244518,174.0,134.0,155.30952380952382,6
2024-02-04,40,Food Stall,Nasi Lemak,Lunch,"rice, coconut milk, sambal, anchovies, egg, peanuts",2.5,5.5,8.67,190,0,0,Rainy,6,1,4,2,3.17,1.5763636363636364,6.17,0.7116493656286044,416.0,331.83333333333337,357.39285714285717,6
2024-02-04,42,Fine Dining,Nasi Lemak,Breakfast,"rice, coconut milk, sambal, anchovies, egg, peanuts",2.5,14.2,16.42,239,0,0,Sunny,6,1,4,2,2.2200000000000024,1.1563380281690143,13.920000000000002,0.8477466504263094,416.0,331.83333333333337,357.39285714285717,6
2024-02-04,43,Casual Dining,Nasi Lemak,Lunch,"rice, coconut milk, sambal, anchovies, egg, peanuts",2.5,7.26,11.57,336,0,0,Sunny,6,1,4,2,4.3100000000000005,1.59366391184573,9.07,0.783923941227312,416.0,331.83333333333337,357.39285714285717,6
2024-02-04,45,Food Stall,Chicken Rice,Lunch,"chicken, rice, ginger, garlic, chili sauce, cucumber",4.0,7.17,12.66,187,0,0,Sunny,6,1,4,2,5.49,1.7656903765690377,8.66,0.684044233807267,284.5,278.9166666666667,261.67857142857144,6
2024-02-04,50,Food Stall,Roti Canai,Dinner,"flour, ghee, egg, water, curry",0.8,1.81,1.57,661,1,0,Rainy,6,1,4,2,-0.24,0.8674033149171271,0.77,0.49044585987261147,283.0,375.3333333333334,343.64285714285717,5
2024-02-05,1,Food Stall,Beef Rendang,Dinner,"beef, coconut milk, galangal, lemongrass, spices, chili",9.0,17.56,28.96,0,1,0,Sunny,0,0,5,2,11.400000000000002,1.6492027334851938,19.96,0.6892265193370166,86.5,126.66666666666667,145.80952380952382,6
2024-02-05,3,Cafe,Beef Rendang,Dinner,"beef, coconut milk, galangal, lemongrass, spices, chili",9.0,33.73,50.07,99,0,1,Sunny,0,0,5,2,16.340000000000003,1.4844352208716278,41.07,0.8202516476932294,86.5,126.66666666666667,145.80952380952382,6
2024-02-05,4,Cafe,Spaghetti Carbonara,Lunch,"spaghetti, eggs, cheese, beef bacon, black pepper",9.0,31.92,40.66,126,0,0,Rainy,0,0,5,2,8.739999999999995,1.2738095238095237,31.659999999999997,0.778652238071815,118.0,125.33333333333341,130.95238095238096,5
2024-02-05,5,Cafe,Teh Tarik,Breakfast,"black tea, condensed milk, evaporated milk",0.9,2.92,3.77,619,0,0,Sunny,0,0,5,2,0.8500000000000001,1.2910958904109588,2.87,0.7612732095490716,792.75,687.6944444444445,578.1309523809524,3
2024-02-05,8,Casual Dining,Kaya Toast Set,Breakfast,"white bread, kaya, butter, soft-boiled eggs",2.8,9.12,12.63,348,0,0,Rainy,0,0,5,2,3.5100000000000016,1.3848684210526319,9.830000000000002,0.7783056215360254,473.0,628.25,502.08333333333337,4
2024-02-05,10,Fine Dining,Iced Lemon Tea,Dinner,"black tea, lemon, sugar syrup",1.2,6.62,8.33,170,0,0,Sunny,0,0,5,2,1.71,1.258308157099698,7.13,0.8559423769507802,448.0,450.6666666666667,412.70952380952383,3
2024-02-05,15,Food Stall,Cendol,Dinner,"rice flour jelly, coconut milk, palm sugar, red beans",2.0,4.85,9.2,75,0,0,Cloudy,0,0,5,2,4.35,1.8969072164948453,7.199999999999999,0.782608695652174,462.5,309.8888888888889,313.4523809523809,4
2024-02-05,15,Food Stall,Nasi Lemak,Breakfast,"rice, coconut milk, sambal, anchovies, egg, peanuts",2.5,4.61,8.87,377,0,0,Sunny,0,0,5,2,4.259999999999999,1.9240780911062905,6.369999999999999,0.7181510710259301,307.2,270.73333333333335,333.5642857142857,6
2024-02-05,16,Food Stall,Roti Canai,Dinner,"flour, ghee, egg, water, curry",0.8,1.83,2.83,366,0,0,Cloudy,0,0,5,2,1.0,1.546448087431694,2.0300000000000002,0.7173144876325089,661.0,477.3333333333334,364.5,5
2024-02-05,17,Food Stall,Kaya Toast Set,Breakfast,"white bread, kaya, butter, soft-boiled eggs",2.8,6.22,8.74,151,0,0,Sunny,0,0,5,2,2.5200000000000005,1.4051446945337622,5.94,0.6796338672768879,473.0,628.25,502.08333333333337,4
2024-02-05,17,Food Stall,Laksa,Lunch,"rice noodles, fish broth, tamarind, shrimp paste, cucumber, mint",4.5,10.68,19.93,91,0,0,Rainy,0,0,5,2,9.25,1.8661048689138577,15.43,0.7742097340692423,245.0,215.33333333333337,180.64285714285714,6
2024-02-05,19,Casual Dining,Cendol,Dinner,"rice flour jelly, coconut milk, palm sugar, red beans",2.0,5.32,11.58,88,0,0,Rainy,0,0,5,2,6.26,2.1766917293233083,9.58,0.8272884283246977,462.5,309.8888888888889,313.4523809523809,4
2024-02-05,19,Casual Dining,Cendol,Lunch,"rice flour jelly, coconut milk, palm sugar, red beans",2.0,5.93,13.01,81,0,0,Sunny,0,0,5,2,7.08,2.193929173693086,11.01,0.846272098385857,462.5,309.8888888888889,313.4523809523809,4
2024-02-05,21,Casual Dining,Teh Tarik,Breakfast,"black tea, condensed milk, evaporated milk",0.9,2.18,4.59,355,0,0,Rainy,0,0,5,2,2.4099999999999997,2.1055045871559632,3.69,0.803921568627451,792.75,687.6944444444445,578.1309523809524,3
2024-02-05,23,Fine Dining,Mushroom Soup,Dinner,"mushrooms, cream, onion, garlic, vegetable broth",3.5,19.28,27.43,37,0,0,Sunny,0,0,5,2,8.149999999999999,1.4227178423236513,23.93,0.8724024790375501,138.0,111.50000000000004,124.67857142857143,5
2024-02-05,23,Fine Dining,Nasi Lemak,Lunch,"rice, coconut milk, sambal, anchovies, egg, peanuts",2.5,14.38,17.93,195,0,0,Sunny,0,0,5,2,3.549999999999999,1.2468706536856744,15.43,0.860568878973787,307.2,270.73333333333335,333.5642857142857,6
2024-02-05,26,Food Stall,Beef Rendang,Lunch,"beef, coconut milk, galangal, lemongrass, spices, chili",9.0,22.37,32.53,80,0,0,Cloudy,0,0,5,2,10.16,1.4541797049620027,23.53,0.7233323086381801,86.5,126.66666666666667,145.80952380952382,6
2024-02-05,26,Food Stall,Nasi Lemak,Lunch,"rice, coconut milk, sambal, anchovies, egg, peanuts",2.5,5.47,10.2,108,0,0,Rainy,0,0,5,2,4.7299999999999995,1.8647166361974405,7.699999999999999,0.7549019607843137,307.2,270.73333333333335,333.5642857142857,6
2024-02-05,31,Food Stall,Cendol,Lunch,"rice flour jelly, coconut milk, palm sugar, red beans",2.0,4.52,6.75,298,0,0,Sunny,0,0,5,2,2.2300000000000004,1.4933628318584071,4.75,0.7037037037037037,462.5,309.8888888888889,313.4523809523809,4
2024-02-05,32,Fine Dining,Iced Lemon Tea,Dinner,"black tea, lemon, sugar syrup",1.2,4.67,8.54,188,0,0,Sunny,0,0,5,2,3.869999999999999,1.8286937901498928,7.339999999999999,0.8594847775175644,448.0,450.6666666666667,412.70952380952383,3
2024-02-05,32,Fine Dining,Mushroom Soup,Dinner,"mushrooms, cream, onion, garlic, vegetable broth",3.5,16.3,24.88,0,0,0,Sunny,0,0,5,2,8.579999999999998,1.5263803680981594,21.38,0.8593247588424437,138.0,111.50000000000004,124.67857142857143,5
2024-02-05,33,Cafe,Spaghetti Carbonara,Dinner,"spaghetti, eggs, cheese, beef bacon, black pepper",9.0,31.06,46.87,146,0,0,Sunny,0,0,5,2,15.809999999999999,1.509014810045074,37.87,0.8079795178152336,118.0,125.33333333333341,130.95238095238096,5
2024-02-05,38,Fine Dining,Chicken Chop,Lunch,"chicken thigh, black pepper sauce, fries, coleslaw",8.0,42.06,60.88,134,0,0,Cloudy,0,0,5,2,18.82,1.4474560152163576,52.88,0.8685939553219448,251.0,150.83333333333334,125.35714285714286,4
2024-02-05,38,Fine Dining,Chicken Chop,Dinner,"chicken thigh, black pepper sauce, fries, coleslaw",8.0,44.57,66.66,72,0,0,Cloudy,0,0,5,2,22.089999999999996,1.4956248597711463,58.66,0.87998799879988,251.0,150.83333333333334,125.35714285714286,4
2024-02-05,38,Fine Dining,Iced Lemon Tea,Breakfast,"black tea, lemon, sugar syrup",1.2,6.02,6.07,651,1,0,Sunny,0,0,5,2,0.05000000000000071,1.0083056478405317,4.87,0.8023064250411861,448.0,450.6666666666667,412.70952380952383,3
2024-02-05,39,Casual Dining,Beef Rendang,Dinner,"beef, coconut milk, galangal, lemongrass, spices, chili",9.0,27.7,57.71,39,0,0,Sunny,0,0,5,2,30.01,2.0833935018050544,48.71,0.8440478253335644,86.5,126.66666666666667,145.80952380952382,6
2024-02-05,41,Cafe,Chicken Chop,Lunch,"chicken thigh, black pepper sauce, fries, coleslaw",8.0,30.17,37.11,120,0,0,Sunny,0,0,5,2,6.939999999999998,1.2300298309579052,29.11,0.7844246833737537,251.0,150.83333333333334,125.35714285714286,4
2024-02-05,43,Casual Dining,Mushroom Soup,Lunch,"mushrooms, cream, onion, garlic, vegetable broth",3.5,10.86,20.0,95,1,0,Sunny,0,0,5,2,9.14,1.841620626151013,16.5,0.825,138.0,111.50000000000004,124.67857142857143,5
2024-02-05,44,Food Stall,Teh Tarik,Lunch,"black tea, condensed milk, evaporated milk",0.9,1.87,1.92,953,1,1,Sunny,0,0,5,2,0.04999999999999982,1.0267379679144384,1.02,0.53125,792.75,687.6944444444445,578.1309523809524,3
2024-02-05,45,Food Stall,Cendol,Dinner,"rice flour jelly, coconut milk, palm sugar, red beans",2.0,4.52,6.11,161,0,0,Sunny,0,0,5,2,1.5900000000000007,1.351769911504425,4.11,0.6726677577741408,462.5,309.8888888888889,313.4523809523809,4
2024-02-05,48,Casual Dining,Kaya Toast Set,Breakfast,"white bread, kaya, butter, soft-boiled eggs",2.8,7.09,8.7,686,1,0,Cloudy,0,0,5,2,1.6099999999999994,1.2270803949224258,5.8999999999999995,0.6781609195402298,473.0,628.25,502.08333333333337,4
2024-02-05,50,Food Stall,Roti Canai,Dinner,"flour, ghee, egg, water, curry",0.8,1.95,1.78,759,1,0,Rainy,0,0,5,2,-0.16999999999999993,0.9128205128205129,0.98,0.550561797752809,661.0,477.3333333333334,364.5,5
2024-02-06,1,Food Stall,Nasi Lemak,Breakfast,"rice, coconut milk, sambal, anchovies, egg, peanuts",2.5,6.23,7.85,265,0,0,Cloudy,1,0,6,2,1.6199999999999992,1.2600321027287318,5.35,0.6815286624203821,226.66666666666666,316.62222222222226,307.552380952381,6
2024-02-06,2,Food Stall,Roti Canai,Breakfast,"flour, ghee, egg, water, curry",0.8,1.77,2.63,136,0,0,Rainy,1,0,6,2,0.8599999999999999,1.4858757062146892,1.8299999999999998,0.6958174904942965,562.5,502.16666666666674,409.57142857142856,5
2024-02-06,2,Food Stall,Tandoori Chicken,Dinner,"chicken, yogurt, tandoori masala, ginger, garlic",7.0,12.94,30.27,64,0,0,Sunny,1,0,6,2,17.33,2.339258114374034,23.27,0.7687479352494219,172.0,92.66666666666673,153.71428571428572,5
2024-02-06,4,Cafe,Cendol,Dinner,"rice flour jelly, coconut milk, palm sugar, red beans",2.0,6.74,9.09,252,0,0,Sunny,1,0,6,2,2.3499999999999996,1.3486646884272997,7.09,0.7799779977997799,140.6,310.4222222222222,279.68095238095236,4
2024-02-06,16,Food Stall,Tandoori Chicken,Dinner,"chicken, yogurt, tandoori masala, ginger, garlic",7.0,13.56,24.64,114,0,0,Cloudy,1,0,6,2,11.08,1.817109144542773,17.64,0.7159090909090909,172.0,92.66666666666673,153.71428571428572,5
2024-02-06,17,Food Stall,Cendol,Dinner,"rice flour jelly, coconut milk, palm sugar, red beans",2.0,4.29,5.1,502,1,0,Sunny,1,0,6,2,0.8099999999999996,1.1888111888111887,3.0999999999999996,0.6078431372549019,140.6,310.4222222222222,279.68095238095236,4
2024-02-06,17,Food Stall,Teh Tarik,Breakfast,"black tea, condensed milk, evaporated milk",0.9,2.2,2.88,282,0,0,Rainy,1,0,6,2,0.6799999999999997,1.3090909090909089,1.98,0.6875,642.3333333333334,758.4722222222223,612.4642857142857,3
2024-02-06,19,Casual Dining,Teh Tarik,Dinner,"black tea, condensed milk, evaporated milk",0.9,3.01,3.15,737,1,0,Rainy,1,0,6,2,0.14000000000000012,1.0465116279069768,2.25,0.7142857142857143,642.3333333333334,758.4722222222223,612.4642857142857,3
2024-02-06,21,Casual Dining,Iced Lemon Tea,Lunch,"black tea, lemon, sugar syrup",1.2,3.16,4.93,487,0,0,Sunny,1,0,6,2,1.7699999999999996,1.560126582278481,3.7299999999999995,0.7565922920892495,336.3333333333333,463.11111111111114,412.70952380952383,3
2024-02-06,22,Food Stall,Roti Canai,Breakfast,"flour, ghee, egg, water, curry",0.8,1.71,2.33,430,0,1,Rainy,1,0,6,2,0.6200000000000001,1.3625730994152048,1.53,0.6566523605150214,562.5,502.16666666666674,409.57142857142856,5
2024-02-06,22,Food Stall,Tandoori Chicken,Dinner,"chicken, yogurt, tandoori masala, ginger, garlic",7.0,13.15,27.96,164,0,0,Sunny,1,0,6,2,14.81,2.1262357414448667,20.96,0.7496423462088698,172.0,92.66666666666673,153.71428571428572,5
2024-02-06,23,Fine Dining,Iced Lemon Tea,Lunch,"black tea, lemon, sugar syrup",1.2,5.03,8.08,217,0,0,Sunny,1,0,6,2,3.05,1.6063618290258448,6.88,0.8514851485148515,336.3333333333333,463.11111111111114,412.70952380952383,3
2024-02-06,26,Food Stall,Cendol,Dinner,"rice flour jelly, coconut milk, palm sugar, red beans",2.0,4.76,4.91,358,1,0,Rainy,1,0,6,2,0.15000000000000036,1.031512605042017,2.91,0.5926680244399185,140.6,310.4222222222222,279.68095238095236,4
2024-02-06,28,Fine Dining,Chicken Chop,Dinner,"chicken thigh, black pepper sauce, fries, coleslaw",8.0,40.33,63.84,127,0,0,Rainy,1,0,6,2,23.510000000000005,1.5829407389040417,55.84,0.87468671679198,108.66666666666667,135.88888888888889,119.73809523809523,4
2024-02-06,29,Food Stall,Chicken Rice,Dinner,"chicken, rice, ginger, garlic, chili sauce, cucumber",4.0,8.56,9.65,453,1,0,Cloudy,1,0,6,2,1.0899999999999999,1.1273364485981308,5.65,0.5854922279792746,187.0,271.9166666666667,229.96428571428572,6
2024-02-06,30,Cafe,Cendol,Lunch,"rice flour jelly, coconut milk, palm sugar, red beans",2.0,8.08,10.5,65,0,0,Sunny,1,0,6,2,2.42,1.2995049504950495,8.5,0.8095238095238095,140.6,310.4222222222222,279.68095238095236,4
2024-02-06,30,Cafe,Spaghetti Carbonara,Dinner,"spaghetti, eggs, cheese, beef bacon, black pepper",9.0,37.18,52.51,121,0,0,Sunny,1,0,6,2,15.329999999999998,1.4123184507799893,43.51,0.8286040754142068,136.0,139.00000000000009,145.88095238095238,5
2024-02-06,32,Fine Dining,Chicken Chop,Lunch,"chicken thigh, black pepper sauce, fries, coleslaw",8.0,41.11,49.54,183,0,0,Cloudy,1,0,6,2,8.43,1.2050595962053028,41.54,0.838514331853048,108.66666666666667,135.88888888888889,119.73809523809523,4
2024-02-06,33,Cafe,Teh Tarik,Lunch,"black tea, condensed milk, evaporated milk",0.9,2.61,3.94,515,0,0,Sunny,1,0,6,2,1.33,1.5095785440613028,3.04,0.7715736040609137,642.3333333333334,758.4722222222223,612.4642857142857,3
2024-02-06,34,Casual Dining,Teh Tarik,Lunch,"black tea, condensed milk, evaporated milk",0.9,3.13,3.67,253,0,0,Cloudy,1,0,6,2,0.54,1.1725239616613419,2.77,0.7547683923705722,642.3333333333334,758.4722222222223,612.4642857142857,3
2024-02-06,36,Food Stall,Tandoori Chicken,Dinner,"chicken, yogurt, tandoori masala, ginger, garlic",7.0,17.72,29.61,43,0,0,Cloudy,1,0,6,2,11.89,1.6709932279909707,22.61,0.7635933806146572,172.0,92.66666666666673,153.71428571428572,5
2024-02-06,42,Fine Dining,Nasi Lemak,Lunch,"rice, coconut milk, sambal, anchovies, egg, peanuts",2.5,10.72,16.78,165,0,0,Sunny,1,0,6,2,6.0600000000000005,1.5652985074626866,14.280000000000001,0.8510131108462455,226.66666666666666,316.62222222222226,307.552380952381,6
2024-02-06,44,Food Stall,Kaya Toast Set,Breakfast,"white bread, kaya, butter, soft-boiled eggs",2.8,6.69,9.42,453,0,0,Cloudy,1,0,6,2,2.7299999999999995,1.4080717488789236,6.62,0.7027600849256901,395.0,558.0,477.4404761904762,4
2024-02-06,49,Kopitiam,Cendol,Dinner,"rice flour jelly, coconut milk, palm sugar, red beans",2.0,4.47,9.24,64,0,0,Sunny,1,0,6,2,4.7700000000000005,2.0671140939597317,7.24,0.7835497835497836,140.6,310.4222222222222,279.68095238095236,4
2024-02-06,49,Kopitiam,Char Kway Teow,Lunch,"flat rice noodles, prawns, cockles, bean sprouts, chives, soy sauce",5.0,13.29,13.31,342,1,0,Cloudy,1,0,6,2,0.02000000000000135,1.0015048908954103,8.31,0.6243425995492111,421.0,272.0,238.0,6
2024-02-07,5,Cafe,Chicken Chop,Lunch,"chicken thigh, black pepper sauce, fries, coleslaw",8.0,28.92,42.76,61,0,0,Cloudy,2,0,7,2,13.839999999999996,1.478561549100968,34.76,0.8129092609915809,155.0,171.55555555555557,129.45238095238096,4
2024-02-07,5,Cafe,Iced Lemon Tea,Breakfast,"black tea, lemon, sugar syrup",1.2,3.65,5.6,309,0,0,Sunny,2,0,7,2,1.9499999999999997,1.5342465753424657,4.3999999999999995,0.7857142857142857,352.0,378.7777777777778,399.20952380952383,3
2024-02-07,6,Fine Dining,Mushroom Soup,Dinner,"mushrooms, cream, onion, garlic, vegetable broth",3.5,18.77,26.56,6,0,0,Cloudy,2,0,7,2,7.789999999999999,1.4150239744272775,23.06,0.8682228915662651,44.0,86.83333333333337,115.53571428571429,5
2024-02-07,6,Fine Dining,Spaghetti Carbonara,Lunch,"spaghetti, eggs, cheese, beef bacon, black pepper",9.0,40.04,69.93,0,0,0,Sunny,2,0,7,2,29.890000000000008,1.7465034965034967,60.93000000000001,0.8712998712998713,121.0,125.00000000000007,132.38095238095238,5
2024-02-07,8,Casual Dining,Mushroom Soup,Lunch,"mushrooms, cream, onion, garlic, vegetable broth",3.5,9.46,22.99,18,0,0,Cloudy,2,0,7,2,13.529999999999998,2.4302325581395343,19.49,0.8477598956067856,44.0,86.83333333333337,115.53571428571429,5
2024-02-07,9,Casual Dining,Mushroom Soup,Dinner,"mushrooms, cream, onion, garlic, vegetable broth",3.5,10.89,22.54,109,0,0,Rainy,2,0,7,2,11.649999999999999,2.0697887970615243,19.04,0.84472049689441,44.0,86.83333333333337,115.53571428571429,5
2024-02-07,11,Food Stall,Kaya Toast Set,Breakfast,"white bread, kaya, butter, soft-boiled eggs",2.8,7.19,6.55,604,1,0,Sunny,2,0,7,2,-0.6400000000000006,0.9109874826147426,3.75,0.5725190839694657,453.0,440.3333333333333,497.7738095238096,4
2024-02-07,12,Cafe,Mushroom Soup,Dinner,"mushrooms, cream, onion, garlic, vegetable broth",3.5,14.9,18.5,0,0,0,Cloudy,2,0,7,2,3.5999999999999996,1.2416107382550334,15.0,0.8108108108108109,44.0,86.83333333333337,115.53571428571429,5
2024-02-07,15,Food Stall,Beef Rendang,Dinner,"beef, coconut milk, galangal, lemongrass, spices, chili",9.0,18.99,31.58,253,0,0,Sunny,2,0,7,2,12.59,1.6629805160610849,22.58,0.7150094996833438,54.5,105.0,122.5952380952381,6
2024-02-07,17,Food Stall,Laksa,Lunch,"rice noodles, fish broth, tamarind, shrimp paste, cucumber, mint",4.5,10.73,12.37,251,0,0,Sunny,2,0,7,2,1.6399999999999988,1.1528424976700837,7.869999999999999,0.6362166531932093,91.0,213.6666666666667,174.5,6
2024-02-07,18,Food Stall,Roti Canai,Breakfast,"flour, ghee, egg, water, curry",0.8,1.91,2.51,386,0,0,Sunny,2,0,7,2,0.5999999999999999,1.3141361256544501,1.7099999999999997,0.6812749003984063,283.0,502.16666666666674,405.42857142857144,5
2024-02-07,18,Food Stall,Roti Canai,Breakfast,"flour, ghee, egg, water, curry",0.8,2.0,2.56,363,0,0,Sunny,2,0,7,2,0.56,1.28,1.76,0.6875,283.0,502.16666666666674,405.42857142857144,5
2024-02-07,18,Food Stall,Tandoori Chicken,Dinner,"chicken, yogurt, tandoori masala, ginger, garlic",7.0,13.44,21.05,140,0,0,Rainy,2,0,7,2,7.610000000000001,1.5662202380952381,14.05,0.667458432304038,96.25,116.41666666666673,128.03571428571428,5
2024-02-07,20,Casual Dining,Beef Rendang,Dinner,"beef, coconut milk, galangal, lemongrass, spices, chili",9.0,28.25,52.32,0,0,0,Cloudy,2,0,7,2,24.07,1.8520353982300886,43.32,0.8279816513761468,54.5,105.0,122.5952380952381,6
2024-02-07,21,Casual Dining,Spaghetti Carbonara,Lunch,"spaghetti, eggs, cheese, beef bacon, black pepper",9.0,21.85,50.38,109,0,0,Sunny,2,0,7,2,28.53,2.305720823798627,41.38,0.8213576816196904,121.0,125.00000000000007,132.38095238095238,5
2024-02-07,25,Fine Dining,Spaghetti Carbonara,Dinner,"spaghetti, eggs, cheese, beef bacon, black pepper",9.0,40.15,62.94,92,0,0,Rainy,2,0,7,2,22.79,1.5676214196762142,53.94,0.8570066730219257,121.0,125.00000000000007,132.38095238095238,5
2024-02-07,27,Food Stall,Roti Canai,Breakfast,"flour, ghee, egg, water, curry",0.8,1.94,2.59,220,0,0,Sunny,2,0,7,2,0.6499999999999999,1.3350515463917525,1.7899999999999998,0.6911196911196911,283.0,502.16666666666674,405.42857142857144,5
2024-02-07,27,Food Stall,Roti Canai,Dinner,"flour, ghee, egg, water, curry",0.8,1.88,2.97,155,0,0,Sunny,2,0,7,2,1.0900000000000003,1.5797872340425534,2.17,0.7306397306397305,283.0,502.16666666666674,405.42857142857144,5
2024-02-07,27,Food Stall,Tandoori Chicken,Dinner,"chicken, yogurt, tandoori masala, ginger, garlic",7.0,16.61,26.82,195,0,0,Sunny,2,0,7,2,10.21,1.6146899458157737,19.82,0.7390007457121551,96.25,116.41666666666673,128.03571428571428,5
2024-02-07,28,Fine Dining,Beef Rendang,Lunch,"beef, coconut milk, galangal, lemongrass, spices, chili",9.0,39.05,68.79,160,0,0,Rainy,2,0,7,2,29.74000000000001,1.7615877080665816,59.790000000000006,0.8691670300915831,54.5,105.0,122.5952380952381,6
2024-02-07,28,Fine Dining,Chicken Chop,Lunch,"chicken thigh, black pepper sauce, fries, coleslaw",8.0,38.13,60.19,0,0,0,Rainy,2,0,7,2,22.059999999999995,1.5785470757933384,52.19,0.8670875560724373,155.0,171.55555555555557,129.45238095238096,4
2024-02-07,30,Cafe,Mushroom Soup,Dinner,"mushrooms, cream, onion, garlic, vegetable broth",3.5,14.85,20.39,52,0,0,Rainy,2,0,7,2,5.540000000000001,1.373063973063973,16.89,0.8283472290338402,44.0,86.83333333333337,115.53571428571429,5
2024-02-07,30,Cafe,Nasi Lemak,Lunch,"rice, coconut milk, sambal, anchovies, egg, peanuts",2.5,9.07,10.72,298,0,0,Sunny,2,0,7,2,1.6500000000000004,1.1819184123484014,8.22,0.7667910447761194,215.0,249.62222222222226,299.12380952380954,6
2024-02-07,30,Cafe,Nasi Lemak,Lunch,"rice, coconut milk, sambal, anchovies, egg, peanuts",2.5,8.53,9.68,176,0,0,Sunny,2,0,7,2,1.1500000000000004,1.134818288393904,7.18,0.7417355371900827,215.0,249.62222222222226,299.12380952380954,6
2024-02-07,32,Fine Dining,Chicken Chop,Lunch,"chicken thigh, black pepper sauce, fries, coleslaw",8.0,41.62,44.26,227,1,0,Sunny,2,0,7,2,2.6400000000000006,1.0634310427679001,36.26,0.8192498870311794,155.0,171.55555555555557,129.45238095238096,4
2024-02-07,33,Cafe,Kaya Toast Set,Breakfast,"white bread, kaya, butter, soft-boiled eggs",2.8,10.17,12.4,269,0,0,Rainy,2,0,7,2,2.2300000000000004,1.2192723697148475,9.600000000000001,0.7741935483870969,453.0,440.3333333333333,497.7738095238096,4
2024-02-07,33,Cafe,Kaya Toast Set,Breakfast,"white bread, kaya, butter, soft-boiled eggs",2.8,10.48,11.71,473,0,0,Rainy,2,0,7,2,1.2300000000000004,1.1173664122137406,8.91,0.7608881298035867,453.0,440.3333333333333,497.7738095238096,4
2024-02-07,36,Food Stall,Roti Canai,Breakfast,"flour, ghee, egg, water, curry",0.8,1.95,2.85,304,0,0,Rainy,2,0,7,2,0.9000000000000001,1.4615384615384617,2.05,0.719298245614035,283.0,502.16666666666674,405.42857142857144,5
2024-02-07,36,Food Stall,Roti Canai,Breakfast,"flour, ghee, egg, water, curry",0.8,1.67,1.42,584,1,0,Sunny,2,0,7,2,-0.25,0.8502994011976048,0.6199999999999999,0.4366197183098591,283.0,502.16666666666674,405.42857142857144,5
2024-02-07,38,Fine Dining,Nasi Lemak,Breakfast,"rice, coconut milk, sambal, anchovies, egg, peanuts",2.5,10.96,14.23,619,0,1,Sunny,2,0,7,2,3.2699999999999996,1.2983576642335766,11.73,0.8243148278285313,215.0,249.62222222222226,299.12380952380954,6
2024-02-07,39,Casual Dining,Cendol,Dinner,"rice flour jelly, coconut milk, palm sugar, red beans",2.0,6.23,11.31,142,0,0,Cloudy,2,0,7,2,5.08,1.8154093097913322,9.31,0.8231653404067197,248.2,283.76666666666665,261.4952380952381,4
2024-02-07,42,Fine Dining,Beef Rendang,Dinner,"beef, coconut milk, galangal, lemongrass, spices, chili",9.0,46.81,64.0,0,0,0,Rainy,2,0,7,2,17.189999999999998,1.3672292245246742,55.0,0.859375,54.5,105.0,122.5952380952381,6
2024-02-07,42,Fine Dining,Nasi Lemak,Breakfast,"rice, coconut milk, sambal, anchovies, egg, peanuts",2.5,12.47,15.69,287,0,0,Cloudy,2,0,7,2,3.219999999999999,1.2582197273456295,13.19,0.8406628425748884,215.0,249.62222222222226,299.12380952380954,6
2024-02-07,47,Food Stall,Cendol,Lunch,"rice flour jelly, coconut milk, palm sugar, red beans",2.0,4.2,8.01,147,0,0,Sunny,2,0,7,2,3.8099999999999996,1.907142857142857,6.01,0.7503121098626716,248.2,283.76666666666665,261.4952380952381,4
2024-02-08,3,Cafe,Cendol,Dinner,"rice flour jelly, coconut milk, palm sugar, red beans",2.0,8.47,7.79,132,0,0,Sunny,3,0,8,2,-0.6800000000000006,0.9197166469893742,5.79,0.7432605905006419,144.5,177.76666666666665,258.85238095238094,4
2024-02-08,3,Cafe,Kaya Toast Set,Breakfast,"white bread, kaya, butter, soft-boiled eggs",2.8,10.37,11.57,462,0,0,Rainy,3,0,8,2,1.200000000000001,1.1157184185149471,8.77,0.7579948141745894,448.6666666666667,432.22222222222223,505.91666666666663,4
2024-02-08,6,Fine Dining,Chicken Chop,Lunch,"chicken thigh, black pepper sauce, fries, coleslaw",8.0,40.88,31.23,393,1,0,Rainy,3,0,8,2,-9.650000000000002,0.7639432485322896,23.23,0.7438360550752482,96.0,119.8888888888889,132.30952380952382,4
2024-02-08,9,Casual Dining,Kaya Toast Set,Breakfast,"white bread, kaya, butter, soft-boiled eggs",2.8,7.52,11.94,419,0,0,Rainy,3,0,8,2,4.42,1.5877659574468086,9.14,0.765494137353434,448.6666666666667,432.22222222222223,505.91666666666663,4
2024-02-08,9,Casual Dining,Mushroom Soup,Dinner,"mushrooms, cream, onion, garlic, vegetable broth",3.5,11.94,19.96,2,0,0,Sunny,3,0,8,2,8.020000000000001,1.6716917922948076,16.46,0.8246492985971944,37.0,73.00000000000004,104.64285714285714,5
2024-02-08,12,Cafe,Beef Rendang,Lunch,"beef, coconut milk, galangal, lemongrass, spices, chili",9.0,27.34,39.19,131,0,0,Cloudy,3,0,8,2,11.849999999999998,1.4334308705193854,30.189999999999998,0.7703495789742281,103.25,81.41666666666667,120.53571428571429,6
2024-02-08,13,Food Stall,Kaya Toast Set,Breakfast,"white bread, kaya, butter, soft-boiled eggs",2.8,6.69,9.61,276,0,0,Cloudy,3,0,8,2,2.919999999999999,1.436472346786248,6.81,0.708636836628512,448.6666666666667,432.22222222222223,505.91666666666663,4
2024-02-08,14,Food Stall,Kaya Toast Set,Breakfast,"white bread, kaya, butter, soft-boiled eggs",2.8,5.38,11.13,226,0,0,Cloudy,3,0,8,2,5.750000000000001,2.068773234200744,8.330000000000002,0.748427672955975,448.6666666666667,432.22222222222223,505.91666666666663,4
2024-02-08,16,Food Stall,Roti Canai,Dinner,"flour, ghee, egg, water, curry",0.8,1.61,2.41,333,0,0,Sunny,3,0,8,2,0.8,1.4968944099378882,1.61,0.6680497925311203,335.3333333333333,393.61111111111114,423.9761904761905,5
2024-02-08,16,Food Stall,Tandoori Chicken,Dinner,"chicken, yogurt, tandoori masala, ginger, garlic",7.0,18.32,27.28,132,0,0,Rainy,3,0,8,2,8.96,1.4890829694323144,20.28,0.7434017595307918,167.5,145.25000000000006,138.03571428571428,5
2024-02-08,20,Casual Dining,Iced Lemon Tea,Dinner,"black tea, lemon, sugar syrup",1.2,4.14,5.88,201,0,0,Cloudy,3,0,8,2,1.7400000000000002,1.4202898550724639,4.68,0.7959183673469388,309.0,332.4444444444445,399.2380952380953,3
2024-02-08,20,Casual Dining,Spaghetti Carbonara,Dinner,"spaghetti, eggs, cheese, beef bacon, black pepper",9.0,25.22,46.29,70,0,0,Sunny,3,0,8,2,21.07,1.8354480570975418,37.29,0.8055735580038885,67.0,108.00000000000007,126.23809523809526,5
2024-02-08,23,Fine Dining,Chicken Chop,Dinner,"chicken thigh, black pepper sauce, fries, coleslaw",8.0,40.52,50.74,147,0,0,Cloudy,3,0,8,2,10.219999999999999,1.2522211253701876,42.74,0.8423334647221128,96.0,119.8888888888889,132.30952380952382,4
2024-02-08,23,Fine Dining,Spaghetti Carbonara,Lunch,"spaghetti, eggs, cheese, beef bacon, black pepper",9.0,38.66,74.45,52,0,0,Sunny,3,0,8,2,35.790000000000006,1.9257630625969997,65.45,0.8791134989926125,67.0,108.00000000000007,126.23809523809526,5
2024-02-08,28,Fine Dining,Beef Rendang,Dinner,"beef, coconut milk, galangal, lemongrass, spices, chili",9.0,50.0,72.38,0,0,0,Sunny,3,0,8,2,22.379999999999995,1.4476,63.379999999999995,0.875656258634982,103.25,81.41666666666667,120.53571428571429,6
2024-02-08,28,Fine Dining,Mushroom Soup,Lunch,"mushrooms, cream, onion, garlic, vegetable broth",3.5,16.06,32.13,98,0,0,Cloudy,3,0,8,2,16.070000000000004,2.000622665006227,28.630000000000003,0.8910675381263616,37.0,73.00000000000004,104.64285714285714,5
2024-02-08,31,Food Stall,Teh Tarik,Breakfast,"black tea, condensed milk, evaporated milk",0.9,1.87,1.81,1093,1,0,Sunny,3,0,8,2,-0.06000000000000005,0.9679144385026738,0.91,0.5027624309392266,446.75,627.2777777777778,623.6428571428571,3
2024-02-08,32,Fine Dining,Chicken Chop,Dinner,"chicken thigh, black pepper sauce, fries, coleslaw",8.0,37.24,57.15,130,0,0,Cloudy,3,0,8,2,19.909999999999997,1.5346401718582168,49.15,0.8600174978127734,96.0,119.8888888888889,132.30952380952382,4
2024-02-08,32,Fine Dining,Iced Lemon Tea,Lunch,"black tea, lemon, sugar syrup",1.2,5.01,8.33,312,0,0,Sunny,3,0,8,2,3.3200000000000003,1.662674650698603,7.13,0.8559423769507802,309.0,332.4444444444445,399.2380952380953,3
2024-02-08,33,Cafe,Teh Tarik,Dinner,"black tea, condensed milk, evaporated milk",0.9,3.07,3.61,444,0,0,Sunny,3,0,8,2,0.54,1.1758957654723128,2.71,0.7506925207756233,446.75,627.2777777777778,623.6428571428571,3
2024-02-08,34,Casual Dining,Kaya Toast Set,Breakfast,"white bread, kaya, butter, soft-boiled eggs",2.8,8.42,11.12,666,1,0,Sunny,3,0,8,2,2.6999999999999993,1.3206650831353919,8.32,0.748201438848921,448.6666666666667,432.22222222222223,505.91666666666663,4
2024-02-08,35,Food Stall,Cendol,Lunch,"rice flour jelly, coconut milk, palm sugar, red beans",2.0,4.61,7.16,366,0,1,Sunny,3,0,8,2,2.55,1.5531453362255965,5.16,0.7206703910614525,144.5,177.76666666666665,258.85238095238094,4
2024-02-08,35,Food Stall,Kaya Toast Set,Breakfast,"white bread, kaya, butter, soft-boiled eggs",2.8,6.35,7.52,399,0,0,Sunny,3,0,8,2,1.17,1.184251968503937,4.72,0.6276595744680851,448.6666666666667,432.22222222222223,505.91666666666663,4
2024-02-08,36,Food Stall,Roti Canai,Dinner,"flour, ghee, egg, water, curry",0.8,1.94,1.75,561,1,0,Cloudy,3,0,8,2,-0.18999999999999995,0.9020618556701031,0.95,0.5428571428571428,335.3333333333333,393.61111111111114,423.9761904761905,5
2024-02-08,38,Fine Dining,Spaghetti Carbonara,Dinner,"spaghetti, eggs, cheese, beef bacon, black pepper",9.0,48.75,82.92,0,0,0,Sunny,3,0,8,2,34.17,1.700923076923077,73.92,0.8914616497829233,67.0,108.00000000000007,126.23809523809526,5
2024-02-08,43,Casual Dining,Chicken Chop,Lunch,"chicken thigh, black pepper sauce, fries, coleslaw",8.0,25.36,39.61,147,0,0,Rainy,3,0,8,2,14.25,1.5619085173501577,31.61,0.7980308003029538,96.0,119.8888888888889,132.30952380952382,4
2024-02-08,46,Casual Dining,Cendol,Dinner,"rice flour jelly, coconut milk, palm sugar, red beans",2.0,5.79,5.6,382,1,0,Sunny,3,0,8,2,-0.1900000000000004,0.9671848013816925,3.5999999999999996,0.6428571428571428,144.5,177.76666666666665,258.85238095238094,4
2024-02-08,47,Food Stall,Teh Tarik,Lunch,"black tea, condensed milk, evaporated milk",0.9,1.97,1.63,643,1,0,Rainy,3,0,8,2,-0.3400000000000001,0.8274111675126903,0.7299999999999999,0.4478527607361963,446.75,627.2777777777778,623.6428571428571,3
2024-02-08,48,Casual Dining,Cendol,Lunch,"rice flour jelly, coconut milk, palm sugar, red beans",2.0,5.15,8.41,408,0,0,Sunny,3,0,8,2,3.26,1.6330097087378639,6.41,0.7621878715814506,144.5,177.76666666666665,258.85238095238094,4
2024-02-08,49,Kopitiam,Cendol,Dinner,"rice flour jelly, coconut milk, palm sugar, red beans",2.0,5.69,8.23,162,0,0,Cloudy,3,0,8,2,2.54,1.446397188049209,6.23,0.7569866342648846,144.5,177.76666666666665,258.85238095238094,4
2024-02-08,50,Food Stall,Roti Canai,Dinner,"flour, ghee, egg, water, curry",0.8,1.92,2.63,214,0,0,Rainy,3,0,8,2,0.71,1.3697916666666667,1.8299999999999998,0.6958174904942965,335.3333333333333,393.61111111111114,423.9761904761905,5
2024-02-09,2,Food Stall,Roti Canai,Breakfast,"flour, ghee, egg, water, curry",0.8,1.57,2.19,382,0,0,Sunny,4,0,9,2,0.6199999999999999,1.394904458598726,1.39,0.634703196347032,369.3333333333333,329.2222222222223,426.0238095238096,5
2024-02-09,3,Cafe,Iced Lemon Tea,Lunch,"black tea, lemon, sugar syrup",1.2,4.67,4.89,166,0,0,Sunny,4,0,9,2,0.21999999999999975,1.0471092077087794,3.6899999999999995,0.754601226993865,256.5,305.8333333333334,372.26190476190476,3
2024-02-09,6,Fine Dining,Spaghetti Carbonara,Dinner,"spaghetti, eggs, cheese, beef bacon, black pepper",9.0,46.39,75.96,96,0,0,Sunny,4,0,9,2,29.569999999999993,1.6374218581590858,66.96,0.8815165876777251,40.666666666666664,76.22222222222229,105.80952380952381,5
2024-02-09,7,Casual Dining,Spaghetti Carbonara,Dinner,"spaghetti, eggs, cheese, beef bacon, black pepper",9.0,26.28,48.46,3,0,0,Sunny,4,0,9,2,22.18,1.843987823439878,39.46,0.8142798184069335,40.666666666666664,76.22222222222229,105.80952380952381,5
2024-02-09,9,Casual Dining,Teh Tarik,Lunch,"black tea, condensed milk, evaporated milk",0.9,2.66,4.56,313,0,0,Cloudy,4,0,9,2,1.8999999999999995,1.714285714285714,3.6599999999999997,0.8026315789473685,726.6666666666666,605.25,662.9761904761905,3
2024-02-09,10,Fine Dining,Nasi Lemak,Breakfast,"rice, coconut milk, sambal, anchovies, egg, peanuts",2.5,9.97,12.59,467,1,0,Rainy,4,0,9,2,2.619999999999999,1.2627883650952858,10.09,0.8014297061159651,345.0,262.22222222222223,298.4809523809524,6
2024-02-09,14,Food Stall,Kaya Toast Set,Breakfast,"white bread, kaya, butter, soft-boiled eggs",2.8,6.23,8.25,539,0,1,Rainy,4,0,9,2,2.0199999999999996,1.3242375601926162,5.45,0.6606060606060606,408.0,436.5555555555556,512.7738095238095,4
2024-02-09,18,Food Stall,Roti Canai,Breakfast,"flour, ghee, egg, water, curry",0.8,1.99,2.29,371,0,0,Sunny,4,0,9,2,0.30000000000000004,1.150753768844221,1.49,0.6506550218340611,369.3333333333333,329.2222222222223,426.0238095238096,5
2024-02-09,18,Food Stall,Tandoori Chicken,Dinner,"chicken, yogurt, tandoori masala, ginger, garlic",7.0,14.43,30.04,54,0,0,Rainy,4,0,9,2,15.61,2.081774081774082,23.04,0.7669773635153129,132.0,131.9166666666667,120.75,5
2024-02-09,23,Fine Dining,Chicken Chop,Lunch,"chicken thigh, black pepper sauce, fries, coleslaw",8.0,44.19,55.83,197,0,0,Cloudy,4,0,9,2,11.64,1.2634080108621861,47.83,0.8567078631560093,204.25,151.75,145.20238095238096,4
2024-02-09,25,Fine Dining,Beef Rendang,Lunch,"beef, coconut milk, galangal, lemongrass, spices, chili",9.0,36.67,55.31,236,0,0,Sunny,4,0,9,2,18.64,1.5083174256885739,46.31,0.837280781052251,65.5,74.41666666666667,101.67857142857143,6
2024-02-09,26,Food Stall,Beef Rendang,Lunch,"beef, coconut milk, galangal, lemongrass, spices, chili",9.0,18.88,34.1,97,0,0,Rainy,4,0,9,2,15.220000000000002,1.8061440677966103,25.1,0.7360703812316716,65.5,74.41666666666667,101.67857142857143,6
2024-02-09,26,Food Stall,Beef Rendang,Lunch,"beef, coconut milk, galangal, lemongrass, spices, chili",9.0,15.92,28.36,186,0,0,Rainy,4,0,9,2,12.44,1.7814070351758793,19.36,0.6826516220028208,65.5,74.41666666666667,101.67857142857143,6
2024-02-09,26,Food Stall,Kaya Toast Set,Breakfast,"white bread, kaya, butter, soft-boiled eggs",2.8,6.9,10.95,208,0,0,Sunny,4,0,9,2,4.049999999999999,1.5869565217391302,8.149999999999999,0.7442922374429223,408.0,436.5555555555556,512.7738095238095,4
2024-02-09,26,Food Stall,Kaya Toast Set,Breakfast,"white bread, kaya, butter, soft-boiled eggs",2.8,6.0,9.01,293,0,1,Rainy,4,0,9,2,3.01,1.5016666666666667,6.21,0.6892341842397336,408.0,436.5555555555556,512.7738095238095,4
2024-02-09,27,Food Stall,Tandoori Chicken,Dinner,"chicken, yogurt, tandoori masala, ginger, garlic",7.0,13.82,27.05,18,0,0,Cloudy,4,0,9,2,13.23,1.9573082489146165,20.05,0.7412199630314233,132.0,131.9166666666667,120.75,5
2024-02-09,29,Food Stall,Kaya Toast Set,Breakfast,"white bread, kaya, butter, soft-boiled eggs",2.8,6.29,8.84,226,0,0,Sunny,4,0,9,2,2.55,1.4054054054054055,6.04,0.6832579185520362,408.0,436.5555555555556,512.7738095238095,4
2024-02-09,33,Cafe,Chicken Chop,Lunch,"chicken thigh, black pepper sauce, fries, coleslaw",8.0,23.85,39.45,200,0,0,Cloudy,4,0,9,2,15.600000000000001,1.6540880503144655,31.450000000000003,0.7972116603295311,204.25,151.75,145.20238095238096,4
2024-02-09,37,Food Stall,Cendol,Dinner,"rice flour jelly, coconut milk, palm sugar, red beans",2.0,3.52,7.05,88,0,0,Rainy,4,0,9,2,3.53,2.002840909090909,5.05,0.7163120567375887,290.0,227.56666666666663,250.42380952380952,4
2024-02-09,38,Fine Dining,Mushroom Soup,Dinner,"mushrooms, cream, onion, garlic, vegetable broth",3.5,17.04,27.66,14,0,0,Sunny,4,0,9,2,10.620000000000001,1.6232394366197185,24.16,0.8734634851771511,50.0,43.66666666666671,81.07142857142857,5
2024-02-09,39,Casual Dining,Beef Rendang,Dinner,"beef, coconut milk, galangal, lemongrass, spices, chili",9.0,26.28,55.35,14,0,0,Sunny,4,0,9,2,29.07,2.106164383561644,46.35,0.8373983739837398,65.5,74.41666666666667,101.67857142857143,6
2024-02-09,42,Fine Dining,Spaghetti Carbonara,Lunch,"spaghetti, eggs, cheese, beef bacon, black pepper",9.0,54.49,64.95,66,1,0,Rainy,4,0,9,2,10.46,1.1919618278583226,55.95,0.8614318706697459,40.666666666666664,76.22222222222229,105.80952380952381,5
2024-02-10,3,Cafe,Beef Rendang,Dinner,"beef, coconut milk, galangal, lemongrass, spices, chili",9.0,29.13,47.65,21,0,0,Rainy,5,1,10,2,18.52,1.6357706831445245,38.65,0.8111227701993704,133.25,100.66666666666667,105.21428571428571,6
2024-02-10,5,Cafe,Spaghetti Carbonara,Dinner,"spaghetti, eggs, cheese, beef bacon, black pepper",9.0,28.52,47.48,0,0,0,Sunny,5,1,10,2,18.959999999999997,1.6647966339410938,38.48,0.8104465037910699,55.0,54.222222222222285,100.09523809523809,5
2024-02-10,6,Fine Dining,Mushroom Soup,Lunch,"mushrooms, cream, onion, garlic, vegetable broth",3.5,17.96,27.17,32,0,0,Rainy,5,1,10,2,9.21,1.5128062360801782,23.67,0.8711814501288185,14.0,33.66666666666671,68.5,5
2024-02-10,7,Casual Dining,Cendol,Lunch,"rice flour jelly, coconut milk, palm sugar, red beans",2.0,6.07,11.08,228,0,1,Sunny,5,1,10,2,5.01,1.8253706754530477,9.08,0.8194945848375451,88.0,174.16666666666666,243.13809523809525,4
2024-02-10,8,Casual Dining,Chicken Chop,Lunch,"chicken thigh, black pepper sauce, fries, coleslaw",8.0,23.57,47.01,0,0,0,Rainy,5,1,10,2,23.439999999999998,1.9944845142129826,39.01,0.8298234418208892,198.5,166.25,151.63095238095238,4
2024-02-10,8,Casual Dining,Kaya Toast Set,Breakfast,"white bread, kaya, butter, soft-boiled eggs",2.8,8.55,10.83,555,0,0,Cloudy,5,1,10,2,2.2799999999999994,1.2666666666666666,8.030000000000001,0.7414589104339798,316.5,391.0555555555556,471.4523809523809,4
2024-02-10,9,Casual Dining,Beef Rendang,Dinner,"beef, coconut milk, galangal, lemongrass, spices, chili",9.0,23.57,28.92,249,1,0,Cloudy,5,1,10,2,5.350000000000001,1.226983453542639,19.92,0.6887966804979253,133.25,100.66666666666667,105.21428571428571,6
2024-02-10,14,Food Stall,Teh Tarik,Breakfast,"black tea, condensed milk, evaporated milk",0.9,1.86,3.01,741,0,0,Sunny,5,1,10,2,1.1499999999999997,1.618279569892473,2.11,0.7009966777408638,313.0,495.47222222222234,598.8333333333333,3
2024-02-10,16,Food Stall,Tandoori Chicken,Dinner,"chicken, yogurt, tandoori masala, ginger, garlic",7.0,13.98,15.89,280,1,0,Sunny,5,1,10,2,1.9100000000000001,1.136623748211731,8.89,0.5594713656387665,36.0,111.83333333333339,101.39285714285714,5
2024-02-10,17,Food Stall,Teh Tarik,Lunch,"black tea, condensed milk, evaporated milk",0.9,1.78,2.83,617,0,0,Cloudy,5,1,10,2,1.05,1.5898876404494382,1.9300000000000002,0.6819787985865725,313.0,495.47222222222234,598.8333333333333,3
2024-02-10,19,Casual Dining,Char Kway Teow,Dinner,"flat rice noodles, prawns, cockles, bean sprouts, chives, soy sauce",5.0,17.23,23.9,174,0,0,Sunny,5,1,10,2,6.669999999999998,1.38711549622751,18.9,0.7907949790794979,342.0,287.6666666666667,256.57142857142856,6
2024-02-10,21,Casual Dining,Iced Lemon Tea,Dinner,"black tea, lemon, sugar syrup",1.2,3.67,4.78,418,0,0,Sunny,5,1,10,2,1.1100000000000003,1.3024523160762944,3.58,0.7489539748953975,166.0,243.8333333333334,353.26190476190476,3
2024-02-10,21,Casual Dining,Kaya Toast Set,Breakfast,"white bread, kaya, butter, soft-boiled eggs",2.8,9.41,10.87,459,0,0,Cloudy,5,1,10,2,1.459999999999999,1.1551540913921359,8.07,0.7424103035878565,316.5,391.0555555555556,471.4523809523809,4
2024-02-10,22,Food Stall,Roti Canai,Breakfast,"flour, ghee, egg, water, curry",0.8,1.55,2.54,743,0,0,Sunny,5,1,10,2,0.99,1.6387096774193548,1.74,0.6850393700787402,376.5,360.38888888888897,410.09523809523813,5
2024-02-10,22,Food Stall,Tandoori Chicken,Dinner,"chicken, yogurt, tandoori masala, ginger, garlic",7.0,15.26,26.21,109,0,0,Cloudy,5,1,10,2,10.950000000000001,1.7175622542595022,19.21,0.7329263639832125,36.0,111.83333333333339,101.39285714285714,5
2024-02-10,25,Fine Dining,Iced Lemon Tea,Dinner,"black tea, lemon, sugar syrup",1.2,6.31,7.07,509,0,0,Sunny,5,1,10,2,0.7600000000000007,1.1204437400950873,5.87,0.8302687411598303,166.0,243.8333333333334,353.26190476190476,3
2024-02-10,27,Food Stall,Tandoori Chicken,Dinner,"chicken, yogurt, tandoori masala, ginger, garlic",7.0,15.48,26.99,145,0,0,Sunny,5,1,10,2,11.509999999999998,1.7435400516795865,19.99,0.740644683216006,36.0,111.83333333333339,101.39285714285714,5
2024-02-10,28,Fine Dining,Beef Rendang,Dinner,"beef, coconut milk, galangal, lemongrass, spices, chili",9.0,40.59,56.19,363,0,0,Sunny,5,1,10,2,15.599999999999994,1.3843311160384328,47.19,0.8398291510945008,133.25,100.66666666666667,105.21428571428571,6
2024-02-10,28,Fine Dining,Nasi Lemak,Lunch,"rice, coconut milk, sambal, anchovies, egg, peanuts",2.5,14.65,17.61,345,0,0,Rainy,5,1,10,2,2.959999999999999,1.2020477815699657,15.11,0.8580352072685974,467.0,342.3333333333334,295.12380952380954,6
2024-02-10,29,Food Stall,Cendol,Lunch,"rice flour jelly, coconut milk, palm sugar, red beans",2.0,3.96,5.4,314,0,0,Sunny,5,1,10,2,1.4400000000000004,1.3636363636363638,3.4000000000000004,0.6296296296296297,88.0,174.16666666666666,243.13809523809525,4
2024-02-10,31,Food Stall,Teh Tarik,Lunch,"black tea, condensed milk, evaporated milk",0.9,2.21,2.48,727,0,0,Sunny,5,1,10,2,0.27,1.1221719457013575,1.58,0.6370967741935484,313.0,495.47222222222234,598.8333333333333,3
2024-02-10,32,Fine Dining,Spaghetti Carbonara,Lunch,"spaghetti, eggs, cheese, beef bacon, black pepper",9.0,36.52,48.23,350,1,0,Cloudy,5,1,10,2,11.709999999999994,1.3206462212486307,39.23,0.8133941530167945,55.0,54.222222222222285,100.09523809523809,5
2024-02-10,33,Cafe,Mushroom Soup,Dinner,"mushrooms, cream, onion, garlic, vegetable broth",3.5,12.96,12.98,61,1,0,Sunny,5,1,10,2,0.019999999999999574,1.001543209876543,9.48,0.7303543913713405,14.0,33.66666666666671,68.5,5
2024-02-10,35,Food Stall,Cendol,Dinner,"rice flour jelly, coconut milk, palm sugar, red beans",2.0,4.54,7.08,209,0,1,Cloudy,5,1,10,2,2.54,1.5594713656387664,5.08,0.7175141242937854,88.0,174.16666666666666,243.13809523809525,4
2024-02-10,36,Food Stall,Roti Canai,Breakfast,"flour, ghee, egg, water, curry",0.8,1.99,1.9,824,1,0,Cloudy,5,1,10,2,-0.09000000000000008,0.9547738693467336,1.0999999999999999,0.5789473684210525,376.5,360.38888888888897,410.09523809523813,5
2024-02-10,36,Food Stall,Roti Canai,Dinner,"flour, ghee, egg, water, curry",0.8,1.85,2.54,307,0,0,Cloudy,5,1,10,2,0.69,1.372972972972973,1.74,0.6850393700787402,376.5,360.38888888888897,410.09523809523813,5
2024-02-10,38,Fine Dining,Iced Lemon Tea,Lunch,"black tea, lemon, sugar syrup",1.2,6.45,7.73,370,0,0,Cloudy,5,1,10,2,1.2800000000000002,1.1984496124031008,6.53,0.8447606727037515,166.0,243.8333333333334,353.26190476190476,3
2024-02-10,39,Casual Dining,Mushroom Soup,Lunch,"mushrooms, cream, onion, garlic, vegetable broth",3.5,9.49,19.66,171,0,0,Sunny,5,1,10,2,10.17,2.071654373024236,16.16,0.8219735503560529,14.0,33.66666666666671,68.5,5
2024-02-10,40,Food Stall,Teh Tarik,Lunch,"black tea, condensed milk, evaporated milk",0.9,2.13,2.87,670,0,0,Sunny,5,1,10,2,0.7400000000000002,1.347417840375587,1.9700000000000002,0.686411149825784,313.0,495.47222222222234,598.8333333333333,3
2024-02-10,41,Cafe,Kaya Toast Set,Breakfast,"white bread, kaya, butter, soft-boiled eggs",2.8,10.18,10.96,448,0,0,Cloudy,5,1,10,2,0.7800000000000011,1.076620825147348,8.16,0.7445255474452555,316.5,391.0555555555556,471.4523809523809,4
2024-02-10,41,Cafe,Mushroom Soup,Lunch,"mushrooms, cream, onion, garlic, vegetable broth",3.5,12.2,16.59,97,0,0,Sunny,5,1,10,2,4.390000000000001,1.3598360655737705,13.09,0.7890295358649789,14.0,33.66666666666671,68.5,5
2024-02-10,43,Casual Dining,Kaya Toast Set,Breakfast,"white bread, kaya, butter, soft-boiled eggs",2.8,8.09,13.98,528,0,0,Rainy,5,1,10,2,5.890000000000001,1.7280593325092708,11.18,0.7997138769670958,316.5,391.0555555555556,471.4523809523809,4
2024-02-10,43,Casual Dining,Mushroom Soup,Dinner,"mushrooms, cream, onion, garlic, vegetable broth",3.5,10.01,12.95,129,1,0,Sunny,5,1,10,2,2.9399999999999995,1.2937062937062938,9.45,0.7297297297297297,14.0,33.66666666666671,68.5,5
2024-02-10,46,Casual Dining,Chicken Chop,Dinner,"chicken thigh, black pepper sauce, fries, coleslaw",8.0,28.12,50.28,106,0,0,Sunny,5,1,10,2,22.16,1.7880512091038407,42.28,0.8408910103420844,198.5,166.25,151.63095238095238,4
2024-02-10,47,Food Stall,Kaya Toast Set,Breakfast,"white bread, kaya, butter, soft-boiled eggs",2.8,6.67,7.34,545,0,0,Cloudy,5,1,10,2,0.6699999999999999,1.1004497751124438,4.54,0.6185286103542235,316.5,391.0555555555556,471.4523809523809,4
